sample_id,sample_role,condition,spectrum_file,relative_path,filter_label,filter_nm,bin_start_nm,bin_end_nm,bin_center_nm,mean_intensity_10nm,median_intensity_10nm,std_intensity_10nm,points_in_bin
in cutie\frunza sanatoasa dar galbena,leaf_sample,healthy_yellow,532.txt,in cutie\frunza sanatoasa dar galbena\spectru\532.txt,532,532,180.0,190.0,188.705167,-112.688333,-99.245,32.846916,6.0
in cutie\frunza sanatoasa dar galbena,leaf_sample,healthy_yellow,532.txt,in cutie\frunza sanatoasa dar galbena\spectru\532.txt,532,532,190.0,200.0,194.959762,51.328095,10.4,123.15148,21.0
in cutie\frunza sanatoasa dar galbena,leaf_sample,healthy_yellow,532.txt,in cutie\frunza sanatoasa dar galbena\spectru\532.txt,532,532,200.0,210.0,204.905818,312.980909,316.65,44.84183,22.0
in cutie\frunza sanatoasa dar galbena,leaf_sample,healthy_yellow,532.txt,in cutie\frunza sanatoasa dar galbena\spectru\532.txt,532,532,210.0,220.0,215.0625,301.753182,296.48,35.120999,22.0
in cutie\frunza sanatoasa dar galbena,leaf_sample,healthy_yellow,532.txt,in cutie\frunza sanatoasa dar galbena\spectru\532.txt,532,532,220.0,230.0,224.968333,295.462381,287.66,35.27893,21.0
in cutie\frunza sanatoasa dar galbena,leaf_sample,healthy_yellow,532.txt,in cutie\frunza sanatoasa dar galbena\spectru\532.txt,532,532,230.0,240.0,234.853682,307.825,302.78,27.242037,22.0
in cutie\frunza sanatoasa dar galbena,leaf_sample,healthy_yellow,532.txt,in cutie\frunza sanatoasa dar galbena\spectru\532.txt,532,532,240.0,250.0,244.948455,314.241818,305.3,74.887149,22.0
in cutie\frunza sanatoasa dar galbena,leaf_sample,healthy_yellow,532.txt,in cutie\frunza sanatoasa dar galbena\spectru\532.txt,532,532,250.0,260.0,255.021727,299.805,301.52,27.345808,22.0
in cutie\frunza sanatoasa dar galbena,leaf_sample,healthy_yellow,532.txt,in cutie\frunza sanatoasa dar galbena\spectru\532.txt,532,532,260.0,270.0,265.073818,303.242727,296.48,27.649272,22.0
in cutie\frunza sanatoasa dar galbena,leaf_sample,healthy_yellow,532.txt,in cutie\frunza sanatoasa dar galbena\spectru\532.txt,532,532,270.0,280.0,275.104455,291.671364,290.18,38.87623,22.0
in cutie\frunza sanatoasa dar galbena,leaf_sample,healthy_yellow,532.txt,in cutie\frunza sanatoasa dar galbena\spectru\532.txt,532,532,280.0,290.0,285.113545,301.981818,299.0,37.512878,22.0
in cutie\frunza sanatoasa dar galbena,leaf_sample,healthy_yellow,532.txt,in cutie\frunza sanatoasa dar galbena\spectru\532.txt,532,532,290.0,300.0,295.101045,304.845,295.22,30.462051,22.0
in cutie\frunza sanatoasa dar galbena,leaf_sample,healthy_yellow,532.txt,in cutie\frunza sanatoasa dar galbena\spectru\532.txt,532,532,300.0,310.0,305.066727,308.627727,310.345,46.437068,22.0
in cutie\frunza sanatoasa dar galbena,leaf_sample,healthy_yellow,532.txt,in cutie\frunza sanatoasa dar galbena\spectru\532.txt,532,532,310.0,320.0,315.010682,314.355909,319.17,25.790679,22.0
in cutie\frunza sanatoasa dar galbena,leaf_sample,healthy_yellow,532.txt,in cutie\frunza sanatoasa dar galbena\spectru\532.txt,532,532,320.0,330.0,324.932818,314.585455,311.61,28.367862,22.0
in cutie\frunza sanatoasa dar galbena,leaf_sample,healthy_yellow,532.txt,in cutie\frunza sanatoasa dar galbena\spectru\532.txt,532,532,330.0,340.0,334.832955,308.283182,306.565,22.164463,22.0
in cutie\frunza sanatoasa dar galbena,leaf_sample,healthy_yellow,532.txt,in cutie\frunza sanatoasa dar galbena\spectru\532.txt,532,532,340.0,350.0,344.935087,324.922609,317.91,48.387614,23.0
in cutie\frunza sanatoasa dar galbena,leaf_sample,healthy_yellow,532.txt,in cutie\frunza sanatoasa dar galbena\spectru\532.txt,532,532,350.0,360.0,355.014136,331.885,324.21,38.208842,22.0
in cutie\frunza sanatoasa dar galbena,leaf_sample,healthy_yellow,532.txt,in cutie\frunza sanatoasa dar galbena\spectru\532.txt,532,532,360.0,370.0,365.069739,304.976957,312.87,34.865592,23.0
in cutie\frunza sanatoasa dar galbena,leaf_sample,healthy_yellow,532.txt,in cutie\frunza sanatoasa dar galbena\spectru\532.txt,532,532,370.0,380.0,375.102227,311.376364,306.565,33.42785,22.0
in cutie\frunza sanatoasa dar galbena,leaf_sample,healthy_yellow,532.txt,in cutie\frunza sanatoasa dar galbena\spectru\532.txt,532,532,380.0,390.0,385.110913,323.716087,322.95,53.986647,23.0
in cutie\frunza sanatoasa dar galbena,leaf_sample,healthy_yellow,532.txt,in cutie\frunza sanatoasa dar galbena\spectru\532.txt,532,532,390.0,400.0,395.096045,324.438182,330.51,34.947042,22.0
in cutie\frunza sanatoasa dar galbena,leaf_sample,healthy_yellow,532.txt,in cutie\frunza sanatoasa dar galbena\spectru\532.txt,532,532,400.0,410.0,405.057435,314.40087,312.87,36.228781,23.0
in cutie\frunza sanatoasa dar galbena,leaf_sample,healthy_yellow,532.txt,in cutie\frunza sanatoasa dar galbena\spectru\532.txt,532,532,410.0,420.0,414.995091,326.385455,327.99,44.14798,22.0
in cutie\frunza sanatoasa dar galbena,leaf_sample,healthy_yellow,532.txt,in cutie\frunza sanatoasa dar galbena\spectru\532.txt,532,532,420.0,430.0,424.908696,309.47,310.35,35.519764,23.0
in cutie\frunza sanatoasa dar galbena,leaf_sample,healthy_yellow,532.txt,in cutie\frunza sanatoasa dar galbena\spectru\532.txt,532,532,430.0,440.0,435.01787,315.935217,315.39,36.329344,23.0
in cutie\frunza sanatoasa dar galbena,leaf_sample,healthy_yellow,532.txt,in cutie\frunza sanatoasa dar galbena\spectru\532.txt,532,532,440.0,450.0,445.101783,332.483913,333.03,33.970929,23.0
in cutie\frunza sanatoasa dar galbena,leaf_sample,healthy_yellow,532.txt,in cutie\frunza sanatoasa dar galbena\spectru\532.txt,532,532,450.0,460.0,455.160348,322.839565,320.43,35.15822,23.0
in cutie\frunza sanatoasa dar galbena,leaf_sample,healthy_yellow,532.txt,in cutie\frunza sanatoasa dar galbena\spectru\532.txt,532,532,460.0,470.0,465.193435,323.606522,330.51,29.407279,23.0
in cutie\frunza sanatoasa dar galbena,leaf_sample,healthy_yellow,532.txt,in cutie\frunza sanatoasa dar galbena\spectru\532.txt,532,532,470.0,480.0,475.201,338.182174,330.51,31.009071,23.0
in cutie\frunza sanatoasa dar galbena,leaf_sample,healthy_yellow,532.txt,in cutie\frunza sanatoasa dar galbena\spectru\532.txt,532,532,480.0,490.0,485.182913,322.948261,322.95,31.472946,23.0
in cutie\frunza sanatoasa dar galbena,leaf_sample,healthy_yellow,532.txt,in cutie\frunza sanatoasa dar galbena\spectru\532.txt,532,532,490.0,500.0,495.139043,321.305217,322.95,30.022641,23.0
in cutie\frunza sanatoasa dar galbena,leaf_sample,healthy_yellow,532.txt,in cutie\frunza sanatoasa dar galbena\spectru\532.txt,532,532,500.0,510.0,505.069348,326.236522,330.51,35.957559,23.0
in cutie\frunza sanatoasa dar galbena,leaf_sample,healthy_yellow,532.txt,in cutie\frunza sanatoasa dar galbena\spectru\532.txt,532,532,510.0,520.0,514.973652,339.935652,345.63,31.430258,23.0
in cutie\frunza sanatoasa dar galbena,leaf_sample,healthy_yellow,532.txt,in cutie\frunza sanatoasa dar galbena\spectru\532.txt,532,532,520.0,530.0,525.066167,362.9625,372.1,38.675121,24.0
in cutie\frunza sanatoasa dar galbena,leaf_sample,healthy_yellow,532.txt,in cutie\frunza sanatoasa dar galbena\spectru\532.txt,532,532,530.0,540.0,535.131478,410.511304,416.21,40.761471,23.0
in cutie\frunza sanatoasa dar galbena,leaf_sample,healthy_yellow,532.txt,in cutie\frunza sanatoasa dar galbena\spectru\532.txt,532,532,540.0,550.0,544.956,436.265217,438.9,40.571959,23.0
in cutie\frunza sanatoasa dar galbena,leaf_sample,healthy_yellow,532.txt,in cutie\frunza sanatoasa dar galbena\spectru\532.txt,532,532,550.0,560.0,554.966667,401.822083,398.57,33.307439,24.0
in cutie\frunza sanatoasa dar galbena,leaf_sample,healthy_yellow,532.txt,in cutie\frunza sanatoasa dar galbena\spectru\532.txt,532,532,560.0,570.0,564.949739,317.687391,325.47,27.709935,23.0
in cutie\frunza sanatoasa dar galbena,leaf_sample,healthy_yellow,532.txt,in cutie\frunza sanatoasa dar galbena\spectru\532.txt,532,532,570.0,580.0,574.905,337.652083,338.07,30.495788,24.0
in cutie\frunza sanatoasa dar galbena,leaf_sample,healthy_yellow,532.txt,in cutie\frunza sanatoasa dar galbena\spectru\532.txt,532,532,580.0,590.0,585.043208,325.78375,325.47,30.449936,24.0
in cutie\frunza sanatoasa dar galbena,leaf_sample,healthy_yellow,532.txt,in cutie\frunza sanatoasa dar galbena\spectru\532.txt,532,532,590.0,600.0,595.152042,337.126667,338.07,30.139286,24.0
in cutie\frunza sanatoasa dar galbena,leaf_sample,healthy_yellow,532.txt,in cutie\frunza sanatoasa dar galbena\spectru\532.txt,532,532,600.0,610.0,605.02213,320.756957,325.47,32.212354,23.0
in cutie\frunza sanatoasa dar galbena,leaf_sample,healthy_yellow,532.txt,in cutie\frunza sanatoasa dar galbena\spectru\532.txt,532,532,610.0,620.0,614.863458,326.1,330.51,32.801993,24.0
in cutie\frunza sanatoasa dar galbena,leaf_sample,healthy_yellow,532.txt,in cutie\frunza sanatoasa dar galbena\spectru\532.txt,532,532,620.0,630.0,624.885125,311.500833,306.565,22.813466,24.0
in cutie\frunza sanatoasa dar galbena,leaf_sample,healthy_yellow,532.txt,in cutie\frunza sanatoasa dar galbena\spectru\532.txt,532,532,630.0,640.0,634.876917,333.765833,333.03,38.643701,24.0
in cutie\frunza sanatoasa dar galbena,leaf_sample,healthy_yellow,532.txt,in cutie\frunza sanatoasa dar galbena\spectru\532.txt,532,532,640.0,650.0,644.83875,328.934167,331.77,43.015365,24.0
in cutie\frunza sanatoasa dar galbena,leaf_sample,healthy_yellow,532.txt,in cutie\frunza sanatoasa dar galbena\spectru\532.txt,532,532,650.0,660.0,654.97728,321.7392,322.95,26.714333,25.0
in cutie\frunza sanatoasa dar galbena,leaf_sample,healthy_yellow,532.txt,in cutie\frunza sanatoasa dar galbena\spectru\532.txt,532,532,660.0,670.0,665.084458,322.423333,329.25,37.159461,24.0
in cutie\frunza sanatoasa dar galbena,leaf_sample,healthy_yellow,532.txt,in cutie\frunza sanatoasa dar galbena\spectru\532.txt,532,532,670.0,680.0,674.95475,319.7975,321.69,40.147118,24.0
in cutie\frunza sanatoasa dar galbena,leaf_sample,healthy_yellow,532.txt,in cutie\frunza sanatoasa dar galbena\spectru\532.txt,532,532,680.0,690.0,684.9992,329.9056,325.47,35.159962,25.0
in cutie\frunza sanatoasa dar galbena,leaf_sample,healthy_yellow,532.txt,in cutie\frunza sanatoasa dar galbena\spectru\532.txt,532,532,690.0,700.0,695.012,339.3325,333.03,34.652607,24.0
in cutie\frunza sanatoasa dar galbena,leaf_sample,healthy_yellow,532.txt,in cutie\frunza sanatoasa dar galbena\spectru\532.txt,532,532,700.0,710.0,704.99268,327.0828,327.99,30.371872,25.0
in cutie\frunza sanatoasa dar galbena,leaf_sample,healthy_yellow,532.txt,in cutie\frunza sanatoasa dar galbena\spectru\532.txt,532,532,710.0,720.0,714.9415,325.680417,320.43,35.001519,24.0
in cutie\frunza sanatoasa dar galbena,leaf_sample,healthy_yellow,532.txt,in cutie\frunza sanatoasa dar galbena\spectru\532.txt,532,532,720.0,730.0,724.85784,324.764,322.95,29.51992,25.0
in cutie\frunza sanatoasa dar galbena,leaf_sample,healthy_yellow,532.txt,in cutie\frunza sanatoasa dar galbena\spectru\532.txt,532,532,730.0,740.0,734.94336,331.62,327.99,34.310269,25.0
in cutie\frunza sanatoasa dar galbena,leaf_sample,healthy_yellow,532.txt,in cutie\frunza sanatoasa dar galbena\spectru\532.txt,532,532,740.0,750.0,744.99528,330.712,327.99,33.024861,25.0
in cutie\frunza sanatoasa dar galbena,leaf_sample,healthy_yellow,532.txt,in cutie\frunza sanatoasa dar galbena\spectru\532.txt,532,532,750.0,760.0,755.01288,311.7584,312.87,32.694646,25.0
in cutie\frunza sanatoasa dar galbena,leaf_sample,healthy_yellow,532.txt,in cutie\frunza sanatoasa dar galbena\spectru\532.txt,532,532,760.0,770.0,764.99664,328.2928,338.07,32.649616,25.0
in cutie\frunza sanatoasa dar galbena,leaf_sample,healthy_yellow,532.txt,in cutie\frunza sanatoasa dar galbena\spectru\532.txt,532,532,770.0,780.0,774.94604,319.1172,322.95,31.255423,25.0
in cutie\frunza sanatoasa dar galbena,leaf_sample,healthy_yellow,532.txt,in cutie\frunza sanatoasa dar galbena\spectru\532.txt,532,532,780.0,790.0,784.86132,314.7824,312.87,33.554577,25.0
in cutie\frunza sanatoasa dar galbena,leaf_sample,healthy_yellow,532.txt,in cutie\frunza sanatoasa dar galbena\spectru\532.txt,532,532,790.0,800.0,794.938962,332.352308,326.73,40.909989,26.0
in cutie\frunza sanatoasa dar galbena,leaf_sample,healthy_yellow,532.txt,in cutie\frunza sanatoasa dar galbena\spectru\532.txt,532,532,800.0,810.0,804.98072,315.5884,312.87,36.899282,25.0
in cutie\frunza sanatoasa dar galbena,leaf_sample,healthy_yellow,532.txt,in cutie\frunza sanatoasa dar galbena\spectru\532.txt,532,532,810.0,820.0,814.986231,325.274615,314.13,35.611556,26.0
in cutie\frunza sanatoasa dar galbena,leaf_sample,healthy_yellow,532.txt,in cutie\frunza sanatoasa dar galbena\spectru\532.txt,532,532,820.0,830.0,824.95548,333.0312,343.11,39.687668,25.0
in cutie\frunza sanatoasa dar galbena,leaf_sample,healthy_yellow,532.txt,in cutie\frunza sanatoasa dar galbena\spectru\532.txt,532,532,830.0,840.0,834.888115,330.800769,329.25,36.180123,26.0
in cutie\frunza sanatoasa dar galbena,leaf_sample,healthy_yellow,532.txt,in cutie\frunza sanatoasa dar galbena\spectru\532.txt,532,532,840.0,850.0,844.977846,333.03,336.81,33.694081,26.0
in cutie\frunza sanatoasa dar galbena,leaf_sample,healthy_yellow,532.txt,in cutie\frunza sanatoasa dar galbena\spectru\532.txt,532,532,850.0,860.0,855.029308,318.781154,314.13,28.567686,26.0
in cutie\frunza sanatoasa dar galbena,leaf_sample,healthy_yellow,532.txt,in cutie\frunza sanatoasa dar galbena\spectru\532.txt,532,532,860.0,870.0,865.042308,342.823077,339.33,34.829836,26.0
in cutie\frunza sanatoasa dar galbena,leaf_sample,healthy_yellow,532.txt,in cutie\frunza sanatoasa dar galbena\spectru\532.txt,532,532,870.0,880.0,875.016731,339.430769,330.51,37.946353,26.0
in cutie\frunza sanatoasa dar galbena,leaf_sample,healthy_yellow,532.txt,in cutie\frunza sanatoasa dar galbena\spectru\532.txt,532,532,880.0,890.0,884.952385,334.388462,339.33,33.920111,26.0
in cutie\frunza sanatoasa dar galbena,leaf_sample,healthy_yellow,532.txt,in cutie\frunza sanatoasa dar galbena\spectru\532.txt,532,532,890.0,900.0,895.039037,349.461852,325.47,176.906801,27.0
in cutie\frunza sanatoasa dar galbena,leaf_sample,healthy_yellow,532.txt,in cutie\frunza sanatoasa dar galbena\spectru\532.txt,532,532,900.0,910.0,905.085308,329.831538,336.81,38.153135,26.0
in cutie\frunza sanatoasa dar galbena,leaf_sample,healthy_yellow,532.txt,in cutie\frunza sanatoasa dar galbena\spectru\532.txt,532,532,910.0,920.0,915.090519,311.56,310.35,28.634696,27.0
in cutie\frunza sanatoasa dar galbena,leaf_sample,healthy_yellow,532.txt,in cutie\frunza sanatoasa dar galbena\spectru\532.txt,532,532,920.0,930.0,925.055154,335.163077,336.81,43.807178,26.0
in cutie\frunza sanatoasa dar galbena,leaf_sample,healthy_yellow,532.txt,in cutie\frunza sanatoasa dar galbena\spectru\532.txt,532,532,930.0,940.0,934.97837,344.233333,338.07,59.735668,27.0
in cutie\frunza sanatoasa dar galbena,leaf_sample,healthy_yellow,532.txt,in cutie\frunza sanatoasa dar galbena\spectru\532.txt,532,532,940.0,950.0,945.046519,321.174444,320.43,31.157295,27.0
in cutie\frunza sanatoasa dar galbena,leaf_sample,healthy_yellow,532.txt,in cutie\frunza sanatoasa dar galbena\spectru\532.txt,532,532,950.0,960.0,955.071815,335.178519,338.07,34.538075,27.0
in cutie\frunza sanatoasa dar galbena,leaf_sample,healthy_yellow,532.txt,in cutie\frunza sanatoasa dar galbena\spectru\532.txt,532,532,960.0,970.0,965.053815,324.069259,327.99,28.072637,27.0
in cutie\frunza sanatoasa dar galbena,leaf_sample,healthy_yellow,532.txt,in cutie\frunza sanatoasa dar galbena\spectru\532.txt,532,532,970.0,980.0,974.992481,308.292222,305.3,38.448016,27.0
in cutie\frunza sanatoasa dar galbena,leaf_sample,healthy_yellow,532.txt,in cutie\frunza sanatoasa dar galbena\spectru\532.txt,532,532,980.0,990.0,984.887556,316.694815,315.39,36.984436,27.0
in cutie\frunza sanatoasa dar galbena,leaf_sample,healthy_yellow,532.txt,in cutie\frunza sanatoasa dar galbena\spectru\532.txt,532,532,990.0,1000.0,994.920964,319.078214,324.21,32.233485,28.0
in cutie\frunza sanatoasa dar galbena,leaf_sample,healthy_yellow,532.txt,in cutie\frunza sanatoasa dar galbena\spectru\532.txt,532,532,1000.0,1010.0,1005.09,319.886786,319.17,31.534812,28.0
in cutie\frunza sanatoasa dar galbena,leaf_sample,healthy_yellow,532.txt,in cutie\frunza sanatoasa dar galbena\spectru\532.txt,532,532,1010.0,1020.0,1015.031556,324.908519,327.99,30.155751,27.0
in cutie\frunza sanatoasa dar galbena,leaf_sample,healthy_yellow,532.txt,in cutie\frunza sanatoasa dar galbena\spectru\532.txt,532,532,1020.0,1030.0,1024.926857,312.776786,312.87,28.702717,28.0
in cutie\frunza sanatoasa dar galbena,leaf_sample,healthy_yellow,532.txt,in cutie\frunza sanatoasa dar galbena\spectru\532.txt,532,532,1030.0,1040.0,1032.275,327.407692,320.43,25.441348,13.0
in cutie\frunza sanatoasa dar galbena,leaf_sample,healthy_yellow,556.txt,in cutie\frunza sanatoasa dar galbena\spectru\556.txt,556,556,180.0,190.0,188.705167,-69.368333,-55.925,31.606798,6.0
in cutie\frunza sanatoasa dar galbena,leaf_sample,healthy_yellow,556.txt,in cutie\frunza sanatoasa dar galbena\spectru\556.txt,556,556,190.0,200.0,194.959762,45.138095,60.02,117.923725,21.0
in cutie\frunza sanatoasa dar galbena,leaf_sample,healthy_yellow,556.txt,in cutie\frunza sanatoasa dar galbena\spectru\556.txt,556,556,200.0,210.0,204.905818,277.706818,281.83,32.434788,22.0
in cutie\frunza sanatoasa dar galbena,leaf_sample,healthy_yellow,556.txt,in cutie\frunza sanatoasa dar galbena\spectru\556.txt,556,556,210.0,220.0,215.0625,290.883182,289.395,35.055742,22.0
in cutie\frunza sanatoasa dar galbena,leaf_sample,healthy_yellow,556.txt,in cutie\frunza sanatoasa dar galbena\spectru\556.txt,556,556,220.0,230.0,224.968333,277.150476,274.27,32.06609,21.0
in cutie\frunza sanatoasa dar galbena,leaf_sample,healthy_yellow,556.txt,in cutie\frunza sanatoasa dar galbena\spectru\556.txt,556,556,230.0,240.0,234.853682,277.706818,278.05,29.084126,22.0
in cutie\frunza sanatoasa dar galbena,leaf_sample,healthy_yellow,556.txt,in cutie\frunza sanatoasa dar galbena\spectru\556.txt,556,556,240.0,250.0,244.948455,305.548636,296.955,67.058156,22.0
in cutie\frunza sanatoasa dar galbena,leaf_sample,healthy_yellow,556.txt,in cutie\frunza sanatoasa dar galbena\spectru\556.txt,556,556,250.0,260.0,255.021727,293.862273,290.65,36.200091,22.0
in cutie\frunza sanatoasa dar galbena,leaf_sample,healthy_yellow,556.txt,in cutie\frunza sanatoasa dar galbena\spectru\556.txt,556,556,260.0,270.0,265.073818,292.945909,289.39,31.570634,22.0
in cutie\frunza sanatoasa dar galbena,leaf_sample,healthy_yellow,556.txt,in cutie\frunza sanatoasa dar galbena\spectru\556.txt,556,556,270.0,280.0,275.104455,296.153182,295.695,31.346421,22.0
in cutie\frunza sanatoasa dar galbena,leaf_sample,healthy_yellow,556.txt,in cutie\frunza sanatoasa dar galbena\spectru\556.txt,556,556,280.0,290.0,285.113545,298.789091,296.955,34.553549,22.0
in cutie\frunza sanatoasa dar galbena,leaf_sample,healthy_yellow,556.txt,in cutie\frunza sanatoasa dar galbena\spectru\556.txt,556,556,290.0,300.0,295.101045,289.622727,281.83,33.824333,22.0
in cutie\frunza sanatoasa dar galbena,leaf_sample,healthy_yellow,556.txt,in cutie\frunza sanatoasa dar galbena\spectru\556.txt,556,556,300.0,310.0,305.066727,292.486818,294.43,30.264944,22.0
in cutie\frunza sanatoasa dar galbena,leaf_sample,healthy_yellow,556.txt,in cutie\frunza sanatoasa dar galbena\spectru\556.txt,556,556,310.0,320.0,315.010682,300.047727,296.96,34.659853,22.0
in cutie\frunza sanatoasa dar galbena,leaf_sample,healthy_yellow,556.txt,in cutie\frunza sanatoasa dar galbena\spectru\556.txt,556,556,320.0,330.0,324.932818,294.892727,294.435,28.865607,22.0
in cutie\frunza sanatoasa dar galbena,leaf_sample,healthy_yellow,556.txt,in cutie\frunza sanatoasa dar galbena\spectru\556.txt,556,556,330.0,340.0,334.832955,309.557273,312.08,22.558006,22.0
in cutie\frunza sanatoasa dar galbena,leaf_sample,healthy_yellow,556.txt,in cutie\frunza sanatoasa dar galbena\spectru\556.txt,556,556,340.0,350.0,344.935087,295.64,284.35,42.819456,23.0
in cutie\frunza sanatoasa dar galbena,leaf_sample,healthy_yellow,556.txt,in cutie\frunza sanatoasa dar galbena\spectru\556.txt,556,556,350.0,360.0,355.014136,315.515909,317.12,29.034212,22.0
in cutie\frunza sanatoasa dar galbena,leaf_sample,healthy_yellow,556.txt,in cutie\frunza sanatoasa dar galbena\spectru\556.txt,556,556,360.0,370.0,365.069739,298.051304,302.0,27.307867,23.0
in cutie\frunza sanatoasa dar galbena,leaf_sample,healthy_yellow,556.txt,in cutie\frunza sanatoasa dar galbena\spectru\556.txt,556,556,370.0,380.0,375.102227,303.371364,300.74,37.415166,22.0
in cutie\frunza sanatoasa dar galbena,leaf_sample,healthy_yellow,556.txt,in cutie\frunza sanatoasa dar galbena\spectru\556.txt,556,556,380.0,390.0,385.110913,300.024348,299.48,46.607738,23.0
in cutie\frunza sanatoasa dar galbena,leaf_sample,healthy_yellow,556.txt,in cutie\frunza sanatoasa dar galbena\spectru\556.txt,556,556,390.0,400.0,395.096045,322.047273,322.16,37.897042,22.0
in cutie\frunza sanatoasa dar galbena,leaf_sample,healthy_yellow,556.txt,in cutie\frunza sanatoasa dar galbena\spectru\556.txt,556,556,400.0,410.0,405.057435,306.81913,312.08,27.075502,23.0
in cutie\frunza sanatoasa dar galbena,leaf_sample,healthy_yellow,556.txt,in cutie\frunza sanatoasa dar galbena\spectru\556.txt,556,556,410.0,420.0,414.995091,317.577273,317.12,40.083276,22.0
in cutie\frunza sanatoasa dar galbena,leaf_sample,healthy_yellow,556.txt,in cutie\frunza sanatoasa dar galbena\spectru\556.txt,556,556,420.0,430.0,424.908696,298.71,302.0,28.530923,23.0
in cutie\frunza sanatoasa dar galbena,leaf_sample,healthy_yellow,556.txt,in cutie\frunza sanatoasa dar galbena\spectru\556.txt,556,556,430.0,440.0,435.01787,304.408261,304.52,35.735333,23.0
in cutie\frunza sanatoasa dar galbena,leaf_sample,healthy_yellow,556.txt,in cutie\frunza sanatoasa dar galbena\spectru\556.txt,556,556,440.0,450.0,445.101783,304.845652,299.48,35.399383,23.0
in cutie\frunza sanatoasa dar galbena,leaf_sample,healthy_yellow,556.txt,in cutie\frunza sanatoasa dar galbena\spectru\556.txt,556,556,450.0,460.0,455.160348,288.956087,296.96,34.676488,23.0
in cutie\frunza sanatoasa dar galbena,leaf_sample,healthy_yellow,556.txt,in cutie\frunza sanatoasa dar galbena\spectru\556.txt,556,556,460.0,470.0,465.193435,300.571739,302.0,34.582265,23.0
in cutie\frunza sanatoasa dar galbena,leaf_sample,healthy_yellow,556.txt,in cutie\frunza sanatoasa dar galbena\spectru\556.txt,556,556,470.0,480.0,475.201,304.406957,294.43,35.874134,23.0
in cutie\frunza sanatoasa dar galbena,leaf_sample,healthy_yellow,556.txt,in cutie\frunza sanatoasa dar galbena\spectru\556.txt,556,556,480.0,490.0,485.182913,317.448696,319.64,27.049184,23.0
in cutie\frunza sanatoasa dar galbena,leaf_sample,healthy_yellow,556.txt,in cutie\frunza sanatoasa dar galbena\spectru\556.txt,556,556,490.0,500.0,495.139043,311.96913,302.0,31.017413,23.0
in cutie\frunza sanatoasa dar galbena,leaf_sample,healthy_yellow,556.txt,in cutie\frunza sanatoasa dar galbena\spectru\556.txt,556,556,500.0,510.0,505.069348,306.160435,314.6,34.042295,23.0
in cutie\frunza sanatoasa dar galbena,leaf_sample,healthy_yellow,556.txt,in cutie\frunza sanatoasa dar galbena\spectru\556.txt,556,556,510.0,520.0,514.973652,319.092174,327.2,38.139895,23.0
in cutie\frunza sanatoasa dar galbena,leaf_sample,healthy_yellow,556.txt,in cutie\frunza sanatoasa dar galbena\spectru\556.txt,556,556,520.0,530.0,525.066167,309.663333,309.56,28.981592,24.0
in cutie\frunza sanatoasa dar galbena,leaf_sample,healthy_yellow,556.txt,in cutie\frunza sanatoasa dar galbena\spectru\556.txt,556,556,530.0,540.0,535.131478,384.298696,385.18,34.034171,23.0
in cutie\frunza sanatoasa dar galbena,leaf_sample,healthy_yellow,556.txt,in cutie\frunza sanatoasa dar galbena\spectru\556.txt,556,556,540.0,550.0,544.956,439.97,450.71,35.902223,23.0
in cutie\frunza sanatoasa dar galbena,leaf_sample,healthy_yellow,556.txt,in cutie\frunza sanatoasa dar galbena\spectru\556.txt,556,556,550.0,560.0,554.966667,438.107083,429.29,28.349742,24.0
in cutie\frunza sanatoasa dar galbena,leaf_sample,healthy_yellow,556.txt,in cutie\frunza sanatoasa dar galbena\spectru\556.txt,556,556,560.0,570.0,564.949739,431.423043,435.59,34.155181,23.0
in cutie\frunza sanatoasa dar galbena,leaf_sample,healthy_yellow,556.txt,in cutie\frunza sanatoasa dar galbena\spectru\556.txt,556,556,570.0,580.0,574.905,334.448333,330.98,44.702193,24.0
in cutie\frunza sanatoasa dar galbena,leaf_sample,healthy_yellow,556.txt,in cutie\frunza sanatoasa dar galbena\spectru\556.txt,556,556,580.0,590.0,585.043208,305.357917,305.78,29.301789,24.0
in cutie\frunza sanatoasa dar galbena,leaf_sample,healthy_yellow,556.txt,in cutie\frunza sanatoasa dar galbena\spectru\556.txt,556,556,590.0,600.0,595.152042,297.585417,299.48,35.469514,24.0
in cutie\frunza sanatoasa dar galbena,leaf_sample,healthy_yellow,556.txt,in cutie\frunza sanatoasa dar galbena\spectru\556.txt,556,556,600.0,610.0,605.02213,302.434783,296.96,25.851481,23.0
in cutie\frunza sanatoasa dar galbena,leaf_sample,healthy_yellow,556.txt,in cutie\frunza sanatoasa dar galbena\spectru\556.txt,556,556,610.0,620.0,614.863458,317.12,317.12,24.654599,24.0
in cutie\frunza sanatoasa dar galbena,leaf_sample,healthy_yellow,556.txt,in cutie\frunza sanatoasa dar galbena\spectru\556.txt,556,556,620.0,630.0,624.885125,305.881667,308.3,34.522588,24.0
in cutie\frunza sanatoasa dar galbena,leaf_sample,healthy_yellow,556.txt,in cutie\frunza sanatoasa dar galbena\spectru\556.txt,556,556,630.0,640.0,634.876917,317.225417,313.34,48.748177,24.0
in cutie\frunza sanatoasa dar galbena,leaf_sample,healthy_yellow,556.txt,in cutie\frunza sanatoasa dar galbena\spectru\556.txt,556,556,640.0,650.0,644.83875,298.320833,296.955,36.584318,24.0
in cutie\frunza sanatoasa dar galbena,leaf_sample,healthy_yellow,556.txt,in cutie\frunza sanatoasa dar galbena\spectru\556.txt,556,556,650.0,660.0,654.97728,301.1912,304.52,28.709943,25.0
in cutie\frunza sanatoasa dar galbena,leaf_sample,healthy_yellow,556.txt,in cutie\frunza sanatoasa dar galbena\spectru\556.txt,556,556,660.0,670.0,665.084458,309.452917,303.26,30.242485,24.0
in cutie\frunza sanatoasa dar galbena,leaf_sample,healthy_yellow,556.txt,in cutie\frunza sanatoasa dar galbena\spectru\556.txt,556,556,670.0,680.0,674.95475,312.919583,312.08,36.842323,24.0
in cutie\frunza sanatoasa dar galbena,leaf_sample,healthy_yellow,556.txt,in cutie\frunza sanatoasa dar galbena\spectru\556.txt,556,556,680.0,690.0,684.9992,303.5084,304.52,28.75807,25.0
in cutie\frunza sanatoasa dar galbena,leaf_sample,healthy_yellow,556.txt,in cutie\frunza sanatoasa dar galbena\spectru\556.txt,556,556,690.0,700.0,695.012,312.394167,305.78,37.614351,24.0
in cutie\frunza sanatoasa dar galbena,leaf_sample,healthy_yellow,556.txt,in cutie\frunza sanatoasa dar galbena\spectru\556.txt,556,556,700.0,710.0,704.99268,303.7104,294.43,37.049997,25.0
in cutie\frunza sanatoasa dar galbena,leaf_sample,healthy_yellow,556.txt,in cutie\frunza sanatoasa dar galbena\spectru\556.txt,556,556,710.0,720.0,714.9415,314.074167,320.9,36.315441,24.0
in cutie\frunza sanatoasa dar galbena,leaf_sample,healthy_yellow,556.txt,in cutie\frunza sanatoasa dar galbena\spectru\556.txt,556,556,720.0,730.0,724.85784,317.8256,314.6,42.575539,25.0
in cutie\frunza sanatoasa dar galbena,leaf_sample,healthy_yellow,556.txt,in cutie\frunza sanatoasa dar galbena\spectru\556.txt,556,556,730.0,740.0,734.94336,313.5916,314.6,35.866599,25.0
in cutie\frunza sanatoasa dar galbena,leaf_sample,healthy_yellow,556.txt,in cutie\frunza sanatoasa dar galbena\spectru\556.txt,556,556,740.0,750.0,744.99528,303.5092,304.52,34.977251,25.0
in cutie\frunza sanatoasa dar galbena,leaf_sample,healthy_yellow,556.txt,in cutie\frunza sanatoasa dar galbena\spectru\556.txt,556,556,750.0,760.0,755.01288,315.6072,322.16,38.060035,25.0
in cutie\frunza sanatoasa dar galbena,leaf_sample,healthy_yellow,556.txt,in cutie\frunza sanatoasa dar galbena\spectru\556.txt,556,556,760.0,770.0,764.99664,300.6848,294.43,47.070527,25.0
in cutie\frunza sanatoasa dar galbena,leaf_sample,healthy_yellow,556.txt,in cutie\frunza sanatoasa dar galbena\spectru\556.txt,556,556,770.0,780.0,774.94604,308.8528,314.6,35.600684,25.0
in cutie\frunza sanatoasa dar galbena,leaf_sample,healthy_yellow,556.txt,in cutie\frunza sanatoasa dar galbena\spectru\556.txt,556,556,780.0,790.0,784.86132,295.8464,296.96,16.521993,25.0
in cutie\frunza sanatoasa dar galbena,leaf_sample,healthy_yellow,556.txt,in cutie\frunza sanatoasa dar galbena\spectru\556.txt,556,556,790.0,800.0,794.938962,311.885385,309.56,34.960379,26.0
in cutie\frunza sanatoasa dar galbena,leaf_sample,healthy_yellow,556.txt,in cutie\frunza sanatoasa dar galbena\spectru\556.txt,556,556,800.0,810.0,804.98072,307.038,302.0,37.487993,25.0
in cutie\frunza sanatoasa dar galbena,leaf_sample,healthy_yellow,556.txt,in cutie\frunza sanatoasa dar galbena\spectru\556.txt,556,556,810.0,820.0,814.986231,320.901154,328.46,27.320177,26.0
in cutie\frunza sanatoasa dar galbena,leaf_sample,healthy_yellow,556.txt,in cutie\frunza sanatoasa dar galbena\spectru\556.txt,556,556,820.0,830.0,824.95548,306.1304,299.48,32.543767,25.0
in cutie\frunza sanatoasa dar galbena,leaf_sample,healthy_yellow,556.txt,in cutie\frunza sanatoasa dar galbena\spectru\556.txt,556,556,830.0,840.0,834.888115,295.015769,302.0,41.519888,26.0
in cutie\frunza sanatoasa dar galbena,leaf_sample,healthy_yellow,556.txt,in cutie\frunza sanatoasa dar galbena\spectru\556.txt,556,556,840.0,850.0,844.977846,311.109615,309.56,34.270453,26.0
in cutie\frunza sanatoasa dar galbena,leaf_sample,healthy_yellow,556.txt,in cutie\frunza sanatoasa dar galbena\spectru\556.txt,556,556,850.0,860.0,855.029308,317.798846,320.9,34.437054,26.0
in cutie\frunza sanatoasa dar galbena,leaf_sample,healthy_yellow,556.txt,in cutie\frunza sanatoasa dar galbena\spectru\556.txt,556,556,860.0,870.0,865.042308,297.052692,296.96,36.42985,26.0
in cutie\frunza sanatoasa dar galbena,leaf_sample,healthy_yellow,556.txt,in cutie\frunza sanatoasa dar galbena\spectru\556.txt,556,556,870.0,880.0,875.016731,313.726923,313.34,36.898396,26.0
in cutie\frunza sanatoasa dar galbena,leaf_sample,healthy_yellow,556.txt,in cutie\frunza sanatoasa dar galbena\spectru\556.txt,556,556,880.0,890.0,884.952385,303.354231,309.56,41.247316,26.0
in cutie\frunza sanatoasa dar galbena,leaf_sample,healthy_yellow,556.txt,in cutie\frunza sanatoasa dar galbena\spectru\556.txt,556,556,890.0,900.0,895.039037,343.631481,296.96,179.688961,27.0
in cutie\frunza sanatoasa dar galbena,leaf_sample,healthy_yellow,556.txt,in cutie\frunza sanatoasa dar galbena\spectru\556.txt,556,556,900.0,910.0,905.085308,314.793462,314.6,43.679839,26.0
in cutie\frunza sanatoasa dar galbena,leaf_sample,healthy_yellow,556.txt,in cutie\frunza sanatoasa dar galbena\spectru\556.txt,556,556,910.0,920.0,915.090519,309.931481,304.52,34.537804,27.0
in cutie\frunza sanatoasa dar galbena,leaf_sample,healthy_yellow,556.txt,in cutie\frunza sanatoasa dar galbena\spectru\556.txt,556,556,920.0,930.0,925.055154,286.582692,286.87,30.378958,26.0
in cutie\frunza sanatoasa dar galbena,leaf_sample,healthy_yellow,556.txt,in cutie\frunza sanatoasa dar galbena\spectru\556.txt,556,556,930.0,940.0,934.97837,320.294815,309.56,52.315496,27.0
in cutie\frunza sanatoasa dar galbena,leaf_sample,healthy_yellow,556.txt,in cutie\frunza sanatoasa dar galbena\spectru\556.txt,556,556,940.0,950.0,945.046519,297.236296,299.48,36.133206,27.0
in cutie\frunza sanatoasa dar galbena,leaf_sample,healthy_yellow,556.txt,in cutie\frunza sanatoasa dar galbena\spectru\556.txt,556,556,950.0,960.0,955.071815,300.222963,296.96,28.630414,27.0
in cutie\frunza sanatoasa dar galbena,leaf_sample,healthy_yellow,556.txt,in cutie\frunza sanatoasa dar galbena\spectru\556.txt,556,556,960.0,970.0,965.053815,300.782222,296.96,36.088788,27.0
in cutie\frunza sanatoasa dar galbena,leaf_sample,healthy_yellow,556.txt,in cutie\frunza sanatoasa dar galbena\spectru\556.txt,556,556,970.0,980.0,974.992481,283.885926,276.79,38.757615,27.0
in cutie\frunza sanatoasa dar galbena,leaf_sample,healthy_yellow,556.txt,in cutie\frunza sanatoasa dar galbena\spectru\556.txt,556,556,980.0,990.0,984.887556,302.650741,299.48,39.661691,27.0
in cutie\frunza sanatoasa dar galbena,leaf_sample,healthy_yellow,556.txt,in cutie\frunza sanatoasa dar galbena\spectru\556.txt,556,556,990.0,1000.0,994.920964,307.577143,302.0,32.715348,28.0
in cutie\frunza sanatoasa dar galbena,leaf_sample,healthy_yellow,556.txt,in cutie\frunza sanatoasa dar galbena\spectru\556.txt,556,556,1000.0,1010.0,1005.09,300.735714,313.34,38.176766,28.0
in cutie\frunza sanatoasa dar galbena,leaf_sample,healthy_yellow,556.txt,in cutie\frunza sanatoasa dar galbena\spectru\556.txt,556,556,1010.0,1020.0,1015.031556,304.516296,309.56,22.555006,27.0
in cutie\frunza sanatoasa dar galbena,leaf_sample,healthy_yellow,556.txt,in cutie\frunza sanatoasa dar galbena\spectru\556.txt,556,556,1020.0,1030.0,1024.926857,302.986429,309.56,29.574293,28.0
in cutie\frunza sanatoasa dar galbena,leaf_sample,healthy_yellow,556.txt,in cutie\frunza sanatoasa dar galbena\spectru\556.txt,556,556,1030.0,1040.0,1032.275,301.22,286.87,33.343856,13.0
in cutie\frunza sanatoasa dar galbena,leaf_sample,healthy_yellow,680.txt,in cutie\frunza sanatoasa dar galbena\spectru\680.txt,680,680,180.0,190.0,188.705167,-98.88,-104.76,18.21561,6.0
in cutie\frunza sanatoasa dar galbena,leaf_sample,healthy_yellow,680.txt,in cutie\frunza sanatoasa dar galbena\spectru\680.txt,680,680,190.0,200.0,194.959762,44.431905,61.6,113.368499,21.0
in cutie\frunza sanatoasa dar galbena,leaf_sample,healthy_yellow,680.txt,in cutie\frunza sanatoasa dar galbena\spectru\680.txt,680,680,200.0,210.0,204.905818,310.216818,308.61,38.993787,22.0
in cutie\frunza sanatoasa dar galbena,leaf_sample,healthy_yellow,680.txt,in cutie\frunza sanatoasa dar galbena\spectru\680.txt,680,680,210.0,220.0,215.0625,278.366364,287.19,34.485536,22.0
in cutie\frunza sanatoasa dar galbena,leaf_sample,healthy_yellow,680.txt,in cutie\frunza sanatoasa dar galbena\spectru\680.txt,680,680,220.0,230.0,224.968333,281.608571,278.37,24.278478,21.0
in cutie\frunza sanatoasa dar galbena,leaf_sample,healthy_yellow,680.txt,in cutie\frunza sanatoasa dar galbena\spectru\680.txt,680,680,230.0,240.0,234.853682,285.354545,280.89,29.018452,22.0
in cutie\frunza sanatoasa dar galbena,leaf_sample,healthy_yellow,680.txt,in cutie\frunza sanatoasa dar galbena\spectru\680.txt,680,680,240.0,250.0,244.948455,303.458182,296.01,65.094662,22.0
in cutie\frunza sanatoasa dar galbena,leaf_sample,healthy_yellow,680.txt,in cutie\frunza sanatoasa dar galbena\spectru\680.txt,680,680,250.0,260.0,255.021727,296.582273,299.79,30.159707,22.0
in cutie\frunza sanatoasa dar galbena,leaf_sample,healthy_yellow,680.txt,in cutie\frunza sanatoasa dar galbena\spectru\680.txt,680,680,260.0,270.0,265.073818,294.520909,292.23,32.023508,22.0
in cutie\frunza sanatoasa dar galbena,leaf_sample,healthy_yellow,680.txt,in cutie\frunza sanatoasa dar galbena\spectru\680.txt,680,680,270.0,280.0,275.104455,290.853636,296.01,32.301268,22.0
in cutie\frunza sanatoasa dar galbena,leaf_sample,healthy_yellow,680.txt,in cutie\frunza sanatoasa dar galbena\spectru\680.txt,680,680,280.0,290.0,285.113545,295.781364,309.87,36.815955,22.0
in cutie\frunza sanatoasa dar galbena,leaf_sample,healthy_yellow,680.txt,in cutie\frunza sanatoasa dar galbena\spectru\680.txt,680,680,290.0,300.0,295.101045,301.739091,298.53,34.166344,22.0
in cutie\frunza sanatoasa dar galbena,leaf_sample,healthy_yellow,680.txt,in cutie\frunza sanatoasa dar galbena\spectru\680.txt,680,680,300.0,310.0,305.066727,301.625,302.31,26.901626,22.0
in cutie\frunza sanatoasa dar galbena,leaf_sample,healthy_yellow,680.txt,in cutie\frunza sanatoasa dar galbena\spectru\680.txt,680,680,310.0,320.0,315.010682,309.988636,308.61,37.530475,22.0
in cutie\frunza sanatoasa dar galbena,leaf_sample,healthy_yellow,680.txt,in cutie\frunza sanatoasa dar galbena\spectru\680.txt,680,680,320.0,330.0,324.932818,312.967727,311.13,28.294697,22.0
in cutie\frunza sanatoasa dar galbena,leaf_sample,healthy_yellow,680.txt,in cutie\frunza sanatoasa dar galbena\spectru\680.txt,680,680,330.0,340.0,334.832955,298.874545,298.53,33.965115,22.0
in cutie\frunza sanatoasa dar galbena,leaf_sample,healthy_yellow,680.txt,in cutie\frunza sanatoasa dar galbena\spectru\680.txt,680,680,340.0,350.0,344.935087,312.559565,316.17,50.064196,23.0
in cutie\frunza sanatoasa dar galbena,leaf_sample,healthy_yellow,680.txt,in cutie\frunza sanatoasa dar galbena\spectru\680.txt,680,680,350.0,360.0,355.014136,310.789545,312.39,36.291362,22.0
in cutie\frunza sanatoasa dar galbena,leaf_sample,healthy_yellow,680.txt,in cutie\frunza sanatoasa dar galbena\spectru\680.txt,680,680,360.0,370.0,365.069739,314.422174,316.17,45.531535,23.0
in cutie\frunza sanatoasa dar galbena,leaf_sample,healthy_yellow,680.txt,in cutie\frunza sanatoasa dar galbena\spectru\680.txt,680,680,370.0,380.0,375.102227,306.551364,302.31,34.690567,22.0
in cutie\frunza sanatoasa dar galbena,leaf_sample,healthy_yellow,680.txt,in cutie\frunza sanatoasa dar galbena\spectru\680.txt,680,680,380.0,390.0,385.110913,319.462174,301.05,48.628925,23.0
in cutie\frunza sanatoasa dar galbena,leaf_sample,healthy_yellow,680.txt,in cutie\frunza sanatoasa dar galbena\spectru\680.txt,680,680,390.0,400.0,395.096045,316.516818,313.65,38.379066,22.0
in cutie\frunza sanatoasa dar galbena,leaf_sample,healthy_yellow,680.txt,in cutie\frunza sanatoasa dar galbena\spectru\680.txt,680,680,400.0,410.0,405.057435,313.654348,316.17,33.006565,23.0
in cutie\frunza sanatoasa dar galbena,leaf_sample,healthy_yellow,680.txt,in cutie\frunza sanatoasa dar galbena\spectru\680.txt,680,680,410.0,420.0,414.995091,323.278182,316.17,55.173325,22.0
in cutie\frunza sanatoasa dar galbena,leaf_sample,healthy_yellow,680.txt,in cutie\frunza sanatoasa dar galbena\spectru\680.txt,680,680,420.0,430.0,424.908696,311.9,313.65,33.128049,23.0
in cutie\frunza sanatoasa dar galbena,leaf_sample,healthy_yellow,680.txt,in cutie\frunza sanatoasa dar galbena\spectru\680.txt,680,680,430.0,440.0,435.01787,293.927391,296.01,32.096448,23.0
in cutie\frunza sanatoasa dar galbena,leaf_sample,healthy_yellow,680.txt,in cutie\frunza sanatoasa dar galbena\spectru\680.txt,680,680,440.0,450.0,445.101783,297.545217,296.01,33.021314,23.0
in cutie\frunza sanatoasa dar galbena,leaf_sample,healthy_yellow,680.txt,in cutie\frunza sanatoasa dar galbena\spectru\680.txt,680,680,450.0,460.0,455.160348,314.311304,311.13,30.466775,23.0
in cutie\frunza sanatoasa dar galbena,leaf_sample,healthy_yellow,680.txt,in cutie\frunza sanatoasa dar galbena\spectru\680.txt,680,680,460.0,470.0,465.193435,323.517391,323.74,36.631996,23.0
in cutie\frunza sanatoasa dar galbena,leaf_sample,healthy_yellow,680.txt,in cutie\frunza sanatoasa dar galbena\spectru\680.txt,680,680,470.0,480.0,475.201,310.585652,306.09,28.574643,23.0
in cutie\frunza sanatoasa dar galbena,leaf_sample,healthy_yellow,680.txt,in cutie\frunza sanatoasa dar galbena\spectru\680.txt,680,680,480.0,490.0,485.182913,294.037826,293.49,27.920307,23.0
in cutie\frunza sanatoasa dar galbena,leaf_sample,healthy_yellow,680.txt,in cutie\frunza sanatoasa dar galbena\spectru\680.txt,680,680,490.0,500.0,495.139043,323.079565,321.22,29.936813,23.0
in cutie\frunza sanatoasa dar galbena,leaf_sample,healthy_yellow,680.txt,in cutie\frunza sanatoasa dar galbena\spectru\680.txt,680,680,500.0,510.0,505.069348,327.133913,323.74,53.570424,23.0
in cutie\frunza sanatoasa dar galbena,leaf_sample,healthy_yellow,680.txt,in cutie\frunza sanatoasa dar galbena\spectru\680.txt,680,680,510.0,520.0,514.973652,303.353478,301.05,37.622239,23.0
in cutie\frunza sanatoasa dar galbena,leaf_sample,healthy_yellow,680.txt,in cutie\frunza sanatoasa dar galbena\spectru\680.txt,680,680,520.0,530.0,525.066167,328.6725,325.0,35.359213,24.0
in cutie\frunza sanatoasa dar galbena,leaf_sample,healthy_yellow,680.txt,in cutie\frunza sanatoasa dar galbena\spectru\680.txt,680,680,530.0,540.0,535.131478,308.393913,311.13,34.909631,23.0
in cutie\frunza sanatoasa dar galbena,leaf_sample,healthy_yellow,680.txt,in cutie\frunza sanatoasa dar galbena\spectru\680.txt,680,680,540.0,550.0,544.956,312.44913,301.05,31.541657,23.0
in cutie\frunza sanatoasa dar galbena,leaf_sample,healthy_yellow,680.txt,in cutie\frunza sanatoasa dar galbena\spectru\680.txt,680,680,550.0,560.0,554.966667,317.750417,309.87,28.412474,24.0
in cutie\frunza sanatoasa dar galbena,leaf_sample,healthy_yellow,680.txt,in cutie\frunza sanatoasa dar galbena\spectru\680.txt,680,680,560.0,570.0,564.949739,320.557826,318.7,32.341201,23.0
in cutie\frunza sanatoasa dar galbena,leaf_sample,healthy_yellow,680.txt,in cutie\frunza sanatoasa dar galbena\spectru\680.txt,680,680,570.0,580.0,574.905,322.58125,321.22,36.980155,24.0
in cutie\frunza sanatoasa dar galbena,leaf_sample,healthy_yellow,680.txt,in cutie\frunza sanatoasa dar galbena\spectru\680.txt,680,680,580.0,590.0,585.043208,324.260417,325.0,35.905207,24.0
in cutie\frunza sanatoasa dar galbena,leaf_sample,healthy_yellow,680.txt,in cutie\frunza sanatoasa dar galbena\spectru\680.txt,680,680,590.0,600.0,595.152042,323.211667,322.48,25.601801,24.0
in cutie\frunza sanatoasa dar galbena,leaf_sample,healthy_yellow,680.txt,in cutie\frunza sanatoasa dar galbena\spectru\680.txt,680,680,600.0,610.0,605.02213,322.751304,323.74,32.599672,23.0
in cutie\frunza sanatoasa dar galbena,leaf_sample,healthy_yellow,680.txt,in cutie\frunza sanatoasa dar galbena\spectru\680.txt,680,680,610.0,620.0,614.863458,320.9,322.48,23.58185,24.0
in cutie\frunza sanatoasa dar galbena,leaf_sample,healthy_yellow,680.txt,in cutie\frunza sanatoasa dar galbena\spectru\680.txt,680,680,620.0,630.0,624.885125,318.800417,323.74,35.842019,24.0
in cutie\frunza sanatoasa dar galbena,leaf_sample,healthy_yellow,680.txt,in cutie\frunza sanatoasa dar galbena\spectru\680.txt,680,680,630.0,640.0,634.876917,330.77375,332.56,41.218101,24.0
in cutie\frunza sanatoasa dar galbena,leaf_sample,healthy_yellow,680.txt,in cutie\frunza sanatoasa dar galbena\spectru\680.txt,680,680,640.0,650.0,644.83875,351.988333,353.98,28.152725,24.0
in cutie\frunza sanatoasa dar galbena,leaf_sample,healthy_yellow,680.txt,in cutie\frunza sanatoasa dar galbena\spectru\680.txt,680,680,650.0,660.0,654.97728,357.0076,359.02,37.792859,25.0
in cutie\frunza sanatoasa dar galbena,leaf_sample,healthy_yellow,680.txt,in cutie\frunza sanatoasa dar galbena\spectru\680.txt,680,680,660.0,670.0,665.084458,383.91625,380.45,27.594418,24.0
in cutie\frunza sanatoasa dar galbena,leaf_sample,healthy_yellow,680.txt,in cutie\frunza sanatoasa dar galbena\spectru\680.txt,680,680,670.0,680.0,674.95475,368.79125,369.11,31.188852,24.0
in cutie\frunza sanatoasa dar galbena,leaf_sample,healthy_yellow,680.txt,in cutie\frunza sanatoasa dar galbena\spectru\680.txt,680,680,680.0,690.0,684.9992,395.2212,386.75,34.101405,25.0
in cutie\frunza sanatoasa dar galbena,leaf_sample,healthy_yellow,680.txt,in cutie\frunza sanatoasa dar galbena\spectru\680.txt,680,680,690.0,700.0,695.012,447.770833,453.55,28.758423,24.0
in cutie\frunza sanatoasa dar galbena,leaf_sample,healthy_yellow,680.txt,in cutie\frunza sanatoasa dar galbena\spectru\680.txt,680,680,700.0,710.0,704.99268,338.7584,341.38,34.863684,25.0
in cutie\frunza sanatoasa dar galbena,leaf_sample,healthy_yellow,680.txt,in cutie\frunza sanatoasa dar galbena\spectru\680.txt,680,680,710.0,720.0,714.9415,319.01,319.955,23.637797,24.0
in cutie\frunza sanatoasa dar galbena,leaf_sample,healthy_yellow,680.txt,in cutie\frunza sanatoasa dar galbena\spectru\680.txt,680,680,720.0,730.0,724.85784,315.368,321.22,36.077249,25.0
in cutie\frunza sanatoasa dar galbena,leaf_sample,healthy_yellow,680.txt,in cutie\frunza sanatoasa dar galbena\spectru\680.txt,680,680,730.0,740.0,734.94336,310.8304,308.61,41.283794,25.0
in cutie\frunza sanatoasa dar galbena,leaf_sample,healthy_yellow,680.txt,in cutie\frunza sanatoasa dar galbena\spectru\680.txt,680,680,740.0,750.0,744.99528,315.6708,311.13,33.271618,25.0
in cutie\frunza sanatoasa dar galbena,leaf_sample,healthy_yellow,680.txt,in cutie\frunza sanatoasa dar galbena\spectru\680.txt,680,680,750.0,760.0,755.01288,321.518,323.74,36.929824,25.0
in cutie\frunza sanatoasa dar galbena,leaf_sample,healthy_yellow,680.txt,in cutie\frunza sanatoasa dar galbena\spectru\680.txt,680,680,760.0,770.0,764.99664,328.0724,328.78,33.518381,25.0
in cutie\frunza sanatoasa dar galbena,leaf_sample,healthy_yellow,680.txt,in cutie\frunza sanatoasa dar galbena\spectru\680.txt,680,680,770.0,780.0,774.94604,307.5044,303.57,36.485842,25.0
in cutie\frunza sanatoasa dar galbena,leaf_sample,healthy_yellow,680.txt,in cutie\frunza sanatoasa dar galbena\spectru\680.txt,680,680,780.0,790.0,784.86132,316.4776,321.22,35.376671,25.0
in cutie\frunza sanatoasa dar galbena,leaf_sample,healthy_yellow,680.txt,in cutie\frunza sanatoasa dar galbena\spectru\680.txt,680,680,790.0,800.0,794.938962,317.821923,313.65,31.404048,26.0
in cutie\frunza sanatoasa dar galbena,leaf_sample,healthy_yellow,680.txt,in cutie\frunza sanatoasa dar galbena\spectru\680.txt,680,680,800.0,810.0,804.98072,325.5516,331.3,28.512989,25.0
in cutie\frunza sanatoasa dar galbena,leaf_sample,healthy_yellow,680.txt,in cutie\frunza sanatoasa dar galbena\spectru\680.txt,680,680,810.0,820.0,814.986231,324.996923,331.3,38.654271,26.0
in cutie\frunza sanatoasa dar galbena,leaf_sample,healthy_yellow,680.txt,in cutie\frunza sanatoasa dar galbena\spectru\680.txt,680,680,820.0,830.0,824.95548,320.51,313.65,38.324311,25.0
in cutie\frunza sanatoasa dar galbena,leaf_sample,healthy_yellow,680.txt,in cutie\frunza sanatoasa dar galbena\spectru\680.txt,680,680,830.0,840.0,834.888115,326.063077,317.435,35.666293,26.0
in cutie\frunza sanatoasa dar galbena,leaf_sample,healthy_yellow,680.txt,in cutie\frunza sanatoasa dar galbena\spectru\680.txt,680,680,840.0,850.0,844.977846,317.532692,321.22,36.204296,26.0
in cutie\frunza sanatoasa dar galbena,leaf_sample,healthy_yellow,680.txt,in cutie\frunza sanatoasa dar galbena\spectru\680.txt,680,680,850.0,860.0,855.029308,315.011538,318.7,44.138374,26.0
in cutie\frunza sanatoasa dar galbena,leaf_sample,healthy_yellow,680.txt,in cutie\frunza sanatoasa dar galbena\spectru\680.txt,680,680,860.0,870.0,865.042308,313.655,307.35,39.304546,26.0
in cutie\frunza sanatoasa dar galbena,leaf_sample,healthy_yellow,680.txt,in cutie\frunza sanatoasa dar galbena\spectru\680.txt,680,680,870.0,880.0,875.016731,329.262692,328.78,33.975322,26.0
in cutie\frunza sanatoasa dar galbena,leaf_sample,healthy_yellow,680.txt,in cutie\frunza sanatoasa dar galbena\spectru\680.txt,680,680,880.0,890.0,884.952385,313.848462,317.435,38.002502,26.0
in cutie\frunza sanatoasa dar galbena,leaf_sample,healthy_yellow,680.txt,in cutie\frunza sanatoasa dar galbena\spectru\680.txt,680,680,890.0,900.0,895.039037,356.131111,321.22,156.940115,27.0
in cutie\frunza sanatoasa dar galbena,leaf_sample,healthy_yellow,680.txt,in cutie\frunza sanatoasa dar galbena\spectru\680.txt,680,680,900.0,910.0,905.085308,322.960769,331.3,36.983248,26.0
in cutie\frunza sanatoasa dar galbena,leaf_sample,healthy_yellow,680.txt,in cutie\frunza sanatoasa dar galbena\spectru\680.txt,680,680,910.0,920.0,915.090519,328.217037,328.78,29.341728,27.0
in cutie\frunza sanatoasa dar galbena,leaf_sample,healthy_yellow,680.txt,in cutie\frunza sanatoasa dar galbena\spectru\680.txt,680,680,920.0,930.0,925.055154,308.031538,311.13,36.602451,26.0
in cutie\frunza sanatoasa dar galbena,leaf_sample,healthy_yellow,680.txt,in cutie\frunza sanatoasa dar galbena\spectru\680.txt,680,680,930.0,940.0,934.97837,317.481852,308.61,55.236836,27.0
in cutie\frunza sanatoasa dar galbena,leaf_sample,healthy_yellow,680.txt,in cutie\frunza sanatoasa dar galbena\spectru\680.txt,680,680,940.0,950.0,945.046519,299.744444,301.05,38.473577,27.0
in cutie\frunza sanatoasa dar galbena,leaf_sample,healthy_yellow,680.txt,in cutie\frunza sanatoasa dar galbena\spectru\680.txt,680,680,950.0,960.0,955.071815,309.454074,316.17,26.903544,27.0
in cutie\frunza sanatoasa dar galbena,leaf_sample,healthy_yellow,680.txt,in cutie\frunza sanatoasa dar galbena\spectru\680.txt,680,680,960.0,970.0,965.053815,317.388889,316.17,32.815996,27.0
in cutie\frunza sanatoasa dar galbena,leaf_sample,healthy_yellow,680.txt,in cutie\frunza sanatoasa dar galbena\spectru\680.txt,680,680,970.0,980.0,974.992481,305.626296,318.7,35.943051,27.0
in cutie\frunza sanatoasa dar galbena,leaf_sample,healthy_yellow,680.txt,in cutie\frunza sanatoasa dar galbena\spectru\680.txt,680,680,980.0,990.0,984.887556,317.575185,313.65,33.038708,27.0
in cutie\frunza sanatoasa dar galbena,leaf_sample,healthy_yellow,680.txt,in cutie\frunza sanatoasa dar galbena\spectru\680.txt,680,680,990.0,1000.0,994.920964,303.392857,302.31,28.887947,28.0
in cutie\frunza sanatoasa dar galbena,leaf_sample,healthy_yellow,680.txt,in cutie\frunza sanatoasa dar galbena\spectru\680.txt,680,680,1000.0,1010.0,1005.09,325.717143,319.96,32.52012,28.0
in cutie\frunza sanatoasa dar galbena,leaf_sample,healthy_yellow,680.txt,in cutie\frunza sanatoasa dar galbena\spectru\680.txt,680,680,1010.0,1020.0,1015.031556,315.614444,311.13,29.253179,27.0
in cutie\frunza sanatoasa dar galbena,leaf_sample,healthy_yellow,680.txt,in cutie\frunza sanatoasa dar galbena\spectru\680.txt,680,680,1020.0,1030.0,1024.926857,318.695,311.13,30.359645,28.0
in cutie\frunza sanatoasa dar galbena,leaf_sample,healthy_yellow,680.txt,in cutie\frunza sanatoasa dar galbena\spectru\680.txt,680,680,1030.0,1040.0,1032.275,286.123077,283.41,31.348986,13.0
in cutie\frunza sanatoasa dar galbena,leaf_sample,healthy_yellow,725.txt,in cutie\frunza sanatoasa dar galbena\spectru\725.txt,725,725,180.0,190.0,188.705167,-117.47,-110.75,41.708389,6.0
in cutie\frunza sanatoasa dar galbena,leaf_sample,healthy_yellow,725.txt,in cutie\frunza sanatoasa dar galbena\spectru\725.txt,725,725,190.0,200.0,194.959762,52.308571,74.51,126.449502,21.0
in cutie\frunza sanatoasa dar galbena,leaf_sample,healthy_yellow,725.txt,in cutie\frunza sanatoasa dar galbena\spectru\725.txt,725,725,200.0,210.0,204.905818,295.409091,298.85,17.864342,22.0
in cutie\frunza sanatoasa dar galbena,leaf_sample,healthy_yellow,725.txt,in cutie\frunza sanatoasa dar galbena\spectru\725.txt,725,725,210.0,220.0,215.0625,288.992727,288.76,30.833063,22.0
in cutie\frunza sanatoasa dar galbena,leaf_sample,healthy_yellow,725.txt,in cutie\frunza sanatoasa dar galbena\spectru\725.txt,725,725,220.0,230.0,224.968333,276.760476,271.12,31.490066,21.0
in cutie\frunza sanatoasa dar galbena,leaf_sample,healthy_yellow,725.txt,in cutie\frunza sanatoasa dar galbena\spectru\725.txt,725,725,230.0,240.0,234.853682,293.002727,296.325,21.965856,22.0
in cutie\frunza sanatoasa dar galbena,leaf_sample,healthy_yellow,725.txt,in cutie\frunza sanatoasa dar galbena\spectru\725.txt,725,725,240.0,250.0,244.948455,309.730455,306.41,75.947345,22.0
in cutie\frunza sanatoasa dar galbena,leaf_sample,healthy_yellow,725.txt,in cutie\frunza sanatoasa dar galbena\spectru\725.txt,725,725,250.0,260.0,255.021727,279.025455,267.34,35.681255,22.0
in cutie\frunza sanatoasa dar galbena,leaf_sample,healthy_yellow,725.txt,in cutie\frunza sanatoasa dar galbena\spectru\725.txt,725,725,260.0,270.0,265.073818,286.357273,284.98,31.769106,22.0
in cutie\frunza sanatoasa dar galbena,leaf_sample,healthy_yellow,725.txt,in cutie\frunza sanatoasa dar galbena\spectru\725.txt,725,725,270.0,280.0,275.104455,301.823636,300.11,38.411783,22.0
in cutie\frunza sanatoasa dar galbena,leaf_sample,healthy_yellow,725.txt,in cutie\frunza sanatoasa dar galbena\spectru\725.txt,725,725,280.0,290.0,285.113545,293.461364,291.285,44.211599,22.0
in cutie\frunza sanatoasa dar galbena,leaf_sample,healthy_yellow,725.txt,in cutie\frunza sanatoasa dar galbena\spectru\725.txt,725,725,290.0,300.0,295.101045,299.305,298.85,22.970994,22.0
in cutie\frunza sanatoasa dar galbena,leaf_sample,healthy_yellow,725.txt,in cutie\frunza sanatoasa dar galbena\spectru\725.txt,725,725,300.0,310.0,305.066727,299.761818,288.76,36.142862,22.0
in cutie\frunza sanatoasa dar galbena,leaf_sample,healthy_yellow,725.txt,in cutie\frunza sanatoasa dar galbena\spectru\725.txt,725,725,310.0,320.0,315.010682,294.033636,292.54,29.463096,22.0
in cutie\frunza sanatoasa dar galbena,leaf_sample,healthy_yellow,725.txt,in cutie\frunza sanatoasa dar galbena\spectru\725.txt,725,725,320.0,330.0,324.932818,300.105455,286.24,39.597534,22.0
in cutie\frunza sanatoasa dar galbena,leaf_sample,healthy_yellow,725.txt,in cutie\frunza sanatoasa dar galbena\spectru\725.txt,725,725,330.0,340.0,334.832955,297.929545,297.59,39.222805,22.0
in cutie\frunza sanatoasa dar galbena,leaf_sample,healthy_yellow,725.txt,in cutie\frunza sanatoasa dar galbena\spectru\725.txt,725,725,340.0,350.0,344.935087,307.283913,308.93,46.942295,23.0
in cutie\frunza sanatoasa dar galbena,leaf_sample,healthy_yellow,725.txt,in cutie\frunza sanatoasa dar galbena\spectru\725.txt,725,725,350.0,360.0,355.014136,305.720909,316.49,37.672809,22.0
in cutie\frunza sanatoasa dar galbena,leaf_sample,healthy_yellow,725.txt,in cutie\frunza sanatoasa dar galbena\spectru\725.txt,725,725,360.0,370.0,365.069739,305.53087,308.93,30.014753,23.0
in cutie\frunza sanatoasa dar galbena,leaf_sample,healthy_yellow,725.txt,in cutie\frunza sanatoasa dar galbena\spectru\725.txt,725,725,370.0,380.0,375.102227,304.459091,305.15,35.863444,22.0
in cutie\frunza sanatoasa dar galbena,leaf_sample,healthy_yellow,725.txt,in cutie\frunza sanatoasa dar galbena\spectru\725.txt,725,725,380.0,390.0,385.110913,306.298261,306.41,41.313079,23.0
in cutie\frunza sanatoasa dar galbena,leaf_sample,healthy_yellow,725.txt,in cutie\frunza sanatoasa dar galbena\spectru\725.txt,725,725,390.0,400.0,395.096045,312.479545,308.93,43.076443,22.0
in cutie\frunza sanatoasa dar galbena,leaf_sample,healthy_yellow,725.txt,in cutie\frunza sanatoasa dar galbena\spectru\725.txt,725,725,400.0,410.0,405.057435,297.202609,296.33,31.975132,23.0
in cutie\frunza sanatoasa dar galbena,leaf_sample,healthy_yellow,725.txt,in cutie\frunza sanatoasa dar galbena\spectru\725.txt,725,725,410.0,420.0,414.995091,313.282273,311.45,39.645223,22.0
in cutie\frunza sanatoasa dar galbena,leaf_sample,healthy_yellow,725.txt,in cutie\frunza sanatoasa dar galbena\spectru\725.txt,725,725,420.0,430.0,424.908696,306.627391,298.85,41.2306,23.0
in cutie\frunza sanatoasa dar galbena,leaf_sample,healthy_yellow,725.txt,in cutie\frunza sanatoasa dar galbena\spectru\725.txt,725,725,430.0,440.0,435.01787,311.12,308.93,31.476716,23.0
in cutie\frunza sanatoasa dar galbena,leaf_sample,healthy_yellow,725.txt,in cutie\frunza sanatoasa dar galbena\spectru\725.txt,725,725,440.0,450.0,445.101783,316.052174,316.49,40.525876,23.0
in cutie\frunza sanatoasa dar galbena,leaf_sample,healthy_yellow,725.txt,in cutie\frunza sanatoasa dar galbena\spectru\725.txt,725,725,450.0,460.0,455.160348,306.298696,301.37,33.690478,23.0
in cutie\frunza sanatoasa dar galbena,leaf_sample,healthy_yellow,725.txt,in cutie\frunza sanatoasa dar galbena\spectru\725.txt,725,725,460.0,470.0,465.193435,311.11913,308.93,37.638527,23.0
in cutie\frunza sanatoasa dar galbena,leaf_sample,healthy_yellow,725.txt,in cutie\frunza sanatoasa dar galbena\spectru\725.txt,725,725,470.0,480.0,475.201,306.188696,306.41,32.686495,23.0
in cutie\frunza sanatoasa dar galbena,leaf_sample,healthy_yellow,725.txt,in cutie\frunza sanatoasa dar galbena\spectru\725.txt,725,725,480.0,490.0,485.182913,294.243043,293.8,24.285333,23.0
in cutie\frunza sanatoasa dar galbena,leaf_sample,healthy_yellow,725.txt,in cutie\frunza sanatoasa dar galbena\spectru\725.txt,725,725,490.0,500.0,495.139043,308.709565,303.89,36.984415,23.0
in cutie\frunza sanatoasa dar galbena,leaf_sample,healthy_yellow,725.txt,in cutie\frunza sanatoasa dar galbena\spectru\725.txt,725,725,500.0,510.0,505.069348,314.845217,303.89,40.646948,23.0
in cutie\frunza sanatoasa dar galbena,leaf_sample,healthy_yellow,725.txt,in cutie\frunza sanatoasa dar galbena\spectru\725.txt,725,725,510.0,520.0,514.973652,307.831739,319.01,37.208609,23.0
in cutie\frunza sanatoasa dar galbena,leaf_sample,healthy_yellow,725.txt,in cutie\frunza sanatoasa dar galbena\spectru\725.txt,725,725,520.0,530.0,525.066167,315.859583,320.27,42.931686,24.0
in cutie\frunza sanatoasa dar galbena,leaf_sample,healthy_yellow,725.txt,in cutie\frunza sanatoasa dar galbena\spectru\725.txt,725,725,530.0,540.0,535.131478,308.051304,313.97,35.331753,23.0
in cutie\frunza sanatoasa dar galbena,leaf_sample,healthy_yellow,725.txt,in cutie\frunza sanatoasa dar galbena\spectru\725.txt,725,725,540.0,550.0,544.956,317.256522,311.45,33.721603,23.0
in cutie\frunza sanatoasa dar galbena,leaf_sample,healthy_yellow,725.txt,in cutie\frunza sanatoasa dar galbena\spectru\725.txt,725,725,550.0,560.0,554.966667,306.618333,303.89,32.040443,24.0
in cutie\frunza sanatoasa dar galbena,leaf_sample,healthy_yellow,725.txt,in cutie\frunza sanatoasa dar galbena\spectru\725.txt,725,725,560.0,570.0,564.949739,315.832609,311.45,29.630518,23.0
in cutie\frunza sanatoasa dar galbena,leaf_sample,healthy_yellow,725.txt,in cutie\frunza sanatoasa dar galbena\spectru\725.txt,725,725,570.0,580.0,574.905,306.092083,298.85,31.993432,24.0
in cutie\frunza sanatoasa dar galbena,leaf_sample,healthy_yellow,725.txt,in cutie\frunza sanatoasa dar galbena\spectru\725.txt,725,725,580.0,590.0,585.043208,308.50875,305.15,38.029375,24.0
in cutie\frunza sanatoasa dar galbena,leaf_sample,healthy_yellow,725.txt,in cutie\frunza sanatoasa dar galbena\spectru\725.txt,725,725,590.0,600.0,595.152042,328.462083,334.13,32.191062,24.0
in cutie\frunza sanatoasa dar galbena,leaf_sample,healthy_yellow,725.txt,in cutie\frunza sanatoasa dar galbena\spectru\725.txt,725,725,600.0,610.0,605.02213,309.584783,316.49,27.613049,23.0
in cutie\frunza sanatoasa dar galbena,leaf_sample,healthy_yellow,725.txt,in cutie\frunza sanatoasa dar galbena\spectru\725.txt,725,725,610.0,620.0,614.863458,310.92375,308.93,32.961055,24.0
in cutie\frunza sanatoasa dar galbena,leaf_sample,healthy_yellow,725.txt,in cutie\frunza sanatoasa dar galbena\spectru\725.txt,725,725,620.0,630.0,624.885125,308.193333,316.49,35.403967,24.0
in cutie\frunza sanatoasa dar galbena,leaf_sample,healthy_yellow,725.txt,in cutie\frunza sanatoasa dar galbena\spectru\725.txt,725,725,630.0,640.0,634.876917,315.86,303.89,52.279177,24.0
in cutie\frunza sanatoasa dar galbena,leaf_sample,healthy_yellow,725.txt,in cutie\frunza sanatoasa dar galbena\spectru\725.txt,725,725,640.0,650.0,644.83875,314.390833,302.63,40.770703,24.0
in cutie\frunza sanatoasa dar galbena,leaf_sample,healthy_yellow,725.txt,in cutie\frunza sanatoasa dar galbena\spectru\725.txt,725,725,650.0,660.0,654.97728,314.3724,319.01,31.511045,25.0
in cutie\frunza sanatoasa dar galbena,leaf_sample,healthy_yellow,725.txt,in cutie\frunza sanatoasa dar galbena\spectru\725.txt,725,725,660.0,670.0,665.084458,309.663333,308.93,35.567458,24.0
in cutie\frunza sanatoasa dar galbena,leaf_sample,healthy_yellow,725.txt,in cutie\frunza sanatoasa dar galbena\spectru\725.txt,725,725,670.0,680.0,674.95475,310.92375,305.15,25.278966,24.0
in cutie\frunza sanatoasa dar galbena,leaf_sample,healthy_yellow,725.txt,in cutie\frunza sanatoasa dar galbena\spectru\725.txt,725,725,680.0,690.0,684.9992,312.456,308.93,33.134172,25.0
in cutie\frunza sanatoasa dar galbena,leaf_sample,healthy_yellow,725.txt,in cutie\frunza sanatoasa dar galbena\spectru\725.txt,725,725,690.0,700.0,695.012,332.138333,330.35,51.378136,24.0
in cutie\frunza sanatoasa dar galbena,leaf_sample,healthy_yellow,725.txt,in cutie\frunza sanatoasa dar galbena\spectru\725.txt,725,725,700.0,710.0,704.99268,423.0588,417.31,51.673918,25.0
in cutie\frunza sanatoasa dar galbena,leaf_sample,healthy_yellow,725.txt,in cutie\frunza sanatoasa dar galbena\spectru\725.txt,725,725,710.0,720.0,714.9415,507.00375,508.05,40.361198,24.0
in cutie\frunza sanatoasa dar galbena,leaf_sample,healthy_yellow,725.txt,in cutie\frunza sanatoasa dar galbena\spectru\725.txt,725,725,720.0,730.0,724.85784,541.1236,545.86,35.663836,25.0
in cutie\frunza sanatoasa dar galbena,leaf_sample,healthy_yellow,725.txt,in cutie\frunza sanatoasa dar galbena\spectru\725.txt,725,725,730.0,740.0,734.94336,482.8468,487.89,49.474809,25.0
in cutie\frunza sanatoasa dar galbena,leaf_sample,healthy_yellow,725.txt,in cutie\frunza sanatoasa dar galbena\spectru\725.txt,725,725,740.0,750.0,744.99528,368.0104,364.38,38.82715,25.0
in cutie\frunza sanatoasa dar galbena,leaf_sample,healthy_yellow,725.txt,in cutie\frunza sanatoasa dar galbena\spectru\725.txt,725,725,750.0,760.0,755.01288,324.2528,319.01,35.019629,25.0
in cutie\frunza sanatoasa dar galbena,leaf_sample,healthy_yellow,725.txt,in cutie\frunza sanatoasa dar galbena\spectru\725.txt,725,725,760.0,770.0,764.99664,320.1196,324.05,26.590414,25.0
in cutie\frunza sanatoasa dar galbena,leaf_sample,healthy_yellow,725.txt,in cutie\frunza sanatoasa dar galbena\spectru\725.txt,725,725,770.0,780.0,774.94604,325.0596,324.05,37.372906,25.0
in cutie\frunza sanatoasa dar galbena,leaf_sample,healthy_yellow,725.txt,in cutie\frunza sanatoasa dar galbena\spectru\725.txt,725,725,780.0,790.0,784.86132,312.7592,313.97,32.78746,25.0
in cutie\frunza sanatoasa dar galbena,leaf_sample,healthy_yellow,725.txt,in cutie\frunza sanatoasa dar galbena\spectru\725.txt,725,725,790.0,800.0,794.938962,325.990385,334.13,35.573225,26.0
in cutie\frunza sanatoasa dar galbena,leaf_sample,healthy_yellow,725.txt,in cutie\frunza sanatoasa dar galbena\spectru\725.txt,725,725,800.0,810.0,804.98072,328.0856,329.09,40.227861,25.0
in cutie\frunza sanatoasa dar galbena,leaf_sample,healthy_yellow,725.txt,in cutie\frunza sanatoasa dar galbena\spectru\725.txt,725,725,810.0,820.0,814.986231,326.959615,322.79,29.284081,26.0
in cutie\frunza sanatoasa dar galbena,leaf_sample,healthy_yellow,725.txt,in cutie\frunza sanatoasa dar galbena\spectru\725.txt,725,725,820.0,830.0,824.95548,331.6124,331.61,32.538669,25.0
in cutie\frunza sanatoasa dar galbena,leaf_sample,healthy_yellow,725.txt,in cutie\frunza sanatoasa dar galbena\spectru\725.txt,725,725,830.0,840.0,834.888115,320.948846,324.05,28.587401,26.0
in cutie\frunza sanatoasa dar galbena,leaf_sample,healthy_yellow,725.txt,in cutie\frunza sanatoasa dar galbena\spectru\725.txt,725,725,840.0,850.0,844.977846,311.351154,312.71,34.977411,26.0
in cutie\frunza sanatoasa dar galbena,leaf_sample,healthy_yellow,725.txt,in cutie\frunza sanatoasa dar galbena\spectru\725.txt,725,725,850.0,860.0,855.029308,304.759231,297.59,37.69738,26.0
in cutie\frunza sanatoasa dar galbena,leaf_sample,healthy_yellow,725.txt,in cutie\frunza sanatoasa dar galbena\spectru\725.txt,725,725,860.0,870.0,865.042308,327.444615,329.09,35.788923,26.0
in cutie\frunza sanatoasa dar galbena,leaf_sample,healthy_yellow,725.txt,in cutie\frunza sanatoasa dar galbena\spectru\725.txt,725,725,870.0,880.0,875.016731,309.315769,307.67,43.874374,26.0
in cutie\frunza sanatoasa dar galbena,leaf_sample,healthy_yellow,725.txt,in cutie\frunza sanatoasa dar galbena\spectru\725.txt,725,725,880.0,890.0,884.952385,312.902692,311.45,33.898198,26.0
in cutie\frunza sanatoasa dar galbena,leaf_sample,healthy_yellow,725.txt,in cutie\frunza sanatoasa dar galbena\spectru\725.txt,725,725,890.0,900.0,895.039037,339.175556,303.89,162.586099,27.0
in cutie\frunza sanatoasa dar galbena,leaf_sample,healthy_yellow,725.txt,in cutie\frunza sanatoasa dar galbena\spectru\725.txt,725,725,900.0,910.0,905.085308,302.821538,300.11,32.243115,26.0
in cutie\frunza sanatoasa dar galbena,leaf_sample,healthy_yellow,725.txt,in cutie\frunza sanatoasa dar galbena\spectru\725.txt,725,725,910.0,920.0,915.090519,309.302593,308.93,41.312793,27.0
in cutie\frunza sanatoasa dar galbena,leaf_sample,healthy_yellow,725.txt,in cutie\frunza sanatoasa dar galbena\spectru\725.txt,725,725,920.0,930.0,925.055154,310.091923,312.71,36.474227,26.0
in cutie\frunza sanatoasa dar galbena,leaf_sample,healthy_yellow,725.txt,in cutie\frunza sanatoasa dar galbena\spectru\725.txt,725,725,930.0,940.0,934.97837,314.155926,308.93,64.875558,27.0
in cutie\frunza sanatoasa dar galbena,leaf_sample,healthy_yellow,725.txt,in cutie\frunza sanatoasa dar galbena\spectru\725.txt,725,725,940.0,950.0,945.046519,314.716296,313.97,31.217792,27.0
in cutie\frunza sanatoasa dar galbena,leaf_sample,healthy_yellow,725.txt,in cutie\frunza sanatoasa dar galbena\spectru\725.txt,725,725,950.0,960.0,955.071815,304.446296,298.85,26.28669,27.0
in cutie\frunza sanatoasa dar galbena,leaf_sample,healthy_yellow,725.txt,in cutie\frunza sanatoasa dar galbena\spectru\725.txt,725,725,960.0,970.0,965.053815,311.449259,311.45,37.473878,27.0
in cutie\frunza sanatoasa dar galbena,leaf_sample,healthy_yellow,725.txt,in cutie\frunza sanatoasa dar galbena\spectru\725.txt,725,725,970.0,980.0,974.992481,300.991852,293.8,24.627324,27.0
in cutie\frunza sanatoasa dar galbena,leaf_sample,healthy_yellow,725.txt,in cutie\frunza sanatoasa dar galbena\spectru\725.txt,725,725,980.0,990.0,984.887556,300.06,301.37,32.622924,27.0
in cutie\frunza sanatoasa dar galbena,leaf_sample,healthy_yellow,725.txt,in cutie\frunza sanatoasa dar galbena\spectru\725.txt,725,725,990.0,1000.0,994.920964,312.258929,307.67,35.231357,28.0
in cutie\frunza sanatoasa dar galbena,leaf_sample,healthy_yellow,725.txt,in cutie\frunza sanatoasa dar galbena\spectru\725.txt,725,725,1000.0,1010.0,1005.09,305.057143,310.19,36.136348,28.0
in cutie\frunza sanatoasa dar galbena,leaf_sample,healthy_yellow,725.txt,in cutie\frunza sanatoasa dar galbena\spectru\725.txt,725,725,1010.0,1020.0,1015.031556,299.872593,306.41,31.288545,27.0
in cutie\frunza sanatoasa dar galbena,leaf_sample,healthy_yellow,725.txt,in cutie\frunza sanatoasa dar galbena\spectru\725.txt,725,725,1020.0,1030.0,1024.926857,298.576071,300.11,34.915035,28.0
in cutie\frunza sanatoasa dar galbena,leaf_sample,healthy_yellow,725.txt,in cutie\frunza sanatoasa dar galbena\spectru\725.txt,725,725,1030.0,1040.0,1032.275,301.947692,303.89,36.82296,13.0
in cutie\frunza sanatoasa dar galbena,leaf_sample,healthy_yellow,850.txt,in cutie\frunza sanatoasa dar galbena\spectru\850.txt,850,850,180.0,190.0,188.705167,-123.453333,-111.69,19.882395,6.0
in cutie\frunza sanatoasa dar galbena,leaf_sample,healthy_yellow,850.txt,in cutie\frunza sanatoasa dar galbena\spectru\850.txt,850,850,190.0,200.0,194.959762,46.021905,64.75,117.524425,21.0
in cutie\frunza sanatoasa dar galbena,leaf_sample,healthy_yellow,850.txt,in cutie\frunza sanatoasa dar galbena\spectru\850.txt,850,850,200.0,210.0,204.905818,300.077727,304.2,47.525998,22.0
in cutie\frunza sanatoasa dar galbena,leaf_sample,healthy_yellow,850.txt,in cutie\frunza sanatoasa dar galbena\spectru\850.txt,850,850,210.0,220.0,215.0625,296.870455,311.76,43.218061,22.0
in cutie\frunza sanatoasa dar galbena,leaf_sample,healthy_yellow,850.txt,in cutie\frunza sanatoasa dar galbena\spectru\850.txt,850,850,220.0,230.0,224.968333,280.316667,294.12,32.768486,21.0
in cutie\frunza sanatoasa dar galbena,leaf_sample,healthy_yellow,850.txt,in cutie\frunza sanatoasa dar galbena\spectru\850.txt,850,850,230.0,240.0,234.853682,286.099545,289.08,40.362719,22.0
in cutie\frunza sanatoasa dar galbena,leaf_sample,healthy_yellow,850.txt,in cutie\frunza sanatoasa dar galbena\spectru\850.txt,850,850,240.0,250.0,244.948455,305.233182,302.94,54.753877,22.0
in cutie\frunza sanatoasa dar galbena,leaf_sample,healthy_yellow,850.txt,in cutie\frunza sanatoasa dar galbena\spectru\850.txt,850,850,250.0,260.0,255.021727,294.235455,294.12,27.970038,22.0
in cutie\frunza sanatoasa dar galbena,leaf_sample,healthy_yellow,850.txt,in cutie\frunza sanatoasa dar galbena\spectru\850.txt,850,850,260.0,270.0,265.073818,298.588636,294.12,35.090678,22.0
in cutie\frunza sanatoasa dar galbena,leaf_sample,healthy_yellow,850.txt,in cutie\frunza sanatoasa dar galbena\spectru\850.txt,850,850,270.0,280.0,275.104455,307.524545,306.72,28.359826,22.0
in cutie\frunza sanatoasa dar galbena,leaf_sample,healthy_yellow,850.txt,in cutie\frunza sanatoasa dar galbena\spectru\850.txt,850,850,280.0,290.0,285.113545,295.495909,287.82,24.364592,22.0
in cutie\frunza sanatoasa dar galbena,leaf_sample,healthy_yellow,850.txt,in cutie\frunza sanatoasa dar galbena\spectru\850.txt,850,850,290.0,300.0,295.101045,293.089091,294.12,33.504995,22.0
in cutie\frunza sanatoasa dar galbena,leaf_sample,healthy_yellow,850.txt,in cutie\frunza sanatoasa dar galbena\spectru\850.txt,850,850,300.0,310.0,305.066727,291.027727,291.6,37.370533,22.0
in cutie\frunza sanatoasa dar galbena,leaf_sample,healthy_yellow,850.txt,in cutie\frunza sanatoasa dar galbena\spectru\850.txt,850,850,310.0,320.0,315.010682,300.994091,296.64,36.945049,22.0
in cutie\frunza sanatoasa dar galbena,leaf_sample,healthy_yellow,850.txt,in cutie\frunza sanatoasa dar galbena\spectru\850.txt,850,850,320.0,330.0,324.932818,303.744091,309.24,29.066366,22.0
in cutie\frunza sanatoasa dar galbena,leaf_sample,healthy_yellow,850.txt,in cutie\frunza sanatoasa dar galbena\spectru\850.txt,850,850,330.0,340.0,334.832955,303.858182,296.64,28.720579,22.0
in cutie\frunza sanatoasa dar galbena,leaf_sample,healthy_yellow,850.txt,in cutie\frunza sanatoasa dar galbena\spectru\850.txt,850,850,340.0,350.0,344.935087,314.613043,306.72,65.498031,23.0
in cutie\frunza sanatoasa dar galbena,leaf_sample,healthy_yellow,850.txt,in cutie\frunza sanatoasa dar galbena\spectru\850.txt,850,850,350.0,360.0,355.014136,317.722273,321.85,29.371067,22.0
in cutie\frunza sanatoasa dar galbena,leaf_sample,healthy_yellow,850.txt,in cutie\frunza sanatoasa dar galbena\spectru\850.txt,850,850,360.0,370.0,365.069739,309.463478,316.81,31.445962,23.0
in cutie\frunza sanatoasa dar galbena,leaf_sample,healthy_yellow,850.txt,in cutie\frunza sanatoasa dar galbena\spectru\850.txt,850,850,370.0,380.0,375.102227,319.899091,321.85,34.299848,22.0
in cutie\frunza sanatoasa dar galbena,leaf_sample,healthy_yellow,850.txt,in cutie\frunza sanatoasa dar galbena\spectru\850.txt,850,850,380.0,390.0,385.110913,323.709565,309.24,47.333194,23.0
in cutie\frunza sanatoasa dar galbena,leaf_sample,healthy_yellow,850.txt,in cutie\frunza sanatoasa dar galbena\spectru\850.txt,850,850,390.0,400.0,395.096045,310.962727,306.72,40.34694,22.0
in cutie\frunza sanatoasa dar galbena,leaf_sample,healthy_yellow,850.txt,in cutie\frunza sanatoasa dar galbena\spectru\850.txt,850,850,400.0,410.0,405.057435,323.600435,326.89,31.47788,23.0
in cutie\frunza sanatoasa dar galbena,leaf_sample,healthy_yellow,850.txt,in cutie\frunza sanatoasa dar galbena\spectru\850.txt,850,850,410.0,420.0,414.995091,309.702273,301.68,42.697564,22.0
in cutie\frunza sanatoasa dar galbena,leaf_sample,healthy_yellow,850.txt,in cutie\frunza sanatoasa dar galbena\spectru\850.txt,850,850,420.0,430.0,424.908696,300.257391,289.08,36.007909,23.0
in cutie\frunza sanatoasa dar galbena,leaf_sample,healthy_yellow,850.txt,in cutie\frunza sanatoasa dar galbena\spectru\850.txt,850,850,430.0,440.0,435.01787,298.503478,301.68,34.071646,23.0
in cutie\frunza sanatoasa dar galbena,leaf_sample,healthy_yellow,850.txt,in cutie\frunza sanatoasa dar galbena\spectru\850.txt,850,850,440.0,450.0,445.101783,334.120435,336.97,37.396234,23.0
in cutie\frunza sanatoasa dar galbena,leaf_sample,healthy_yellow,850.txt,in cutie\frunza sanatoasa dar galbena\spectru\850.txt,850,850,450.0,460.0,455.160348,351.654783,357.13,40.414471,23.0
in cutie\frunza sanatoasa dar galbena,leaf_sample,healthy_yellow,850.txt,in cutie\frunza sanatoasa dar galbena\spectru\850.txt,850,850,460.0,470.0,465.193435,337.736087,339.49,31.704232,23.0
in cutie\frunza sanatoasa dar galbena,leaf_sample,healthy_yellow,850.txt,in cutie\frunza sanatoasa dar galbena\spectru\850.txt,850,850,470.0,480.0,475.201,346.285217,352.09,36.20278,23.0
in cutie\frunza sanatoasa dar galbena,leaf_sample,healthy_yellow,850.txt,in cutie\frunza sanatoasa dar galbena\spectru\850.txt,850,850,480.0,490.0,485.182913,340.148696,336.97,27.552817,23.0
in cutie\frunza sanatoasa dar galbena,leaf_sample,healthy_yellow,850.txt,in cutie\frunza sanatoasa dar galbena\spectru\850.txt,850,850,490.0,500.0,495.139043,359.873478,352.09,31.907065,23.0
in cutie\frunza sanatoasa dar galbena,leaf_sample,healthy_yellow,850.txt,in cutie\frunza sanatoasa dar galbena\spectru\850.txt,850,850,500.0,510.0,505.069348,369.517826,359.65,61.454033,23.0
in cutie\frunza sanatoasa dar galbena,leaf_sample,healthy_yellow,850.txt,in cutie\frunza sanatoasa dar galbena\spectru\850.txt,850,850,510.0,520.0,514.973652,375.763478,377.3,37.36992,23.0
in cutie\frunza sanatoasa dar galbena,leaf_sample,healthy_yellow,850.txt,in cutie\frunza sanatoasa dar galbena\spectru\850.txt,850,850,520.0,530.0,525.066167,378.455,379.82,31.422865,24.0
in cutie\frunza sanatoasa dar galbena,leaf_sample,healthy_yellow,850.txt,in cutie\frunza sanatoasa dar galbena\spectru\850.txt,850,850,530.0,540.0,535.131478,357.024783,354.61,30.368639,23.0
in cutie\frunza sanatoasa dar galbena,leaf_sample,healthy_yellow,850.txt,in cutie\frunza sanatoasa dar galbena\spectru\850.txt,850,850,540.0,550.0,544.956,364.037826,364.7,30.701655,23.0
in cutie\frunza sanatoasa dar galbena,leaf_sample,healthy_yellow,850.txt,in cutie\frunza sanatoasa dar galbena\spectru\850.txt,850,850,550.0,560.0,554.966667,374.252917,383.6,36.937941,24.0
in cutie\frunza sanatoasa dar galbena,leaf_sample,healthy_yellow,850.txt,in cutie\frunza sanatoasa dar galbena\spectru\850.txt,850,850,560.0,570.0,564.949739,370.944348,367.22,29.430287,23.0
in cutie\frunza sanatoasa dar galbena,leaf_sample,healthy_yellow,850.txt,in cutie\frunza sanatoasa dar galbena\spectru\850.txt,850,850,570.0,580.0,574.905,366.062083,365.96,41.269029,24.0
in cutie\frunza sanatoasa dar galbena,leaf_sample,healthy_yellow,850.txt,in cutie\frunza sanatoasa dar galbena\spectru\850.txt,850,850,580.0,590.0,585.043208,383.60125,384.86,31.699784,24.0
in cutie\frunza sanatoasa dar galbena,leaf_sample,healthy_yellow,850.txt,in cutie\frunza sanatoasa dar galbena\spectru\850.txt,850,850,590.0,600.0,595.152042,367.321667,365.96,34.51769,24.0
in cutie\frunza sanatoasa dar galbena,leaf_sample,healthy_yellow,850.txt,in cutie\frunza sanatoasa dar galbena\spectru\850.txt,850,850,600.0,610.0,605.02213,380.696957,372.26,30.114306,23.0
in cutie\frunza sanatoasa dar galbena,leaf_sample,healthy_yellow,850.txt,in cutie\frunza sanatoasa dar galbena\spectru\850.txt,850,850,610.0,620.0,614.863458,364.485833,360.915,31.98146,24.0
in cutie\frunza sanatoasa dar galbena,leaf_sample,healthy_yellow,850.txt,in cutie\frunza sanatoasa dar galbena\spectru\850.txt,850,850,620.0,630.0,624.885125,365.116667,364.7,25.159983,24.0
in cutie\frunza sanatoasa dar galbena,leaf_sample,healthy_yellow,850.txt,in cutie\frunza sanatoasa dar galbena\spectru\850.txt,850,850,630.0,640.0,634.876917,336.444583,340.75,30.767673,24.0
in cutie\frunza sanatoasa dar galbena,leaf_sample,healthy_yellow,850.txt,in cutie\frunza sanatoasa dar galbena\spectru\850.txt,850,850,640.0,650.0,644.83875,348.417083,347.05,32.984139,24.0
in cutie\frunza sanatoasa dar galbena,leaf_sample,healthy_yellow,850.txt,in cutie\frunza sanatoasa dar galbena\spectru\850.txt,850,850,650.0,660.0,654.97728,339.1884,334.45,35.585277,25.0
in cutie\frunza sanatoasa dar galbena,leaf_sample,healthy_yellow,850.txt,in cutie\frunza sanatoasa dar galbena\spectru\850.txt,850,850,660.0,670.0,665.084458,331.82375,335.71,35.739174,24.0
in cutie\frunza sanatoasa dar galbena,leaf_sample,healthy_yellow,850.txt,in cutie\frunza sanatoasa dar galbena\spectru\850.txt,850,850,670.0,680.0,674.95475,339.490417,343.27,31.867062,24.0
in cutie\frunza sanatoasa dar galbena,leaf_sample,healthy_yellow,850.txt,in cutie\frunza sanatoasa dar galbena\spectru\850.txt,850,850,680.0,690.0,684.9992,331.2236,329.41,41.585261,25.0
in cutie\frunza sanatoasa dar galbena,leaf_sample,healthy_yellow,850.txt,in cutie\frunza sanatoasa dar galbena\spectru\850.txt,850,850,690.0,700.0,695.012,322.896667,323.11,25.899312,24.0
in cutie\frunza sanatoasa dar galbena,leaf_sample,healthy_yellow,850.txt,in cutie\frunza sanatoasa dar galbena\spectru\850.txt,850,850,700.0,710.0,704.99268,333.038,324.37,31.329026,25.0
in cutie\frunza sanatoasa dar galbena,leaf_sample,healthy_yellow,850.txt,in cutie\frunza sanatoasa dar galbena\spectru\850.txt,850,850,710.0,720.0,714.9415,334.65875,342.01,36.569479,24.0
in cutie\frunza sanatoasa dar galbena,leaf_sample,healthy_yellow,850.txt,in cutie\frunza sanatoasa dar galbena\spectru\850.txt,850,850,720.0,730.0,724.85784,316.906,314.28,31.121566,25.0
in cutie\frunza sanatoasa dar galbena,leaf_sample,healthy_yellow,850.txt,in cutie\frunza sanatoasa dar galbena\spectru\850.txt,850,850,730.0,740.0,734.94336,344.9332,354.61,39.563208,25.0
in cutie\frunza sanatoasa dar galbena,leaf_sample,healthy_yellow,850.txt,in cutie\frunza sanatoasa dar galbena\spectru\850.txt,850,850,740.0,750.0,744.99528,329.2064,329.41,39.494103,25.0
in cutie\frunza sanatoasa dar galbena,leaf_sample,healthy_yellow,850.txt,in cutie\frunza sanatoasa dar galbena\spectru\850.txt,850,850,750.0,760.0,755.01288,315.2928,314.28,34.131336,25.0
in cutie\frunza sanatoasa dar galbena,leaf_sample,healthy_yellow,850.txt,in cutie\frunza sanatoasa dar galbena\spectru\850.txt,850,850,760.0,770.0,764.99664,328.5016,326.89,32.971096,25.0
in cutie\frunza sanatoasa dar galbena,leaf_sample,healthy_yellow,850.txt,in cutie\frunza sanatoasa dar galbena\spectru\850.txt,850,850,770.0,780.0,774.94604,335.0536,329.41,33.403233,25.0
in cutie\frunza sanatoasa dar galbena,leaf_sample,healthy_yellow,850.txt,in cutie\frunza sanatoasa dar galbena\spectru\850.txt,850,850,780.0,790.0,784.86132,334.148,329.41,39.394677,25.0
in cutie\frunza sanatoasa dar galbena,leaf_sample,healthy_yellow,850.txt,in cutie\frunza sanatoasa dar galbena\spectru\850.txt,850,850,790.0,800.0,794.938962,330.668077,329.41,40.469256,26.0
in cutie\frunza sanatoasa dar galbena,leaf_sample,healthy_yellow,850.txt,in cutie\frunza sanatoasa dar galbena\spectru\850.txt,850,850,800.0,810.0,804.98072,320.8384,321.85,37.999989,25.0
in cutie\frunza sanatoasa dar galbena,leaf_sample,healthy_yellow,850.txt,in cutie\frunza sanatoasa dar galbena\spectru\850.txt,850,850,810.0,820.0,814.986231,347.730385,342.01,38.851185,26.0
in cutie\frunza sanatoasa dar galbena,leaf_sample,healthy_yellow,850.txt,in cutie\frunza sanatoasa dar galbena\spectru\850.txt,850,850,820.0,830.0,824.95548,399.8828,412.59,38.454661,25.0
in cutie\frunza sanatoasa dar galbena,leaf_sample,healthy_yellow,850.txt,in cutie\frunza sanatoasa dar galbena\spectru\850.txt,850,850,830.0,840.0,834.888115,456.503077,456.7,32.961658,26.0
in cutie\frunza sanatoasa dar galbena,leaf_sample,healthy_yellow,850.txt,in cutie\frunza sanatoasa dar galbena\spectru\850.txt,850,850,840.0,850.0,844.977846,456.018462,456.7,37.939139,26.0
in cutie\frunza sanatoasa dar galbena,leaf_sample,healthy_yellow,850.txt,in cutie\frunza sanatoasa dar galbena\spectru\850.txt,850,850,850.0,860.0,855.029308,413.362308,420.15,28.999336,26.0
in cutie\frunza sanatoasa dar galbena,leaf_sample,healthy_yellow,850.txt,in cutie\frunza sanatoasa dar galbena\spectru\850.txt,850,850,860.0,870.0,865.042308,380.691538,384.86,35.04419,26.0
in cutie\frunza sanatoasa dar galbena,leaf_sample,healthy_yellow,850.txt,in cutie\frunza sanatoasa dar galbena\spectru\850.txt,850,850,870.0,880.0,875.016731,354.613846,360.915,33.940849,26.0
in cutie\frunza sanatoasa dar galbena,leaf_sample,healthy_yellow,850.txt,in cutie\frunza sanatoasa dar galbena\spectru\850.txt,850,850,880.0,890.0,884.952385,313.895769,310.5,30.316438,26.0
in cutie\frunza sanatoasa dar galbena,leaf_sample,healthy_yellow,850.txt,in cutie\frunza sanatoasa dar galbena\spectru\850.txt,850,850,890.0,900.0,895.039037,354.707037,311.76,171.900177,27.0
in cutie\frunza sanatoasa dar galbena,leaf_sample,healthy_yellow,850.txt,in cutie\frunza sanatoasa dar galbena\spectru\850.txt,850,850,900.0,910.0,905.085308,315.931923,314.28,32.534976,26.0
in cutie\frunza sanatoasa dar galbena,leaf_sample,healthy_yellow,850.txt,in cutie\frunza sanatoasa dar galbena\spectru\850.txt,850,850,910.0,920.0,915.090519,314.191111,316.81,31.132023,27.0
in cutie\frunza sanatoasa dar galbena,leaf_sample,healthy_yellow,850.txt,in cutie\frunza sanatoasa dar galbena\spectru\850.txt,850,850,920.0,930.0,925.055154,319.421538,315.545,32.282728,26.0
in cutie\frunza sanatoasa dar galbena,leaf_sample,healthy_yellow,850.txt,in cutie\frunza sanatoasa dar galbena\spectru\850.txt,850,850,930.0,940.0,934.97837,331.367778,314.28,67.258388,27.0
in cutie\frunza sanatoasa dar galbena,leaf_sample,healthy_yellow,850.txt,in cutie\frunza sanatoasa dar galbena\spectru\850.txt,850,850,940.0,950.0,945.046519,311.298148,319.33,46.091323,27.0
in cutie\frunza sanatoasa dar galbena,leaf_sample,healthy_yellow,850.txt,in cutie\frunza sanatoasa dar galbena\spectru\850.txt,850,850,950.0,960.0,955.071815,323.33963,326.89,39.067641,27.0
in cutie\frunza sanatoasa dar galbena,leaf_sample,healthy_yellow,850.txt,in cutie\frunza sanatoasa dar galbena\spectru\850.txt,850,850,960.0,970.0,965.053815,311.763704,301.68,36.770449,27.0
in cutie\frunza sanatoasa dar galbena,leaf_sample,healthy_yellow,850.txt,in cutie\frunza sanatoasa dar galbena\spectru\850.txt,850,850,970.0,980.0,974.992481,316.338148,311.76,35.001114,27.0
in cutie\frunza sanatoasa dar galbena,leaf_sample,healthy_yellow,850.txt,in cutie\frunza sanatoasa dar galbena\spectru\850.txt,850,850,980.0,990.0,984.887556,318.019259,316.81,30.328933,27.0
in cutie\frunza sanatoasa dar galbena,leaf_sample,healthy_yellow,850.txt,in cutie\frunza sanatoasa dar galbena\spectru\850.txt,850,850,990.0,1000.0,994.920964,310.323571,315.545,29.430711,28.0
in cutie\frunza sanatoasa dar galbena,leaf_sample,healthy_yellow,850.txt,in cutie\frunza sanatoasa dar galbena\spectru\850.txt,850,850,1000.0,1010.0,1005.09,311.132857,311.76,37.889977,28.0
in cutie\frunza sanatoasa dar galbena,leaf_sample,healthy_yellow,850.txt,in cutie\frunza sanatoasa dar galbena\spectru\850.txt,850,850,1010.0,1020.0,1015.031556,323.62,324.37,25.803322,27.0
in cutie\frunza sanatoasa dar galbena,leaf_sample,healthy_yellow,850.txt,in cutie\frunza sanatoasa dar galbena\spectru\850.txt,850,850,1020.0,1030.0,1024.926857,333.549286,338.23,34.95996,28.0
in cutie\frunza sanatoasa dar galbena,leaf_sample,healthy_yellow,850.txt,in cutie\frunza sanatoasa dar galbena\spectru\850.txt,850,850,1030.0,1040.0,1032.275,335.612308,336.97,36.868079,13.0
in cutie\frunza sanatoasa dar galbena,leaf_sample,healthy_yellow,940.txt,in cutie\frunza sanatoasa dar galbena\spectru\940.txt,940,940,180.0,190.0,188.705167,-97.673333,-83.81,22.590751,6.0
in cutie\frunza sanatoasa dar galbena,leaf_sample,healthy_yellow,940.txt,in cutie\frunza sanatoasa dar galbena\spectru\940.txt,940,940,190.0,200.0,194.959762,42.759048,28.36,113.385965,21.0
in cutie\frunza sanatoasa dar galbena,leaf_sample,healthy_yellow,940.txt,in cutie\frunza sanatoasa dar galbena\spectru\940.txt,940,940,200.0,210.0,204.905818,304.474091,306.88,45.450815,22.0
in cutie\frunza sanatoasa dar galbena,leaf_sample,healthy_yellow,940.txt,in cutie\frunza sanatoasa dar galbena\spectru\940.txt,940,940,210.0,220.0,215.0625,281.787727,277.89,30.577041,22.0
in cutie\frunza sanatoasa dar galbena,leaf_sample,healthy_yellow,940.txt,in cutie\frunza sanatoasa dar galbena\spectru\940.txt,940,940,220.0,230.0,224.968333,262.530476,262.77,30.544346,21.0
in cutie\frunza sanatoasa dar galbena,leaf_sample,healthy_yellow,940.txt,in cutie\frunza sanatoasa dar galbena\spectru\940.txt,940,940,230.0,240.0,234.853682,272.737273,276.63,32.203258,22.0
in cutie\frunza sanatoasa dar galbena,leaf_sample,healthy_yellow,940.txt,in cutie\frunza sanatoasa dar galbena\spectru\940.txt,940,940,240.0,250.0,244.948455,298.746364,295.54,53.6748,22.0
in cutie\frunza sanatoasa dar galbena,leaf_sample,healthy_yellow,940.txt,in cutie\frunza sanatoasa dar galbena\spectru\940.txt,940,940,250.0,260.0,255.021727,283.049091,285.455,32.435627,22.0
in cutie\frunza sanatoasa dar galbena,leaf_sample,healthy_yellow,940.txt,in cutie\frunza sanatoasa dar galbena\spectru\940.txt,940,940,260.0,270.0,265.073818,268.154091,276.63,32.700413,22.0
in cutie\frunza sanatoasa dar galbena,leaf_sample,healthy_yellow,940.txt,in cutie\frunza sanatoasa dar galbena\spectru\940.txt,940,940,270.0,280.0,275.104455,293.361364,295.54,32.299177,22.0
in cutie\frunza sanatoasa dar galbena,leaf_sample,healthy_yellow,940.txt,in cutie\frunza sanatoasa dar galbena\spectru\940.txt,940,940,280.0,290.0,285.113545,292.443182,282.93,26.555835,22.0
in cutie\frunza sanatoasa dar galbena,leaf_sample,healthy_yellow,940.txt,in cutie\frunza sanatoasa dar galbena\spectru\940.txt,940,940,290.0,300.0,295.101045,300.693182,311.92,35.422745,22.0
in cutie\frunza sanatoasa dar galbena,leaf_sample,healthy_yellow,940.txt,in cutie\frunza sanatoasa dar galbena\spectru\940.txt,940,940,300.0,310.0,305.066727,295.423636,299.32,31.376855,22.0
in cutie\frunza sanatoasa dar galbena,leaf_sample,healthy_yellow,940.txt,in cutie\frunza sanatoasa dar galbena\spectru\940.txt,940,940,310.0,320.0,315.010682,285.455909,293.02,33.317873,22.0
in cutie\frunza sanatoasa dar galbena,leaf_sample,healthy_yellow,940.txt,in cutie\frunza sanatoasa dar galbena\spectru\940.txt,940,940,320.0,330.0,324.932818,278.696364,267.81,32.823582,22.0
in cutie\frunza sanatoasa dar galbena,leaf_sample,healthy_yellow,940.txt,in cutie\frunza sanatoasa dar galbena\spectru\940.txt,940,940,330.0,340.0,334.832955,286.945,285.455,29.936945,22.0
in cutie\frunza sanatoasa dar galbena,leaf_sample,healthy_yellow,940.txt,in cutie\frunza sanatoasa dar galbena\spectru\940.txt,940,940,340.0,350.0,344.935087,311.210435,295.54,69.396776,23.0
in cutie\frunza sanatoasa dar galbena,leaf_sample,healthy_yellow,940.txt,in cutie\frunza sanatoasa dar galbena\spectru\940.txt,940,940,350.0,360.0,355.014136,298.745909,291.76,33.980943,22.0
in cutie\frunza sanatoasa dar galbena,leaf_sample,healthy_yellow,940.txt,in cutie\frunza sanatoasa dar galbena\spectru\940.txt,940,940,360.0,370.0,365.069739,304.742174,308.14,36.96677,23.0
in cutie\frunza sanatoasa dar galbena,leaf_sample,healthy_yellow,940.txt,in cutie\frunza sanatoasa dar galbena\spectru\940.txt,940,940,370.0,380.0,375.102227,305.620909,299.32,23.325512,22.0
in cutie\frunza sanatoasa dar galbena,leaf_sample,healthy_yellow,940.txt,in cutie\frunza sanatoasa dar galbena\spectru\940.txt,940,940,380.0,390.0,385.110913,292.906957,298.06,34.651836,23.0
in cutie\frunza sanatoasa dar galbena,leaf_sample,healthy_yellow,940.txt,in cutie\frunza sanatoasa dar galbena\spectru\940.txt,940,940,390.0,400.0,395.096045,309.057273,311.92,36.413473,22.0
in cutie\frunza sanatoasa dar galbena,leaf_sample,healthy_yellow,940.txt,in cutie\frunza sanatoasa dar galbena\spectru\940.txt,940,940,400.0,410.0,405.057435,307.153913,298.06,33.675804,23.0
in cutie\frunza sanatoasa dar galbena,leaf_sample,healthy_yellow,940.txt,in cutie\frunza sanatoasa dar galbena\spectru\940.txt,940,940,410.0,420.0,414.995091,313.869091,315.7,38.998126,22.0
in cutie\frunza sanatoasa dar galbena,leaf_sample,healthy_yellow,940.txt,in cutie\frunza sanatoasa dar galbena\spectru\940.txt,940,940,420.0,430.0,424.908696,304.086087,308.14,36.425572,23.0
in cutie\frunza sanatoasa dar galbena,leaf_sample,healthy_yellow,940.txt,in cutie\frunza sanatoasa dar galbena\spectru\940.txt,940,940,430.0,440.0,435.01787,288.742609,275.37,38.107263,23.0
in cutie\frunza sanatoasa dar galbena,leaf_sample,healthy_yellow,940.txt,in cutie\frunza sanatoasa dar galbena\spectru\940.txt,940,940,440.0,450.0,445.101783,304.305217,300.58,34.710344,23.0
in cutie\frunza sanatoasa dar galbena,leaf_sample,healthy_yellow,940.txt,in cutie\frunza sanatoasa dar galbena\spectru\940.txt,940,940,450.0,460.0,455.160348,309.237391,310.66,30.088441,23.0
in cutie\frunza sanatoasa dar galbena,leaf_sample,healthy_yellow,940.txt,in cutie\frunza sanatoasa dar galbena\spectru\940.txt,940,940,460.0,470.0,465.193435,307.922174,310.66,37.511899,23.0
in cutie\frunza sanatoasa dar galbena,leaf_sample,healthy_yellow,940.txt,in cutie\frunza sanatoasa dar galbena\spectru\940.txt,940,940,470.0,480.0,475.201,301.016957,305.62,26.484766,23.0
in cutie\frunza sanatoasa dar galbena,leaf_sample,healthy_yellow,940.txt,in cutie\frunza sanatoasa dar galbena\spectru\940.txt,940,940,480.0,490.0,485.182913,312.962174,313.18,31.217652,23.0
in cutie\frunza sanatoasa dar galbena,leaf_sample,healthy_yellow,940.txt,in cutie\frunza sanatoasa dar galbena\spectru\940.txt,940,940,490.0,500.0,495.139043,321.620435,313.18,40.497498,23.0
in cutie\frunza sanatoasa dar galbena,leaf_sample,healthy_yellow,940.txt,in cutie\frunza sanatoasa dar galbena\spectru\940.txt,940,940,500.0,510.0,505.069348,305.071739,315.7,52.393549,23.0
in cutie\frunza sanatoasa dar galbena,leaf_sample,healthy_yellow,940.txt,in cutie\frunza sanatoasa dar galbena\spectru\940.txt,940,940,510.0,520.0,514.973652,318.003478,313.18,32.175544,23.0
in cutie\frunza sanatoasa dar galbena,leaf_sample,healthy_yellow,940.txt,in cutie\frunza sanatoasa dar galbena\spectru\940.txt,940,940,520.0,530.0,525.066167,312.1325,310.66,33.080755,24.0
in cutie\frunza sanatoasa dar galbena,leaf_sample,healthy_yellow,940.txt,in cutie\frunza sanatoasa dar galbena\spectru\940.txt,940,940,530.0,540.0,535.131478,306.387826,303.1,37.063432,23.0
in cutie\frunza sanatoasa dar galbena,leaf_sample,healthy_yellow,940.txt,in cutie\frunza sanatoasa dar galbena\spectru\940.txt,940,940,540.0,550.0,544.956,302.002609,303.1,36.864882,23.0
in cutie\frunza sanatoasa dar galbena,leaf_sample,healthy_yellow,940.txt,in cutie\frunza sanatoasa dar galbena\spectru\940.txt,940,940,550.0,560.0,554.966667,298.37375,295.54,34.548493,24.0
in cutie\frunza sanatoasa dar galbena,leaf_sample,healthy_yellow,940.txt,in cutie\frunza sanatoasa dar galbena\spectru\940.txt,940,940,560.0,570.0,564.949739,303.098261,305.62,41.523639,23.0
in cutie\frunza sanatoasa dar galbena,leaf_sample,healthy_yellow,940.txt,in cutie\frunza sanatoasa dar galbena\spectru\940.txt,940,940,570.0,580.0,574.905,301.629583,308.14,31.185242,24.0
in cutie\frunza sanatoasa dar galbena,leaf_sample,healthy_yellow,940.txt,in cutie\frunza sanatoasa dar galbena\spectru\940.txt,940,940,580.0,590.0,585.043208,310.24125,305.62,38.485303,24.0
in cutie\frunza sanatoasa dar galbena,leaf_sample,healthy_yellow,940.txt,in cutie\frunza sanatoasa dar galbena\spectru\940.txt,940,940,590.0,600.0,595.152042,324.104583,318.22,35.852216,24.0
in cutie\frunza sanatoasa dar galbena,leaf_sample,healthy_yellow,940.txt,in cutie\frunza sanatoasa dar galbena\spectru\940.txt,940,940,600.0,610.0,605.02213,304.304348,303.1,29.934036,23.0
in cutie\frunza sanatoasa dar galbena,leaf_sample,healthy_yellow,940.txt,in cutie\frunza sanatoasa dar galbena\spectru\940.txt,940,940,610.0,620.0,614.863458,303.938333,308.14,43.01419,24.0
in cutie\frunza sanatoasa dar galbena,leaf_sample,healthy_yellow,940.txt,in cutie\frunza sanatoasa dar galbena\spectru\940.txt,940,940,620.0,630.0,624.885125,296.0625,300.58,38.330583,24.0
in cutie\frunza sanatoasa dar galbena,leaf_sample,healthy_yellow,940.txt,in cutie\frunza sanatoasa dar galbena\spectru\940.txt,940,940,630.0,640.0,634.876917,295.852917,300.58,34.821979,24.0
in cutie\frunza sanatoasa dar galbena,leaf_sample,healthy_yellow,940.txt,in cutie\frunza sanatoasa dar galbena\spectru\940.txt,940,940,640.0,650.0,644.83875,302.784583,303.1,34.693629,24.0
in cutie\frunza sanatoasa dar galbena,leaf_sample,healthy_yellow,940.txt,in cutie\frunza sanatoasa dar galbena\spectru\940.txt,940,940,650.0,660.0,654.97728,311.6696,310.66,26.589964,25.0
in cutie\frunza sanatoasa dar galbena,leaf_sample,healthy_yellow,940.txt,in cutie\frunza sanatoasa dar galbena\spectru\940.txt,940,940,660.0,670.0,665.084458,314.335833,315.7,30.097542,24.0
in cutie\frunza sanatoasa dar galbena,leaf_sample,healthy_yellow,940.txt,in cutie\frunza sanatoasa dar galbena\spectru\940.txt,940,940,670.0,680.0,674.95475,301.83875,289.24,29.09573,24.0
in cutie\frunza sanatoasa dar galbena,leaf_sample,healthy_yellow,940.txt,in cutie\frunza sanatoasa dar galbena\spectru\940.txt,940,940,680.0,690.0,684.9992,304.0072,308.14,28.193762,25.0
in cutie\frunza sanatoasa dar galbena,leaf_sample,healthy_yellow,940.txt,in cutie\frunza sanatoasa dar galbena\spectru\940.txt,940,940,690.0,700.0,695.012,306.77625,298.06,36.148257,24.0
in cutie\frunza sanatoasa dar galbena,leaf_sample,healthy_yellow,940.txt,in cutie\frunza sanatoasa dar galbena\spectru\940.txt,940,940,700.0,710.0,704.99268,308.8452,310.66,39.50418,25.0
in cutie\frunza sanatoasa dar galbena,leaf_sample,healthy_yellow,940.txt,in cutie\frunza sanatoasa dar galbena\spectru\940.txt,940,940,710.0,720.0,714.9415,297.322917,296.8,44.053341,24.0
in cutie\frunza sanatoasa dar galbena,leaf_sample,healthy_yellow,940.txt,in cutie\frunza sanatoasa dar galbena\spectru\940.txt,940,940,720.0,730.0,724.85784,304.9132,308.14,32.44107,25.0
in cutie\frunza sanatoasa dar galbena,leaf_sample,healthy_yellow,940.txt,in cutie\frunza sanatoasa dar galbena\spectru\940.txt,940,940,730.0,740.0,734.94336,316.3072,313.18,29.344787,25.0
in cutie\frunza sanatoasa dar galbena,leaf_sample,healthy_yellow,940.txt,in cutie\frunza sanatoasa dar galbena\spectru\940.txt,940,940,740.0,750.0,744.99528,302.7968,298.06,33.812312,25.0
in cutie\frunza sanatoasa dar galbena,leaf_sample,healthy_yellow,940.txt,in cutie\frunza sanatoasa dar galbena\spectru\940.txt,940,940,750.0,760.0,755.01288,316.0044,315.7,26.924291,25.0
in cutie\frunza sanatoasa dar galbena,leaf_sample,healthy_yellow,940.txt,in cutie\frunza sanatoasa dar galbena\spectru\940.txt,940,940,760.0,770.0,764.99664,312.6776,310.66,33.734486,25.0
in cutie\frunza sanatoasa dar galbena,leaf_sample,healthy_yellow,940.txt,in cutie\frunza sanatoasa dar galbena\spectru\940.txt,940,940,770.0,780.0,774.94604,313.5856,323.26,35.379672,25.0
in cutie\frunza sanatoasa dar galbena,leaf_sample,healthy_yellow,940.txt,in cutie\frunza sanatoasa dar galbena\spectru\940.txt,940,940,780.0,790.0,784.86132,295.7396,295.54,33.982165,25.0
in cutie\frunza sanatoasa dar galbena,leaf_sample,healthy_yellow,940.txt,in cutie\frunza sanatoasa dar galbena\spectru\940.txt,940,940,790.0,800.0,794.938962,305.425769,303.1,35.578016,26.0
in cutie\frunza sanatoasa dar galbena,leaf_sample,healthy_yellow,940.txt,in cutie\frunza sanatoasa dar galbena\spectru\940.txt,940,940,800.0,810.0,804.98072,314.5928,310.66,25.575638,25.0
in cutie\frunza sanatoasa dar galbena,leaf_sample,healthy_yellow,940.txt,in cutie\frunza sanatoasa dar galbena\spectru\940.txt,940,940,810.0,820.0,814.986231,318.126154,319.48,40.027073,26.0
in cutie\frunza sanatoasa dar galbena,leaf_sample,healthy_yellow,940.txt,in cutie\frunza sanatoasa dar galbena\spectru\940.txt,940,940,820.0,830.0,824.95548,307.7368,308.14,30.585736,25.0
in cutie\frunza sanatoasa dar galbena,leaf_sample,healthy_yellow,940.txt,in cutie\frunza sanatoasa dar galbena\spectru\940.txt,940,940,830.0,840.0,834.888115,309.497308,314.44,40.062075,26.0
in cutie\frunza sanatoasa dar galbena,leaf_sample,healthy_yellow,940.txt,in cutie\frunza sanatoasa dar galbena\spectru\940.txt,940,940,840.0,850.0,844.977846,302.323846,306.88,29.937437,26.0
in cutie\frunza sanatoasa dar galbena,leaf_sample,healthy_yellow,940.txt,in cutie\frunza sanatoasa dar galbena\spectru\940.txt,940,940,850.0,860.0,855.029308,291.660385,286.72,31.007517,26.0
in cutie\frunza sanatoasa dar galbena,leaf_sample,healthy_yellow,940.txt,in cutie\frunza sanatoasa dar galbena\spectru\940.txt,940,940,860.0,870.0,865.042308,306.396154,306.88,25.512153,26.0
in cutie\frunza sanatoasa dar galbena,leaf_sample,healthy_yellow,940.txt,in cutie\frunza sanatoasa dar galbena\spectru\940.txt,940,940,870.0,880.0,875.016731,301.354615,293.02,37.221093,26.0
in cutie\frunza sanatoasa dar galbena,leaf_sample,healthy_yellow,940.txt,in cutie\frunza sanatoasa dar galbena\spectru\940.txt,940,940,880.0,890.0,884.952385,307.751923,305.62,29.647834,26.0
in cutie\frunza sanatoasa dar galbena,leaf_sample,healthy_yellow,940.txt,in cutie\frunza sanatoasa dar galbena\spectru\940.txt,940,940,890.0,900.0,895.039037,336.613704,305.62,164.59092,27.0
in cutie\frunza sanatoasa dar galbena,leaf_sample,healthy_yellow,940.txt,in cutie\frunza sanatoasa dar galbena\spectru\940.txt,940,940,900.0,910.0,905.085308,331.213462,338.39,33.16642,26.0
in cutie\frunza sanatoasa dar galbena,leaf_sample,healthy_yellow,940.txt,in cutie\frunza sanatoasa dar galbena\spectru\940.txt,940,940,910.0,920.0,915.090519,327.838148,320.74,33.615157,27.0
in cutie\frunza sanatoasa dar galbena,leaf_sample,healthy_yellow,940.txt,in cutie\frunza sanatoasa dar galbena\spectru\940.txt,940,940,920.0,930.0,925.055154,351.280769,347.21,36.145038,26.0
in cutie\frunza sanatoasa dar galbena,leaf_sample,healthy_yellow,940.txt,in cutie\frunza sanatoasa dar galbena\spectru\940.txt,940,940,930.0,940.0,934.97837,360.233333,353.51,70.017506,27.0
in cutie\frunza sanatoasa dar galbena,leaf_sample,healthy_yellow,940.txt,in cutie\frunza sanatoasa dar galbena\spectru\940.txt,940,940,940.0,950.0,945.046519,324.851111,330.83,39.666482,27.0
in cutie\frunza sanatoasa dar galbena,leaf_sample,healthy_yellow,940.txt,in cutie\frunza sanatoasa dar galbena\spectru\940.txt,940,940,950.0,960.0,955.071815,324.477778,318.22,37.532749,27.0
in cutie\frunza sanatoasa dar galbena,leaf_sample,healthy_yellow,940.txt,in cutie\frunza sanatoasa dar galbena\spectru\940.txt,940,940,960.0,970.0,965.053815,319.997037,318.22,30.152414,27.0
in cutie\frunza sanatoasa dar galbena,leaf_sample,healthy_yellow,940.txt,in cutie\frunza sanatoasa dar galbena\spectru\940.txt,940,940,970.0,980.0,974.992481,314.395926,318.22,32.047406,27.0
in cutie\frunza sanatoasa dar galbena,leaf_sample,healthy_yellow,940.txt,in cutie\frunza sanatoasa dar galbena\spectru\940.txt,940,940,980.0,990.0,984.887556,303.285926,300.58,33.789038,27.0
in cutie\frunza sanatoasa dar galbena,leaf_sample,healthy_yellow,940.txt,in cutie\frunza sanatoasa dar galbena\spectru\940.txt,940,940,990.0,1000.0,994.920964,300.039286,298.06,30.90261,28.0
in cutie\frunza sanatoasa dar galbena,leaf_sample,healthy_yellow,940.txt,in cutie\frunza sanatoasa dar galbena\spectru\940.txt,940,940,1000.0,1010.0,1005.09,317.683214,319.48,33.941125,28.0
in cutie\frunza sanatoasa dar galbena,leaf_sample,healthy_yellow,940.txt,in cutie\frunza sanatoasa dar galbena\spectru\940.txt,940,940,1010.0,1020.0,1015.031556,310.848148,308.14,27.250333,27.0
in cutie\frunza sanatoasa dar galbena,leaf_sample,healthy_yellow,940.txt,in cutie\frunza sanatoasa dar galbena\spectru\940.txt,940,940,1020.0,1030.0,1024.926857,308.410714,309.4,27.375335,28.0
in cutie\frunza sanatoasa dar galbena,leaf_sample,healthy_yellow,940.txt,in cutie\frunza sanatoasa dar galbena\spectru\940.txt,940,940,1030.0,1040.0,1032.275,308.332308,298.06,41.739739,13.0
in cutie\frunza sanatoasa dar galbena,leaf_sample,healthy_yellow,fara.txt,in cutie\frunza sanatoasa dar galbena\spectru\fara.txt,fara,,180.0,190.0,188.705167,-122.878333,-106.495,30.769122,6.0
in cutie\frunza sanatoasa dar galbena,leaf_sample,healthy_yellow,fara.txt,in cutie\frunza sanatoasa dar galbena\spectru\fara.txt,fara,,190.0,200.0,194.959762,44.800952,40.96,117.708881,21.0
in cutie\frunza sanatoasa dar galbena,leaf_sample,healthy_yellow,fara.txt,in cutie\frunza sanatoasa dar galbena\spectru\fara.txt,fara,,200.0,210.0,204.905818,296.454545,289.24,51.954018,22.0
in cutie\frunza sanatoasa dar galbena,leaf_sample,healthy_yellow,fara.txt,in cutie\frunza sanatoasa dar galbena\spectru\fara.txt,fara,,210.0,220.0,215.0625,282.82,284.195,33.338451,22.0
in cutie\frunza sanatoasa dar galbena,leaf_sample,healthy_yellow,fara.txt,in cutie\frunza sanatoasa dar galbena\spectru\fara.txt,fara,,220.0,230.0,224.968333,276.093333,267.81,37.949388,21.0
in cutie\frunza sanatoasa dar galbena,leaf_sample,healthy_yellow,fara.txt,in cutie\frunza sanatoasa dar galbena\spectru\fara.txt,fara,,230.0,240.0,234.853682,277.092273,277.89,37.064365,22.0
in cutie\frunza sanatoasa dar galbena,leaf_sample,healthy_yellow,fara.txt,in cutie\frunza sanatoasa dar galbena\spectru\fara.txt,fara,,240.0,250.0,244.948455,311.118636,303.1,64.225682,22.0
in cutie\frunza sanatoasa dar galbena,leaf_sample,healthy_yellow,fara.txt,in cutie\frunza sanatoasa dar galbena\spectru\fara.txt,fara,,250.0,260.0,255.021727,302.755455,299.32,33.459977,22.0
in cutie\frunza sanatoasa dar galbena,leaf_sample,healthy_yellow,fara.txt,in cutie\frunza sanatoasa dar galbena\spectru\fara.txt,fara,,260.0,270.0,265.073818,286.371818,284.195,31.71498,22.0
in cutie\frunza sanatoasa dar galbena,leaf_sample,healthy_yellow,fara.txt,in cutie\frunza sanatoasa dar galbena\spectru\fara.txt,fara,,270.0,280.0,275.104455,289.122727,290.5,33.548074,22.0
in cutie\frunza sanatoasa dar galbena,leaf_sample,healthy_yellow,fara.txt,in cutie\frunza sanatoasa dar galbena\spectru\fara.txt,fara,,280.0,290.0,285.113545,294.964545,299.32,33.782826,22.0
in cutie\frunza sanatoasa dar galbena,leaf_sample,healthy_yellow,fara.txt,in cutie\frunza sanatoasa dar galbena\spectru\fara.txt,fara,,290.0,300.0,295.101045,300.463182,306.88,30.031748,22.0
in cutie\frunza sanatoasa dar galbena,leaf_sample,healthy_yellow,fara.txt,in cutie\frunza sanatoasa dar galbena\spectru\fara.txt,fara,,300.0,310.0,305.066727,288.662273,291.755,43.923044,22.0
in cutie\frunza sanatoasa dar galbena,leaf_sample,healthy_yellow,fara.txt,in cutie\frunza sanatoasa dar galbena\spectru\fara.txt,fara,,310.0,320.0,315.010682,309.630455,310.66,25.167039,22.0
in cutie\frunza sanatoasa dar galbena,leaf_sample,healthy_yellow,fara.txt,in cutie\frunza sanatoasa dar galbena\spectru\fara.txt,fara,,320.0,330.0,324.932818,303.786364,313.18,44.040802,22.0
in cutie\frunza sanatoasa dar galbena,leaf_sample,healthy_yellow,fara.txt,in cutie\frunza sanatoasa dar galbena\spectru\fara.txt,fara,,330.0,340.0,334.832955,307.911818,310.66,36.793768,22.0
in cutie\frunza sanatoasa dar galbena,leaf_sample,healthy_yellow,fara.txt,in cutie\frunza sanatoasa dar galbena\spectru\fara.txt,fara,,340.0,350.0,344.935087,308.031304,305.62,32.094431,23.0
in cutie\frunza sanatoasa dar galbena,leaf_sample,healthy_yellow,fara.txt,in cutie\frunza sanatoasa dar galbena\spectru\fara.txt,fara,,350.0,360.0,355.014136,314.557273,316.96,27.208379,22.0
in cutie\frunza sanatoasa dar galbena,leaf_sample,healthy_yellow,fara.txt,in cutie\frunza sanatoasa dar galbena\spectru\fara.txt,fara,,360.0,370.0,365.069739,305.73,305.62,38.888657,23.0
in cutie\frunza sanatoasa dar galbena,leaf_sample,healthy_yellow,fara.txt,in cutie\frunza sanatoasa dar galbena\spectru\fara.txt,fara,,370.0,380.0,375.102227,306.193182,295.54,36.23922,22.0
in cutie\frunza sanatoasa dar galbena,leaf_sample,healthy_yellow,fara.txt,in cutie\frunza sanatoasa dar galbena\spectru\fara.txt,fara,,380.0,390.0,385.110913,320.853478,323.26,46.85386,23.0
in cutie\frunza sanatoasa dar galbena,leaf_sample,healthy_yellow,fara.txt,in cutie\frunza sanatoasa dar galbena\spectru\fara.txt,fara,,390.0,400.0,395.096045,317.420909,316.96,41.96039,22.0
in cutie\frunza sanatoasa dar galbena,leaf_sample,healthy_yellow,fara.txt,in cutie\frunza sanatoasa dar galbena\spectru\fara.txt,fara,,400.0,410.0,405.057435,317.566087,313.18,28.865573,23.0
in cutie\frunza sanatoasa dar galbena,leaf_sample,healthy_yellow,fara.txt,in cutie\frunza sanatoasa dar galbena\spectru\fara.txt,fara,,410.0,420.0,414.995091,313.983636,314.44,40.17383,22.0
in cutie\frunza sanatoasa dar galbena,leaf_sample,healthy_yellow,fara.txt,in cutie\frunza sanatoasa dar galbena\spectru\fara.txt,fara,,420.0,430.0,424.908696,299.483043,295.54,39.447625,23.0
in cutie\frunza sanatoasa dar galbena,leaf_sample,healthy_yellow,fara.txt,in cutie\frunza sanatoasa dar galbena\spectru\fara.txt,fara,,430.0,440.0,435.01787,305.94913,310.66,48.336601,23.0
in cutie\frunza sanatoasa dar galbena,leaf_sample,healthy_yellow,fara.txt,in cutie\frunza sanatoasa dar galbena\spectru\fara.txt,fara,,440.0,450.0,445.101783,321.29087,325.78,37.863499,23.0
in cutie\frunza sanatoasa dar galbena,leaf_sample,healthy_yellow,fara.txt,in cutie\frunza sanatoasa dar galbena\spectru\fara.txt,fara,,450.0,460.0,455.160348,311.428261,303.1,33.92648,23.0
in cutie\frunza sanatoasa dar galbena,leaf_sample,healthy_yellow,fara.txt,in cutie\frunza sanatoasa dar galbena\spectru\fara.txt,fara,,460.0,470.0,465.193435,308.687826,313.18,36.397551,23.0
in cutie\frunza sanatoasa dar galbena,leaf_sample,healthy_yellow,fara.txt,in cutie\frunza sanatoasa dar galbena\spectru\fara.txt,fara,,470.0,480.0,475.201,323.373913,318.22,35.548886,23.0
in cutie\frunza sanatoasa dar galbena,leaf_sample,healthy_yellow,fara.txt,in cutie\frunza sanatoasa dar galbena\spectru\fara.txt,fara,,480.0,490.0,485.182913,314.278261,315.7,34.076317,23.0
in cutie\frunza sanatoasa dar galbena,leaf_sample,healthy_yellow,fara.txt,in cutie\frunza sanatoasa dar galbena\spectru\fara.txt,fara,,490.0,500.0,495.139043,323.703043,333.35,27.587726,23.0
in cutie\frunza sanatoasa dar galbena,leaf_sample,healthy_yellow,fara.txt,in cutie\frunza sanatoasa dar galbena\spectru\fara.txt,fara,,500.0,510.0,505.069348,345.620435,348.47,38.250002,23.0
in cutie\frunza sanatoasa dar galbena,leaf_sample,healthy_yellow,fara.txt,in cutie\frunza sanatoasa dar galbena\spectru\fara.txt,fara,,510.0,520.0,514.973652,359.20913,363.59,42.094297,23.0
in cutie\frunza sanatoasa dar galbena,leaf_sample,healthy_yellow,fara.txt,in cutie\frunza sanatoasa dar galbena\spectru\fara.txt,fara,,520.0,530.0,525.066167,410.43375,427.87,42.252809,24.0
in cutie\frunza sanatoasa dar galbena,leaf_sample,healthy_yellow,fara.txt,in cutie\frunza sanatoasa dar galbena\spectru\fara.txt,fara,,530.0,540.0,535.131478,441.731304,439.21,33.882671,23.0
in cutie\frunza sanatoasa dar galbena,leaf_sample,healthy_yellow,fara.txt,in cutie\frunza sanatoasa dar galbena\spectru\fara.txt,fara,,540.0,550.0,544.956,459.376087,464.42,36.593889,23.0
in cutie\frunza sanatoasa dar galbena,leaf_sample,healthy_yellow,fara.txt,in cutie\frunza sanatoasa dar galbena\spectru\fara.txt,fara,,550.0,560.0,554.966667,479.96,483.32,36.109186,24.0
in cutie\frunza sanatoasa dar galbena,leaf_sample,healthy_yellow,fara.txt,in cutie\frunza sanatoasa dar galbena\spectru\fara.txt,fara,,560.0,570.0,564.949739,497.951739,497.18,32.952187,23.0
in cutie\frunza sanatoasa dar galbena,leaf_sample,healthy_yellow,fara.txt,in cutie\frunza sanatoasa dar galbena\spectru\fara.txt,fara,,570.0,580.0,574.905,506.530417,503.485,45.566028,24.0
in cutie\frunza sanatoasa dar galbena,leaf_sample,healthy_yellow,fara.txt,in cutie\frunza sanatoasa dar galbena\spectru\fara.txt,fara,,580.0,590.0,585.043208,510.62625,509.79,27.482735,24.0
in cutie\frunza sanatoasa dar galbena,leaf_sample,healthy_yellow,fara.txt,in cutie\frunza sanatoasa dar galbena\spectru\fara.txt,fara,,590.0,600.0,595.152042,489.832083,488.36,41.88744,24.0
in cutie\frunza sanatoasa dar galbena,leaf_sample,healthy_yellow,fara.txt,in cutie\frunza sanatoasa dar galbena\spectru\fara.txt,fara,,600.0,610.0,605.02213,517.238261,517.35,29.13429,23.0
in cutie\frunza sanatoasa dar galbena,leaf_sample,healthy_yellow,fara.txt,in cutie\frunza sanatoasa dar galbena\spectru\fara.txt,fara,,610.0,620.0,614.863458,502.539167,494.66,39.95587,24.0
in cutie\frunza sanatoasa dar galbena,leaf_sample,healthy_yellow,fara.txt,in cutie\frunza sanatoasa dar galbena\spectru\fara.txt,fara,,620.0,630.0,624.885125,484.370833,480.8,30.395475,24.0
in cutie\frunza sanatoasa dar galbena,leaf_sample,healthy_yellow,fara.txt,in cutie\frunza sanatoasa dar galbena\spectru\fara.txt,fara,,630.0,640.0,634.876917,496.238333,499.7,45.931808,24.0
in cutie\frunza sanatoasa dar galbena,leaf_sample,healthy_yellow,fara.txt,in cutie\frunza sanatoasa dar galbena\spectru\fara.txt,fara,,640.0,650.0,644.83875,489.097083,495.92,38.639588,24.0
in cutie\frunza sanatoasa dar galbena,leaf_sample,healthy_yellow,fara.txt,in cutie\frunza sanatoasa dar galbena\spectru\fara.txt,fara,,650.0,660.0,654.97728,450.9064,441.73,41.977916,25.0
in cutie\frunza sanatoasa dar galbena,leaf_sample,healthy_yellow,fara.txt,in cutie\frunza sanatoasa dar galbena\spectru\fara.txt,fara,,660.0,670.0,665.084458,396.150833,395.1,33.494967,24.0
in cutie\frunza sanatoasa dar galbena,leaf_sample,healthy_yellow,fara.txt,in cutie\frunza sanatoasa dar galbena\spectru\fara.txt,fara,,670.0,680.0,674.95475,378.190833,379.98,27.755534,24.0
in cutie\frunza sanatoasa dar galbena,leaf_sample,healthy_yellow,fara.txt,in cutie\frunza sanatoasa dar galbena\spectru\fara.txt,fara,,680.0,690.0,684.9992,399.5868,391.32,34.820819,25.0
in cutie\frunza sanatoasa dar galbena,leaf_sample,healthy_yellow,fara.txt,in cutie\frunza sanatoasa dar galbena\spectru\fara.txt,fara,,690.0,700.0,695.012,509.575833,498.44,51.804376,24.0
in cutie\frunza sanatoasa dar galbena,leaf_sample,healthy_yellow,fara.txt,in cutie\frunza sanatoasa dar galbena\spectru\fara.txt,fara,,700.0,710.0,704.99268,577.8408,567.76,45.67237,25.0
in cutie\frunza sanatoasa dar galbena,leaf_sample,healthy_yellow,fara.txt,in cutie\frunza sanatoasa dar galbena\spectru\fara.txt,fara,,710.0,720.0,714.9415,580.9925,580.36,47.119053,24.0
in cutie\frunza sanatoasa dar galbena,leaf_sample,healthy_yellow,fara.txt,in cutie\frunza sanatoasa dar galbena\spectru\fara.txt,fara,,720.0,730.0,724.85784,581.6736,580.36,32.795492,25.0
in cutie\frunza sanatoasa dar galbena,leaf_sample,healthy_yellow,fara.txt,in cutie\frunza sanatoasa dar galbena\spectru\fara.txt,fara,,730.0,740.0,734.94336,592.4616,587.92,34.787674,25.0
in cutie\frunza sanatoasa dar galbena,leaf_sample,healthy_yellow,fara.txt,in cutie\frunza sanatoasa dar galbena\spectru\fara.txt,fara,,740.0,750.0,744.99528,603.9564,600.53,43.330848,25.0
in cutie\frunza sanatoasa dar galbena,leaf_sample,healthy_yellow,fara.txt,in cutie\frunza sanatoasa dar galbena\spectru\fara.txt,fara,,750.0,760.0,755.01288,602.7456,605.57,28.124971,25.0
in cutie\frunza sanatoasa dar galbena,leaf_sample,healthy_yellow,fara.txt,in cutie\frunza sanatoasa dar galbena\spectru\fara.txt,fara,,760.0,770.0,764.99664,569.6756,570.28,44.030124,25.0
in cutie\frunza sanatoasa dar galbena,leaf_sample,healthy_yellow,fara.txt,in cutie\frunza sanatoasa dar galbena\spectru\fara.txt,fara,,770.0,780.0,774.94604,548.1004,550.12,36.637754,25.0
in cutie\frunza sanatoasa dar galbena,leaf_sample,healthy_yellow,fara.txt,in cutie\frunza sanatoasa dar galbena\spectru\fara.txt,fara,,780.0,790.0,784.86132,549.8128,542.55,34.097061,25.0
in cutie\frunza sanatoasa dar galbena,leaf_sample,healthy_yellow,fara.txt,in cutie\frunza sanatoasa dar galbena\spectru\fara.txt,fara,,790.0,800.0,794.938962,533.635,533.73,29.438147,26.0
in cutie\frunza sanatoasa dar galbena,leaf_sample,healthy_yellow,fara.txt,in cutie\frunza sanatoasa dar galbena\spectru\fara.txt,fara,,800.0,810.0,804.98072,510.09,509.79,29.275911,25.0
in cutie\frunza sanatoasa dar galbena,leaf_sample,healthy_yellow,fara.txt,in cutie\frunza sanatoasa dar galbena\spectru\fara.txt,fara,,810.0,820.0,814.986231,522.776923,514.83,35.527642,26.0
in cutie\frunza sanatoasa dar galbena,leaf_sample,healthy_yellow,fara.txt,in cutie\frunza sanatoasa dar galbena\spectru\fara.txt,fara,,820.0,830.0,824.95548,493.5544,489.62,31.763925,25.0
in cutie\frunza sanatoasa dar galbena,leaf_sample,healthy_yellow,fara.txt,in cutie\frunza sanatoasa dar galbena\spectru\fara.txt,fara,,830.0,840.0,834.888115,468.003846,468.2,33.199834,26.0
in cutie\frunza sanatoasa dar galbena,leaf_sample,healthy_yellow,fara.txt,in cutie\frunza sanatoasa dar galbena\spectru\fara.txt,fara,,840.0,850.0,844.977846,458.502692,458.115,30.607732,26.0
in cutie\frunza sanatoasa dar galbena,leaf_sample,healthy_yellow,fara.txt,in cutie\frunza sanatoasa dar galbena\spectru\fara.txt,fara,,850.0,860.0,855.029308,442.215769,436.69,31.722669,26.0
in cutie\frunza sanatoasa dar galbena,leaf_sample,healthy_yellow,fara.txt,in cutie\frunza sanatoasa dar galbena\spectru\fara.txt,fara,,860.0,870.0,865.042308,451.425,449.29,34.337961,26.0
in cutie\frunza sanatoasa dar galbena,leaf_sample,healthy_yellow,fara.txt,in cutie\frunza sanatoasa dar galbena\spectru\fara.txt,fara,,870.0,880.0,875.016731,438.920385,439.21,40.021219,26.0
in cutie\frunza sanatoasa dar galbena,leaf_sample,healthy_yellow,fara.txt,in cutie\frunza sanatoasa dar galbena\spectru\fara.txt,fara,,880.0,890.0,884.952385,410.029231,408.96,29.849181,26.0
in cutie\frunza sanatoasa dar galbena,leaf_sample,healthy_yellow,fara.txt,in cutie\frunza sanatoasa dar galbena\spectru\fara.txt,fara,,890.0,900.0,895.039037,444.904074,406.44,165.728643,27.0
in cutie\frunza sanatoasa dar galbena,leaf_sample,healthy_yellow,fara.txt,in cutie\frunza sanatoasa dar galbena\spectru\fara.txt,fara,,900.0,910.0,905.085308,417.979231,419.05,39.429286,26.0
in cutie\frunza sanatoasa dar galbena,leaf_sample,healthy_yellow,fara.txt,in cutie\frunza sanatoasa dar galbena\spectru\fara.txt,fara,,910.0,920.0,915.090519,422.312963,421.57,36.993731,27.0
in cutie\frunza sanatoasa dar galbena,leaf_sample,healthy_yellow,fara.txt,in cutie\frunza sanatoasa dar galbena\spectru\fara.txt,fara,,920.0,930.0,925.055154,384.047308,381.235,39.696317,26.0
in cutie\frunza sanatoasa dar galbena,leaf_sample,healthy_yellow,fara.txt,in cutie\frunza sanatoasa dar galbena\spectru\fara.txt,fara,,930.0,940.0,934.97837,373.955926,368.63,53.404245,27.0
in cutie\frunza sanatoasa dar galbena,leaf_sample,healthy_yellow,fara.txt,in cutie\frunza sanatoasa dar galbena\spectru\fara.txt,fara,,940.0,950.0,945.046519,339.134444,345.95,33.905256,27.0
in cutie\frunza sanatoasa dar galbena,leaf_sample,healthy_yellow,fara.txt,in cutie\frunza sanatoasa dar galbena\spectru\fara.txt,fara,,950.0,960.0,955.071815,331.47963,330.83,18.956234,27.0
in cutie\frunza sanatoasa dar galbena,leaf_sample,healthy_yellow,fara.txt,in cutie\frunza sanatoasa dar galbena\spectru\fara.txt,fara,,960.0,970.0,965.053815,343.988519,350.99,39.212163,27.0
in cutie\frunza sanatoasa dar galbena,leaf_sample,healthy_yellow,fara.txt,in cutie\frunza sanatoasa dar galbena\spectru\fara.txt,fara,,970.0,980.0,974.992481,336.333333,328.31,31.429299,27.0
in cutie\frunza sanatoasa dar galbena,leaf_sample,healthy_yellow,fara.txt,in cutie\frunza sanatoasa dar galbena\spectru\fara.txt,fara,,980.0,990.0,984.887556,335.026667,340.91,28.37568,27.0
in cutie\frunza sanatoasa dar galbena,leaf_sample,healthy_yellow,fara.txt,in cutie\frunza sanatoasa dar galbena\spectru\fara.txt,fara,,990.0,1000.0,994.920964,326.955,327.045,31.66514,28.0
in cutie\frunza sanatoasa dar galbena,leaf_sample,healthy_yellow,fara.txt,in cutie\frunza sanatoasa dar galbena\spectru\fara.txt,fara,,1000.0,1010.0,1005.09,322.453571,320.74,25.016393,28.0
in cutie\frunza sanatoasa dar galbena,leaf_sample,healthy_yellow,fara.txt,in cutie\frunza sanatoasa dar galbena\spectru\fara.txt,fara,,1010.0,1020.0,1015.031556,319.717037,330.83,35.515732,27.0
in cutie\frunza sanatoasa dar galbena,leaf_sample,healthy_yellow,fara.txt,in cutie\frunza sanatoasa dar galbena\spectru\fara.txt,fara,,1020.0,1030.0,1024.926857,316.783214,320.74,29.180862,28.0
in cutie\frunza sanatoasa dar galbena,leaf_sample,healthy_yellow,fara.txt,in cutie\frunza sanatoasa dar galbena\spectru\fara.txt,fara,,1030.0,1040.0,1032.275,319.968462,318.22,35.965348,13.0
in cutie\Referinta alba,white_reference,white_reference,referinta alba fara filtru.txt,in cutie\Referinta alba\spectru\referinta alba fara filtru.txt,fara,,180.0,190.0,188.705167,-136.95,-152.49,26.371121,6.0
in cutie\Referinta alba,white_reference,white_reference,referinta alba fara filtru.txt,in cutie\Referinta alba\spectru\referinta alba fara filtru.txt,fara,,190.0,200.0,194.959762,48.910952,49.15,114.614957,21.0
in cutie\Referinta alba,white_reference,white_reference,referinta alba fara filtru.txt,in cutie\Referinta alba\spectru\referinta alba fara filtru.txt,fara,,200.0,210.0,204.905818,300.979545,299.95,40.514329,22.0
in cutie\Referinta alba,white_reference,white_reference,referinta alba fara filtru.txt,in cutie\Referinta alba\spectru\referinta alba fara filtru.txt,fara,,210.0,220.0,215.0625,286.886364,281.04,21.833453,22.0
in cutie\Referinta alba,white_reference,white_reference,referinta alba fara filtru.txt,in cutie\Referinta alba\spectru\referinta alba fara filtru.txt,fara,,220.0,230.0,224.968333,274.201905,273.48,31.252183,21.0
in cutie\Referinta alba,white_reference,white_reference,referinta alba fara filtru.txt,in cutie\Referinta alba\spectru\referinta alba fara filtru.txt,fara,,230.0,240.0,234.853682,283.105909,281.04,28.50259,22.0
in cutie\Referinta alba,white_reference,white_reference,referinta alba fara filtru.txt,in cutie\Referinta alba\spectru\referinta alba fara filtru.txt,fara,,240.0,250.0,244.948455,306.708182,308.77,56.256619,22.0
in cutie\Referinta alba,white_reference,white_reference,referinta alba fara filtru.txt,in cutie\Referinta alba\spectru\referinta alba fara filtru.txt,fara,,250.0,260.0,255.021727,305.334091,303.73,38.117721,22.0
in cutie\Referinta alba,white_reference,white_reference,referinta alba fara filtru.txt,in cutie\Referinta alba\spectru\referinta alba fara filtru.txt,fara,,260.0,270.0,265.073818,298.001364,294.91,32.884102,22.0
in cutie\Referinta alba,white_reference,white_reference,referinta alba fara filtru.txt,in cutie\Referinta alba\spectru\referinta alba fara filtru.txt,fara,,270.0,280.0,275.104455,294.678182,296.17,39.443646,22.0
in cutie\Referinta alba,white_reference,white_reference,referinta alba fara filtru.txt,in cutie\Referinta alba\spectru\referinta alba fara filtru.txt,fara,,280.0,290.0,285.113545,299.375455,299.95,30.562408,22.0
in cutie\Referinta alba,white_reference,white_reference,referinta alba fara filtru.txt,in cutie\Referinta alba\spectru\referinta alba fara filtru.txt,fara,,290.0,300.0,295.101045,280.929545,281.04,27.825037,22.0
in cutie\Referinta alba,white_reference,white_reference,referinta alba fara filtru.txt,in cutie\Referinta alba\spectru\referinta alba fara filtru.txt,fara,,300.0,310.0,305.066727,305.104545,303.73,28.013418,22.0
in cutie\Referinta alba,white_reference,white_reference,referinta alba fara filtru.txt,in cutie\Referinta alba\spectru\referinta alba fara filtru.txt,fara,,310.0,320.0,315.010682,293.647273,293.65,25.705254,22.0
in cutie\Referinta alba,white_reference,white_reference,referinta alba fara filtru.txt,in cutie\Referinta alba\spectru\referinta alba fara filtru.txt,fara,,320.0,330.0,324.932818,318.509091,318.85,19.80785,22.0
in cutie\Referinta alba,white_reference,white_reference,referinta alba fara filtru.txt,in cutie\Referinta alba\spectru\referinta alba fara filtru.txt,fara,,330.0,340.0,334.832955,297.657273,297.43,39.530639,22.0
in cutie\Referinta alba,white_reference,white_reference,referinta alba fara filtru.txt,in cutie\Referinta alba\spectru\referinta alba fara filtru.txt,fara,,340.0,350.0,344.935087,298.688696,291.13,53.912293,23.0
in cutie\Referinta alba,white_reference,white_reference,referinta alba fara filtru.txt,in cutie\Referinta alba\spectru\referinta alba fara filtru.txt,fara,,350.0,360.0,355.014136,306.25,308.77,25.728237,22.0
in cutie\Referinta alba,white_reference,white_reference,referinta alba fara filtru.txt,in cutie\Referinta alba\spectru\referinta alba fara filtru.txt,fara,,360.0,370.0,365.069739,323.126522,326.41,33.541744,23.0
in cutie\Referinta alba,white_reference,white_reference,referinta alba fara filtru.txt,in cutie\Referinta alba\spectru\referinta alba fara filtru.txt,fara,,370.0,380.0,375.102227,318.967727,312.55,32.435455,22.0
in cutie\Referinta alba,white_reference,white_reference,referinta alba fara filtru.txt,in cutie\Referinta alba\spectru\referinta alba fara filtru.txt,fara,,380.0,390.0,385.110913,325.756522,321.37,41.305886,23.0
in cutie\Referinta alba,white_reference,white_reference,referinta alba fara filtru.txt,in cutie\Referinta alba\spectru\referinta alba fara filtru.txt,fara,,390.0,400.0,395.096045,317.936818,326.415,45.035635,22.0
in cutie\Referinta alba,white_reference,white_reference,referinta alba fara filtru.txt,in cutie\Referinta alba\spectru\referinta alba fara filtru.txt,fara,,400.0,410.0,405.057435,320.277391,318.85,29.402655,23.0
in cutie\Referinta alba,white_reference,white_reference,referinta alba fara filtru.txt,in cutie\Referinta alba\spectru\referinta alba fara filtru.txt,fara,,410.0,420.0,414.995091,338.787727,333.98,35.742215,22.0
in cutie\Referinta alba,white_reference,white_reference,referinta alba fara filtru.txt,in cutie\Referinta alba\spectru\referinta alba fara filtru.txt,fara,,420.0,430.0,424.908696,357.757391,359.18,33.716227,23.0
in cutie\Referinta alba,white_reference,white_reference,referinta alba fara filtru.txt,in cutie\Referinta alba\spectru\referinta alba fara filtru.txt,fara,,430.0,440.0,435.01787,375.94913,381.87,33.690658,23.0
in cutie\Referinta alba,white_reference,white_reference,referinta alba fara filtru.txt,in cutie\Referinta alba\spectru\referinta alba fara filtru.txt,fara,,440.0,450.0,445.101783,377.921304,384.39,32.131037,23.0
in cutie\Referinta alba,white_reference,white_reference,referinta alba fara filtru.txt,in cutie\Referinta alba\spectru\referinta alba fara filtru.txt,fara,,450.0,460.0,455.160348,387.236522,394.47,39.508668,23.0
in cutie\Referinta alba,white_reference,white_reference,referinta alba fara filtru.txt,in cutie\Referinta alba\spectru\referinta alba fara filtru.txt,fara,,460.0,470.0,465.193435,402.141304,407.07,30.883812,23.0
in cutie\Referinta alba,white_reference,white_reference,referinta alba fara filtru.txt,in cutie\Referinta alba\spectru\referinta alba fara filtru.txt,fara,,470.0,480.0,475.201,454.635217,452.44,33.026239,23.0
in cutie\Referinta alba,white_reference,white_reference,referinta alba fara filtru.txt,in cutie\Referinta alba\spectru\referinta alba fara filtru.txt,fara,,480.0,490.0,485.182913,529.046957,530.58,41.39548,23.0
in cutie\Referinta alba,white_reference,white_reference,referinta alba fara filtru.txt,in cutie\Referinta alba\spectru\referinta alba fara filtru.txt,fara,,490.0,500.0,495.139043,611.350435,611.24,35.897621,23.0
in cutie\Referinta alba,white_reference,white_reference,referinta alba fara filtru.txt,in cutie\Referinta alba\spectru\referinta alba fara filtru.txt,fara,,500.0,510.0,505.069348,669.432609,671.73,62.765555,23.0
in cutie\Referinta alba,white_reference,white_reference,referinta alba fara filtru.txt,in cutie\Referinta alba\spectru\referinta alba fara filtru.txt,fara,,510.0,520.0,514.973652,704.281739,712.06,40.485457,23.0
in cutie\Referinta alba,white_reference,white_reference,referinta alba fara filtru.txt,in cutie\Referinta alba\spectru\referinta alba fara filtru.txt,fara,,520.0,530.0,525.066167,745.04125,757.43,38.488365,24.0
in cutie\Referinta alba,white_reference,white_reference,referinta alba fara filtru.txt,in cutie\Referinta alba\spectru\referinta alba fara filtru.txt,fara,,530.0,540.0,535.131478,778.036087,772.56,36.817291,23.0
in cutie\Referinta alba,white_reference,white_reference,referinta alba fara filtru.txt,in cutie\Referinta alba\spectru\referinta alba fara filtru.txt,fara,,540.0,550.0,544.956,824.173913,822.97,44.713402,23.0
in cutie\Referinta alba,white_reference,white_reference,referinta alba fara filtru.txt,in cutie\Referinta alba\spectru\referinta alba fara filtru.txt,fara,,550.0,560.0,554.966667,851.744167,850.69,33.367221,24.0
in cutie\Referinta alba,white_reference,white_reference,referinta alba fara filtru.txt,in cutie\Referinta alba\spectru\referinta alba fara filtru.txt,fara,,560.0,570.0,564.949739,899.243043,903.63,43.576896,23.0
in cutie\Referinta alba,white_reference,white_reference,referinta alba fara filtru.txt,in cutie\Referinta alba\spectru\referinta alba fara filtru.txt,fara,,570.0,580.0,574.905,940.910417,941.435,42.89226,24.0
in cutie\Referinta alba,white_reference,white_reference,referinta alba fara filtru.txt,in cutie\Referinta alba\spectru\referinta alba fara filtru.txt,fara,,580.0,590.0,585.043208,926.312083,923.79,34.651486,24.0
in cutie\Referinta alba,white_reference,white_reference,referinta alba fara filtru.txt,in cutie\Referinta alba\spectru\referinta alba fara filtru.txt,fara,,590.0,600.0,595.152042,946.26625,952.78,43.597357,24.0
in cutie\Referinta alba,white_reference,white_reference,referinta alba fara filtru.txt,in cutie\Referinta alba\spectru\referinta alba fara filtru.txt,fara,,600.0,610.0,605.02213,1005.655217,1009.49,53.531113,23.0
in cutie\Referinta alba,white_reference,white_reference,referinta alba fara filtru.txt,in cutie\Referinta alba\spectru\referinta alba fara filtru.txt,fara,,610.0,620.0,614.863458,1070.195417,1069.985,40.927352,24.0
in cutie\Referinta alba,white_reference,white_reference,referinta alba fara filtru.txt,in cutie\Referinta alba\spectru\referinta alba fara filtru.txt,fara,,620.0,630.0,624.885125,1013.901667,1012.01,42.56061,24.0
in cutie\Referinta alba,white_reference,white_reference,referinta alba fara filtru.txt,in cutie\Referinta alba\spectru\referinta alba fara filtru.txt,fara,,630.0,640.0,634.876917,1031.650417,1028.395,41.582689,24.0
in cutie\Referinta alba,white_reference,white_reference,referinta alba fara filtru.txt,in cutie\Referinta alba\spectru\referinta alba fara filtru.txt,fara,,640.0,650.0,644.83875,1058.5375,1051.08,50.808223,24.0
in cutie\Referinta alba,white_reference,white_reference,referinta alba fara filtru.txt,in cutie\Referinta alba\spectru\referinta alba fara filtru.txt,fara,,650.0,660.0,654.97728,1039.6376,1044.78,52.142921,25.0
in cutie\Referinta alba,white_reference,white_reference,referinta alba fara filtru.txt,in cutie\Referinta alba\spectru\referinta alba fara filtru.txt,fara,,660.0,670.0,665.084458,1043.939167,1039.74,36.971429,24.0
in cutie\Referinta alba,white_reference,white_reference,referinta alba fara filtru.txt,in cutie\Referinta alba\spectru\referinta alba fara filtru.txt,fara,,670.0,680.0,674.95475,1011.486667,1012.01,41.341656,24.0
in cutie\Referinta alba,white_reference,white_reference,referinta alba fara filtru.txt,in cutie\Referinta alba\spectru\referinta alba fara filtru.txt,fara,,680.0,690.0,684.9992,1009.0888,1001.93,33.155405,25.0
in cutie\Referinta alba,white_reference,white_reference,referinta alba fara filtru.txt,in cutie\Referinta alba\spectru\referinta alba fara filtru.txt,fara,,690.0,700.0,695.012,976.30375,990.59,42.953589,24.0
in cutie\Referinta alba,white_reference,white_reference,referinta alba fara filtru.txt,in cutie\Referinta alba\spectru\referinta alba fara filtru.txt,fara,,700.0,710.0,704.99268,982.3684,981.76,40.04739,25.0
in cutie\Referinta alba,white_reference,white_reference,referinta alba fara filtru.txt,in cutie\Referinta alba\spectru\referinta alba fara filtru.txt,fara,,710.0,720.0,714.9415,956.874583,952.78,45.166716,24.0
in cutie\Referinta alba,white_reference,white_reference,referinta alba fara filtru.txt,in cutie\Referinta alba\spectru\referinta alba fara filtru.txt,fara,,720.0,730.0,724.85784,931.05,931.35,46.866977,25.0
in cutie\Referinta alba,white_reference,white_reference,referinta alba fara filtru.txt,in cutie\Referinta alba\spectru\referinta alba fara filtru.txt,fara,,730.0,740.0,734.94336,886.688,891.02,40.085428,25.0
in cutie\Referinta alba,white_reference,white_reference,referinta alba fara filtru.txt,in cutie\Referinta alba\spectru\referinta alba fara filtru.txt,fara,,740.0,750.0,744.99528,899.8956,880.94,50.249867,25.0
in cutie\Referinta alba,white_reference,white_reference,referinta alba fara filtru.txt,in cutie\Referinta alba\spectru\referinta alba fara filtru.txt,fara,,750.0,760.0,755.01288,883.5632,885.98,50.830656,25.0
in cutie\Referinta alba,white_reference,white_reference,referinta alba fara filtru.txt,in cutie\Referinta alba\spectru\referinta alba fara filtru.txt,fara,,760.0,770.0,764.99664,824.1788,822.97,32.864701,25.0
in cutie\Referinta alba,white_reference,white_reference,referinta alba fara filtru.txt,in cutie\Referinta alba\spectru\referinta alba fara filtru.txt,fara,,770.0,780.0,774.94604,792.822,800.28,47.465361,25.0
in cutie\Referinta alba,white_reference,white_reference,referinta alba fara filtru.txt,in cutie\Referinta alba\spectru\referinta alba fara filtru.txt,fara,,780.0,790.0,784.86132,762.7772,757.43,31.379248,25.0
in cutie\Referinta alba,white_reference,white_reference,referinta alba fara filtru.txt,in cutie\Referinta alba\spectru\referinta alba fara filtru.txt,fara,,790.0,800.0,794.938962,745.703846,746.09,40.504006,26.0
in cutie\Referinta alba,white_reference,white_reference,referinta alba fara filtru.txt,in cutie\Referinta alba\spectru\referinta alba fara filtru.txt,fara,,800.0,810.0,804.98072,699.7632,699.46,33.128008,25.0
in cutie\Referinta alba,white_reference,white_reference,referinta alba fara filtru.txt,in cutie\Referinta alba\spectru\referinta alba fara filtru.txt,fara,,810.0,820.0,814.986231,668.535385,664.17,32.00225,26.0
in cutie\Referinta alba,white_reference,white_reference,referinta alba fara filtru.txt,in cutie\Referinta alba\spectru\referinta alba fara filtru.txt,fara,,820.0,830.0,824.95548,651.6696,641.49,41.665406,25.0
in cutie\Referinta alba,white_reference,white_reference,referinta alba fara filtru.txt,in cutie\Referinta alba\spectru\referinta alba fara filtru.txt,fara,,830.0,840.0,834.888115,618.413846,615.02,37.443527,26.0
in cutie\Referinta alba,white_reference,white_reference,referinta alba fara filtru.txt,in cutie\Referinta alba\spectru\referinta alba fara filtru.txt,fara,,840.0,850.0,844.977846,592.626923,596.12,26.24198,26.0
in cutie\Referinta alba,white_reference,white_reference,referinta alba fara filtru.txt,in cutie\Referinta alba\spectru\referinta alba fara filtru.txt,fara,,850.0,860.0,855.029308,570.619615,564.61,38.47078,26.0
in cutie\Referinta alba,white_reference,white_reference,referinta alba fara filtru.txt,in cutie\Referinta alba\spectru\referinta alba fara filtru.txt,fara,,860.0,870.0,865.042308,536.301923,528.06,38.560784,26.0
in cutie\Referinta alba,white_reference,white_reference,referinta alba fara filtru.txt,in cutie\Referinta alba\spectru\referinta alba fara filtru.txt,fara,,870.0,880.0,875.016731,505.956923,511.68,32.304626,26.0
in cutie\Referinta alba,white_reference,white_reference,referinta alba fara filtru.txt,in cutie\Referinta alba\spectru\referinta alba fara filtru.txt,fara,,880.0,890.0,884.952385,499.752692,501.595,35.914922,26.0
in cutie\Referinta alba,white_reference,white_reference,referinta alba fara filtru.txt,in cutie\Referinta alba\spectru\referinta alba fara filtru.txt,fara,,890.0,900.0,895.039037,505.468519,480.17,153.760137,27.0
in cutie\Referinta alba,white_reference,white_reference,referinta alba fara filtru.txt,in cutie\Referinta alba\spectru\referinta alba fara filtru.txt,fara,,900.0,910.0,905.085308,510.611154,517.98,33.196301,26.0
in cutie\Referinta alba,white_reference,white_reference,referinta alba fara filtru.txt,in cutie\Referinta alba\spectru\referinta alba fara filtru.txt,fara,,910.0,920.0,915.090519,493.987037,485.21,46.103224,27.0
in cutie\Referinta alba,white_reference,white_reference,referinta alba fara filtru.txt,in cutie\Referinta alba\spectru\referinta alba fara filtru.txt,fara,,920.0,930.0,925.055154,430.049615,441.1,44.225991,26.0
in cutie\Referinta alba,white_reference,white_reference,referinta alba fara filtru.txt,in cutie\Referinta alba\spectru\referinta alba fara filtru.txt,fara,,930.0,940.0,934.97837,413.142593,399.51,48.471568,27.0
in cutie\Referinta alba,white_reference,white_reference,referinta alba fara filtru.txt,in cutie\Referinta alba\spectru\referinta alba fara filtru.txt,fara,,940.0,950.0,945.046519,366.93,364.22,29.02223,27.0
in cutie\Referinta alba,white_reference,white_reference,referinta alba fara filtru.txt,in cutie\Referinta alba\spectru\referinta alba fara filtru.txt,fara,,950.0,960.0,955.071815,370.384444,366.74,29.715818,27.0
in cutie\Referinta alba,white_reference,white_reference,referinta alba fara filtru.txt,in cutie\Referinta alba\spectru\referinta alba fara filtru.txt,fara,,960.0,970.0,965.053815,358.342593,364.22,28.763762,27.0
in cutie\Referinta alba,white_reference,white_reference,referinta alba fara filtru.txt,in cutie\Referinta alba\spectru\referinta alba fara filtru.txt,fara,,970.0,980.0,974.992481,352.647778,354.14,26.026023,27.0
in cutie\Referinta alba,white_reference,white_reference,referinta alba fara filtru.txt,in cutie\Referinta alba\spectru\referinta alba fara filtru.txt,fara,,980.0,990.0,984.887556,336.216667,333.98,33.67295,27.0
in cutie\Referinta alba,white_reference,white_reference,referinta alba fara filtru.txt,in cutie\Referinta alba\spectru\referinta alba fara filtru.txt,fara,,990.0,1000.0,994.920964,324.434286,316.33,35.667728,28.0
in cutie\Referinta alba,white_reference,white_reference,referinta alba fara filtru.txt,in cutie\Referinta alba\spectru\referinta alba fara filtru.txt,fara,,1000.0,1010.0,1005.09,320.652857,312.55,30.796555,28.0
in cutie\Referinta alba,white_reference,white_reference,referinta alba fara filtru.txt,in cutie\Referinta alba\spectru\referinta alba fara filtru.txt,fara,,1010.0,1020.0,1015.031556,326.507407,326.41,30.66041,27.0
in cutie\Referinta alba,white_reference,white_reference,referinta alba fara filtru.txt,in cutie\Referinta alba\spectru\referinta alba fara filtru.txt,fara,,1020.0,1030.0,1024.926857,312.011786,308.77,43.075647,28.0
in cutie\Referinta alba,white_reference,white_reference,referinta alba fara filtru.txt,in cutie\Referinta alba\spectru\referinta alba fara filtru.txt,fara,,1030.0,1040.0,1032.275,326.607692,318.85,38.448183,13.0
in cutie\Referinta alba,white_reference,white_reference,refirinta alba  556.txt,in cutie\Referinta alba\spectru\refirinta alba  556.txt,556,556,180.0,190.0,188.705167,-109.385,-93.42,38.436749,6.0
in cutie\Referinta alba,white_reference,white_reference,refirinta alba  556.txt,in cutie\Referinta alba\spectru\refirinta alba  556.txt,556,556,190.0,200.0,194.959762,46.29381,42.69,116.644515,21.0
in cutie\Referinta alba,white_reference,white_reference,refirinta alba  556.txt,in cutie\Referinta alba\spectru\refirinta alba  556.txt,556,556,200.0,210.0,204.905818,306.665455,308.61,31.72153,22.0
in cutie\Referinta alba,white_reference,white_reference,refirinta alba  556.txt,in cutie\Referinta alba\spectru\refirinta alba  556.txt,556,556,210.0,220.0,215.0625,301.625,299.79,37.278777,22.0
in cutie\Referinta alba,white_reference,white_reference,refirinta alba  556.txt,in cutie\Referinta alba\spectru\refirinta alba  556.txt,556,556,220.0,230.0,224.968333,279.146667,277.11,35.795241,21.0
in cutie\Referinta alba,white_reference,white_reference,refirinta alba  556.txt,in cutie\Referinta alba\spectru\refirinta alba  556.txt,556,556,230.0,240.0,234.853682,289.823636,289.71,26.463177,22.0
in cutie\Referinta alba,white_reference,white_reference,refirinta alba  556.txt,in cutie\Referinta alba\spectru\refirinta alba  556.txt,556,556,240.0,250.0,244.948455,317.32,302.31,62.09947,22.0
in cutie\Referinta alba,white_reference,white_reference,refirinta alba  556.txt,in cutie\Referinta alba\spectru\refirinta alba  556.txt,556,556,250.0,260.0,255.021727,312.966364,316.175,39.26906,22.0
in cutie\Referinta alba,white_reference,white_reference,refirinta alba  556.txt,in cutie\Referinta alba\spectru\refirinta alba  556.txt,556,556,260.0,270.0,265.073818,302.884545,297.27,34.502303,22.0
in cutie\Referinta alba,white_reference,white_reference,refirinta alba  556.txt,in cutie\Referinta alba\spectru\refirinta alba  556.txt,556,556,270.0,280.0,275.104455,305.977727,307.35,25.351455,22.0
in cutie\Referinta alba,white_reference,white_reference,refirinta alba  556.txt,in cutie\Referinta alba\spectru\refirinta alba  556.txt,556,556,280.0,290.0,285.113545,321.56,326.26,29.350031,22.0
in cutie\Referinta alba,white_reference,white_reference,refirinta alba  556.txt,in cutie\Referinta alba\spectru\refirinta alba  556.txt,556,556,290.0,300.0,295.101045,306.894545,301.05,28.885477,22.0
in cutie\Referinta alba,white_reference,white_reference,refirinta alba  556.txt,in cutie\Referinta alba\spectru\refirinta alba  556.txt,556,556,300.0,310.0,305.066727,312.165,321.22,29.531664,22.0
in cutie\Referinta alba,white_reference,white_reference,refirinta alba  556.txt,in cutie\Referinta alba\spectru\refirinta alba  556.txt,556,556,310.0,320.0,315.010682,302.426364,301.05,38.351436,22.0
in cutie\Referinta alba,white_reference,white_reference,refirinta alba  556.txt,in cutie\Referinta alba\spectru\refirinta alba  556.txt,556,556,320.0,330.0,324.932818,326.371364,326.26,27.303655,22.0
in cutie\Referinta alba,white_reference,white_reference,refirinta alba  556.txt,in cutie\Referinta alba\spectru\refirinta alba  556.txt,556,556,330.0,340.0,334.832955,320.529545,306.09,34.627189,22.0
in cutie\Referinta alba,white_reference,white_reference,refirinta alba  556.txt,in cutie\Referinta alba\spectru\refirinta alba  556.txt,556,556,340.0,350.0,344.935087,307.134348,309.87,53.355452,23.0
in cutie\Referinta alba,white_reference,white_reference,refirinta alba  556.txt,in cutie\Referinta alba\spectru\refirinta alba  556.txt,556,556,350.0,360.0,355.014136,317.436364,322.48,30.256814,22.0
in cutie\Referinta alba,white_reference,white_reference,refirinta alba  556.txt,in cutie\Referinta alba\spectru\refirinta alba  556.txt,556,556,360.0,370.0,365.069739,305.48913,302.31,39.986331,23.0
in cutie\Referinta alba,white_reference,white_reference,refirinta alba  556.txt,in cutie\Referinta alba\spectru\refirinta alba  556.txt,556,556,370.0,380.0,375.102227,314.456818,322.48,27.898778,22.0
in cutie\Referinta alba,white_reference,white_reference,refirinta alba  556.txt,in cutie\Referinta alba\spectru\refirinta alba  556.txt,556,556,380.0,390.0,385.110913,329.051304,332.56,28.640485,23.0
in cutie\Referinta alba,white_reference,white_reference,refirinta alba  556.txt,in cutie\Referinta alba\spectru\refirinta alba  556.txt,556,556,390.0,400.0,395.096045,319.382727,313.655,46.792178,22.0
in cutie\Referinta alba,white_reference,white_reference,refirinta alba  556.txt,in cutie\Referinta alba\spectru\refirinta alba  556.txt,556,556,400.0,410.0,405.057435,317.105217,314.91,32.221626,23.0
in cutie\Referinta alba,white_reference,white_reference,refirinta alba  556.txt,in cutie\Referinta alba\spectru\refirinta alba  556.txt,556,556,410.0,420.0,414.995091,335.995909,337.6,39.398412,22.0
in cutie\Referinta alba,white_reference,white_reference,refirinta alba  556.txt,in cutie\Referinta alba\spectru\refirinta alba  556.txt,556,556,420.0,430.0,424.908696,321.709565,325.0,34.331159,23.0
in cutie\Referinta alba,white_reference,white_reference,refirinta alba  556.txt,in cutie\Referinta alba\spectru\refirinta alba  556.txt,556,556,430.0,440.0,435.01787,327.078696,335.08,42.128989,23.0
in cutie\Referinta alba,white_reference,white_reference,refirinta alba  556.txt,in cutie\Referinta alba\spectru\refirinta alba  556.txt,556,556,440.0,450.0,445.101783,326.969565,332.56,26.22589,23.0
in cutie\Referinta alba,white_reference,white_reference,refirinta alba  556.txt,in cutie\Referinta alba\spectru\refirinta alba  556.txt,556,556,450.0,460.0,455.160348,325.763478,325.0,26.587458,23.0
in cutie\Referinta alba,white_reference,white_reference,refirinta alba  556.txt,in cutie\Referinta alba\spectru\refirinta alba  556.txt,556,556,460.0,470.0,465.193435,316.558261,314.91,40.126663,23.0
in cutie\Referinta alba,white_reference,white_reference,refirinta alba  556.txt,in cutie\Referinta alba\spectru\refirinta alba  556.txt,556,556,470.0,480.0,475.201,331.244348,335.08,31.190044,23.0
in cutie\Referinta alba,white_reference,white_reference,refirinta alba  556.txt,in cutie\Referinta alba\spectru\refirinta alba  556.txt,556,556,480.0,490.0,485.182913,319.079565,322.48,26.232554,23.0
in cutie\Referinta alba,white_reference,white_reference,refirinta alba  556.txt,in cutie\Referinta alba\spectru\refirinta alba  556.txt,556,556,490.0,500.0,495.139043,319.29913,319.96,38.852217,23.0
in cutie\Referinta alba,white_reference,white_reference,refirinta alba  556.txt,in cutie\Referinta alba\spectru\refirinta alba  556.txt,556,556,500.0,510.0,505.069348,332.776957,322.48,46.375885,23.0
in cutie\Referinta alba,white_reference,white_reference,refirinta alba  556.txt,in cutie\Referinta alba\spectru\refirinta alba  556.txt,556,556,510.0,520.0,514.973652,324.33913,319.96,29.585035,23.0
in cutie\Referinta alba,white_reference,white_reference,refirinta alba  556.txt,in cutie\Referinta alba\spectru\refirinta alba  556.txt,556,556,520.0,530.0,525.066167,365.22125,367.845,50.350568,24.0
in cutie\Referinta alba,white_reference,white_reference,refirinta alba  556.txt,in cutie\Referinta alba\spectru\refirinta alba  556.txt,556,556,530.0,540.0,535.131478,599.739565,597.22,51.264821,23.0
in cutie\Referinta alba,white_reference,white_reference,refirinta alba  556.txt,in cutie\Referinta alba\spectru\refirinta alba  556.txt,556,556,540.0,550.0,544.956,691.137826,687.96,42.582592,23.0
in cutie\Referinta alba,white_reference,white_reference,refirinta alba  556.txt,in cutie\Referinta alba\spectru\refirinta alba  556.txt,556,556,550.0,560.0,554.966667,695.62625,693.0,37.290586,24.0
in cutie\Referinta alba,white_reference,white_reference,refirinta alba  556.txt,in cutie\Referinta alba\spectru\refirinta alba  556.txt,556,556,560.0,570.0,564.949739,691.686087,703.08,43.9663,23.0
in cutie\Referinta alba,white_reference,white_reference,refirinta alba  556.txt,in cutie\Referinta alba\spectru\refirinta alba  556.txt,556,556,570.0,580.0,574.905,426.345417,400.615,122.671999,24.0
in cutie\Referinta alba,white_reference,white_reference,refirinta alba  556.txt,in cutie\Referinta alba\spectru\refirinta alba  556.txt,556,556,580.0,590.0,585.043208,324.36625,323.74,33.694049,24.0
in cutie\Referinta alba,white_reference,white_reference,refirinta alba  556.txt,in cutie\Referinta alba\spectru\refirinta alba  556.txt,556,556,590.0,600.0,595.152042,306.407083,304.83,28.516462,24.0
in cutie\Referinta alba,white_reference,white_reference,refirinta alba  556.txt,in cutie\Referinta alba\spectru\refirinta alba  556.txt,556,556,600.0,610.0,605.02213,340.668261,342.64,32.347905,23.0
in cutie\Referinta alba,white_reference,white_reference,refirinta alba  556.txt,in cutie\Referinta alba\spectru\refirinta alba  556.txt,556,556,610.0,620.0,614.863458,322.37125,322.48,30.329742,24.0
in cutie\Referinta alba,white_reference,white_reference,refirinta alba  556.txt,in cutie\Referinta alba\spectru\refirinta alba  556.txt,556,556,620.0,630.0,624.885125,324.157083,323.74,28.827996,24.0
in cutie\Referinta alba,white_reference,white_reference,refirinta alba  556.txt,in cutie\Referinta alba\spectru\refirinta alba  556.txt,556,556,630.0,640.0,634.876917,338.439167,341.38,34.580618,24.0
in cutie\Referinta alba,white_reference,white_reference,refirinta alba  556.txt,in cutie\Referinta alba\spectru\refirinta alba  556.txt,556,556,640.0,650.0,644.83875,334.658333,340.12,31.310844,24.0
in cutie\Referinta alba,white_reference,white_reference,refirinta alba  556.txt,in cutie\Referinta alba\spectru\refirinta alba  556.txt,556,556,650.0,660.0,654.97728,325.2992,319.96,34.81284,25.0
in cutie\Referinta alba,white_reference,white_reference,refirinta alba  556.txt,in cutie\Referinta alba\spectru\refirinta alba  556.txt,556,556,660.0,670.0,665.084458,325.207083,325.0,33.429084,24.0
in cutie\Referinta alba,white_reference,white_reference,refirinta alba  556.txt,in cutie\Referinta alba\spectru\refirinta alba  556.txt,556,556,670.0,680.0,674.95475,329.9325,338.86,37.226526,24.0
in cutie\Referinta alba,white_reference,white_reference,refirinta alba  556.txt,in cutie\Referinta alba\spectru\refirinta alba  556.txt,556,556,680.0,690.0,684.9992,318.5444,319.96,28.131922,25.0
in cutie\Referinta alba,white_reference,white_reference,refirinta alba  556.txt,in cutie\Referinta alba\spectru\refirinta alba  556.txt,556,556,690.0,700.0,695.012,324.78625,319.96,41.390789,24.0
in cutie\Referinta alba,white_reference,white_reference,refirinta alba  556.txt,in cutie\Referinta alba\spectru\refirinta alba  556.txt,556,556,700.0,710.0,704.99268,322.3756,330.04,30.014413,25.0
in cutie\Referinta alba,white_reference,white_reference,refirinta alba  556.txt,in cutie\Referinta alba\spectru\refirinta alba  556.txt,556,556,710.0,720.0,714.9415,335.815,330.04,31.333754,24.0
in cutie\Referinta alba,white_reference,white_reference,refirinta alba  556.txt,in cutie\Referinta alba\spectru\refirinta alba  556.txt,556,556,720.0,730.0,724.85784,333.3644,342.64,34.374232,25.0
in cutie\Referinta alba,white_reference,white_reference,refirinta alba  556.txt,in cutie\Referinta alba\spectru\refirinta alba  556.txt,556,556,730.0,740.0,734.94336,319.7544,319.96,36.665566,25.0
in cutie\Referinta alba,white_reference,white_reference,refirinta alba  556.txt,in cutie\Referinta alba\spectru\refirinta alba  556.txt,556,556,740.0,750.0,744.99528,324.3912,322.48,31.524333,25.0
in cutie\Referinta alba,white_reference,white_reference,refirinta alba  556.txt,in cutie\Referinta alba\spectru\refirinta alba  556.txt,556,556,750.0,760.0,755.01288,329.7356,327.52,31.702217,25.0
in cutie\Referinta alba,white_reference,white_reference,refirinta alba  556.txt,in cutie\Referinta alba\spectru\refirinta alba  556.txt,556,556,760.0,770.0,764.99664,310.8824,309.87,35.774862,25.0
in cutie\Referinta alba,white_reference,white_reference,refirinta alba  556.txt,in cutie\Referinta alba\spectru\refirinta alba  556.txt,556,556,770.0,780.0,774.94604,323.4836,314.91,34.100732,25.0
in cutie\Referinta alba,white_reference,white_reference,refirinta alba  556.txt,in cutie\Referinta alba\spectru\refirinta alba  556.txt,556,556,780.0,790.0,784.86132,327.92,322.48,34.997777,25.0
in cutie\Referinta alba,white_reference,white_reference,refirinta alba  556.txt,in cutie\Referinta alba\spectru\refirinta alba  556.txt,556,556,790.0,800.0,794.938962,329.650385,322.48,34.288449,26.0
in cutie\Referinta alba,white_reference,white_reference,refirinta alba  556.txt,in cutie\Referinta alba\spectru\refirinta alba  556.txt,556,556,800.0,810.0,804.98072,317.9396,319.96,40.923983,25.0
in cutie\Referinta alba,white_reference,white_reference,refirinta alba  556.txt,in cutie\Referinta alba\spectru\refirinta alba  556.txt,556,556,810.0,820.0,814.986231,325.288462,325.0,26.234538,26.0
in cutie\Referinta alba,white_reference,white_reference,refirinta alba  556.txt,in cutie\Referinta alba\spectru\refirinta alba  556.txt,556,556,820.0,830.0,824.95548,327.922,322.48,44.92435,25.0
in cutie\Referinta alba,white_reference,white_reference,refirinta alba  556.txt,in cutie\Referinta alba\spectru\refirinta alba  556.txt,556,556,830.0,840.0,834.888115,328.68,326.26,35.722442,26.0
in cutie\Referinta alba,white_reference,white_reference,refirinta alba  556.txt,in cutie\Referinta alba\spectru\refirinta alba  556.txt,556,556,840.0,850.0,844.977846,335.176154,338.86,39.419568,26.0
in cutie\Referinta alba,white_reference,white_reference,refirinta alba  556.txt,in cutie\Referinta alba\spectru\refirinta alba  556.txt,556,556,850.0,860.0,855.029308,324.706538,325.0,31.816338,26.0
in cutie\Referinta alba,white_reference,white_reference,refirinta alba  556.txt,in cutie\Referinta alba\spectru\refirinta alba  556.txt,556,556,860.0,870.0,865.042308,316.563846,317.44,37.457061,26.0
in cutie\Referinta alba,white_reference,white_reference,refirinta alba  556.txt,in cutie\Referinta alba\spectru\refirinta alba  556.txt,556,556,870.0,880.0,875.016731,328.39,319.96,27.479572,26.0
in cutie\Referinta alba,white_reference,white_reference,refirinta alba  556.txt,in cutie\Referinta alba\spectru\refirinta alba  556.txt,556,556,880.0,890.0,884.952385,326.936154,331.3,40.831259,26.0
in cutie\Referinta alba,white_reference,white_reference,refirinta alba  556.txt,in cutie\Referinta alba\spectru\refirinta alba  556.txt,556,556,890.0,900.0,895.039037,359.444815,330.04,162.144512,27.0
in cutie\Referinta alba,white_reference,white_reference,refirinta alba  556.txt,in cutie\Referinta alba\spectru\refirinta alba  556.txt,556,556,900.0,910.0,905.085308,326.548077,333.82,35.122719,26.0
in cutie\Referinta alba,white_reference,white_reference,refirinta alba  556.txt,in cutie\Referinta alba\spectru\refirinta alba  556.txt,556,556,910.0,920.0,915.090519,329.384815,330.04,35.44417,27.0
in cutie\Referinta alba,white_reference,white_reference,refirinta alba  556.txt,in cutie\Referinta alba\spectru\refirinta alba  556.txt,556,556,920.0,930.0,925.055154,318.695385,317.44,39.069727,26.0
in cutie\Referinta alba,white_reference,white_reference,refirinta alba  556.txt,in cutie\Referinta alba\spectru\refirinta alba  556.txt,556,556,930.0,940.0,934.97837,343.387778,345.16,52.388576,27.0
in cutie\Referinta alba,white_reference,white_reference,refirinta alba  556.txt,in cutie\Referinta alba\spectru\refirinta alba  556.txt,556,556,940.0,950.0,945.046519,319.862222,332.56,33.117083,27.0
in cutie\Referinta alba,white_reference,white_reference,refirinta alba  556.txt,in cutie\Referinta alba\spectru\refirinta alba  556.txt,556,556,950.0,960.0,955.071815,319.675556,317.44,42.921355,27.0
in cutie\Referinta alba,white_reference,white_reference,refirinta alba  556.txt,in cutie\Referinta alba\spectru\refirinta alba  556.txt,556,556,960.0,970.0,965.053815,315.101481,314.91,35.94143,27.0
in cutie\Referinta alba,white_reference,white_reference,refirinta alba  556.txt,in cutie\Referinta alba\spectru\refirinta alba  556.txt,556,556,970.0,980.0,974.992481,330.971852,319.96,36.566258,27.0
in cutie\Referinta alba,white_reference,white_reference,refirinta alba  556.txt,in cutie\Referinta alba\spectru\refirinta alba  556.txt,556,556,980.0,990.0,984.887556,332.092593,332.56,33.297639,27.0
in cutie\Referinta alba,white_reference,white_reference,refirinta alba  556.txt,in cutie\Referinta alba\spectru\refirinta alba  556.txt,556,556,990.0,1000.0,994.920964,327.427857,327.52,34.186848,28.0
in cutie\Referinta alba,white_reference,white_reference,refirinta alba  556.txt,in cutie\Referinta alba\spectru\refirinta alba  556.txt,556,556,1000.0,1010.0,1005.09,319.777143,317.44,22.473242,28.0
in cutie\Referinta alba,white_reference,white_reference,refirinta alba  556.txt,in cutie\Referinta alba\spectru\refirinta alba  556.txt,556,556,1010.0,1020.0,1015.031556,329.290741,330.04,32.984283,27.0
in cutie\Referinta alba,white_reference,white_reference,refirinta alba  556.txt,in cutie\Referinta alba\spectru\refirinta alba  556.txt,556,556,1020.0,1030.0,1024.926857,334.898214,342.64,33.560942,28.0
in cutie\Referinta alba,white_reference,white_reference,refirinta alba  556.txt,in cutie\Referinta alba\spectru\refirinta alba  556.txt,556,556,1030.0,1040.0,1032.275,321.894615,319.96,25.11367,13.0
in cutie\Referinta alba,white_reference,white_reference,refirinta alba  680.txt,in cutie\Referinta alba\spectru\refirinta alba  680.txt,680,680,180.0,190.0,188.705167,-58.34,-32.295,46.810693,6.0
in cutie\Referinta alba,white_reference,white_reference,refirinta alba  680.txt,in cutie\Referinta alba\spectru\refirinta alba  680.txt,680,680,190.0,200.0,194.959762,45.002857,48.36,108.068115,21.0
in cutie\Referinta alba,white_reference,white_reference,refirinta alba  680.txt,in cutie\Referinta alba\spectru\refirinta alba  680.txt,680,680,200.0,210.0,204.905818,297.9,299.16,28.918948,22.0
in cutie\Referinta alba,white_reference,white_reference,refirinta alba  680.txt,in cutie\Referinta alba\spectru\refirinta alba  680.txt,680,680,210.0,220.0,215.0625,287.932727,286.56,31.071651,22.0
in cutie\Referinta alba,white_reference,white_reference,refirinta alba  680.txt,in cutie\Referinta alba\spectru\refirinta alba  680.txt,680,680,220.0,230.0,224.968333,277.37619,277.74,32.291592,21.0
in cutie\Referinta alba,white_reference,white_reference,refirinta alba  680.txt,in cutie\Referinta alba\spectru\refirinta alba  680.txt,680,680,230.0,240.0,234.853682,282.204545,284.04,39.070013,22.0
in cutie\Referinta alba,white_reference,white_reference,refirinta alba  680.txt,in cutie\Referinta alba\spectru\refirinta alba  680.txt,680,680,240.0,250.0,244.948455,305.92,295.38,52.606837,22.0
in cutie\Referinta alba,white_reference,white_reference,refirinta alba  680.txt,in cutie\Referinta alba\spectru\refirinta alba  680.txt,680,680,250.0,260.0,255.021727,287.819091,292.86,36.526299,22.0
in cutie\Referinta alba,white_reference,white_reference,refirinta alba  680.txt,in cutie\Referinta alba\spectru\refirinta alba  680.txt,680,680,260.0,270.0,265.073818,287.932727,280.26,35.82007,22.0
in cutie\Referinta alba,white_reference,white_reference,refirinta alba  680.txt,in cutie\Referinta alba\spectru\refirinta alba  680.txt,680,680,270.0,280.0,275.104455,296.525455,295.38,35.236769,22.0
in cutie\Referinta alba,white_reference,white_reference,refirinta alba  680.txt,in cutie\Referinta alba\spectru\refirinta alba  680.txt,680,680,280.0,290.0,285.113545,307.868636,304.2,38.032817,22.0
in cutie\Referinta alba,white_reference,white_reference,refirinta alba  680.txt,in cutie\Referinta alba\spectru\refirinta alba  680.txt,680,680,290.0,300.0,295.101045,305.462727,304.2,35.238418,22.0
in cutie\Referinta alba,white_reference,white_reference,refirinta alba  680.txt,in cutie\Referinta alba\spectru\refirinta alba  680.txt,680,680,300.0,310.0,305.066727,299.160455,297.9,29.635956,22.0
in cutie\Referinta alba,white_reference,white_reference,refirinta alba  680.txt,in cutie\Referinta alba\spectru\refirinta alba  680.txt,680,680,310.0,320.0,315.010682,304.431364,305.46,26.25702,22.0
in cutie\Referinta alba,white_reference,white_reference,refirinta alba  680.txt,in cutie\Referinta alba\spectru\refirinta alba  680.txt,680,680,320.0,330.0,324.932818,310.732727,305.46,22.299658,22.0
in cutie\Referinta alba,white_reference,white_reference,refirinta alba  680.txt,in cutie\Referinta alba\spectru\refirinta alba  680.txt,680,680,330.0,340.0,334.832955,306.951364,306.72,35.064183,22.0
in cutie\Referinta alba,white_reference,white_reference,refirinta alba  680.txt,in cutie\Referinta alba\spectru\refirinta alba  680.txt,680,680,340.0,350.0,344.935087,319.380435,307.98,68.336222,23.0
in cutie\Referinta alba,white_reference,white_reference,refirinta alba  680.txt,in cutie\Referinta alba\spectru\refirinta alba  680.txt,680,680,350.0,360.0,355.014136,323.909545,321.85,27.65894,22.0
in cutie\Referinta alba,white_reference,white_reference,refirinta alba  680.txt,in cutie\Referinta alba\spectru\refirinta alba  680.txt,680,680,360.0,370.0,365.069739,294.832174,292.86,25.402623,23.0
in cutie\Referinta alba,white_reference,white_reference,refirinta alba  680.txt,in cutie\Referinta alba\spectru\refirinta alba  680.txt,680,680,370.0,380.0,375.102227,316.460909,311.76,33.590653,22.0
in cutie\Referinta alba,white_reference,white_reference,refirinta alba  680.txt,in cutie\Referinta alba\spectru\refirinta alba  680.txt,680,680,380.0,390.0,385.110913,312.366087,310.5,44.821488,23.0
in cutie\Referinta alba,white_reference,white_reference,refirinta alba  680.txt,in cutie\Referinta alba\spectru\refirinta alba  680.txt,680,680,390.0,400.0,395.096045,300.535455,295.38,40.610804,22.0
in cutie\Referinta alba,white_reference,white_reference,refirinta alba  680.txt,in cutie\Referinta alba\spectru\refirinta alba  680.txt,680,680,400.0,410.0,405.057435,314.667826,315.54,42.999038,23.0
in cutie\Referinta alba,white_reference,white_reference,refirinta alba  680.txt,in cutie\Referinta alba\spectru\refirinta alba  680.txt,680,680,410.0,420.0,414.995091,305.575909,307.98,35.601045,22.0
in cutie\Referinta alba,white_reference,white_reference,refirinta alba  680.txt,in cutie\Referinta alba\spectru\refirinta alba  680.txt,680,680,420.0,430.0,424.908696,302.722174,302.94,22.628703,23.0
in cutie\Referinta alba,white_reference,white_reference,refirinta alba  680.txt,in cutie\Referinta alba\spectru\refirinta alba  680.txt,680,680,430.0,440.0,435.01787,328.368261,325.63,36.961965,23.0
in cutie\Referinta alba,white_reference,white_reference,refirinta alba  680.txt,in cutie\Referinta alba\spectru\refirinta alba  680.txt,680,680,440.0,450.0,445.101783,311.59913,305.46,39.15266,23.0
in cutie\Referinta alba,white_reference,white_reference,refirinta alba  680.txt,in cutie\Referinta alba\spectru\refirinta alba  680.txt,680,680,450.0,460.0,455.160348,313.023913,310.5,14.451907,23.0
in cutie\Referinta alba,white_reference,white_reference,refirinta alba  680.txt,in cutie\Referinta alba\spectru\refirinta alba  680.txt,680,680,460.0,470.0,465.193435,307.325217,313.02,34.63353,23.0
in cutie\Referinta alba,white_reference,white_reference,refirinta alba  680.txt,in cutie\Referinta alba\spectru\refirinta alba  680.txt,680,680,470.0,480.0,475.201,300.31087,300.42,28.55066,23.0
in cutie\Referinta alba,white_reference,white_reference,refirinta alba  680.txt,in cutie\Referinta alba\spectru\refirinta alba  680.txt,680,680,480.0,490.0,485.182913,312.146957,313.02,37.101701,23.0
in cutie\Referinta alba,white_reference,white_reference,refirinta alba  680.txt,in cutie\Referinta alba\spectru\refirinta alba  680.txt,680,680,490.0,500.0,495.139043,296.037391,295.38,30.422234,23.0
in cutie\Referinta alba,white_reference,white_reference,refirinta alba  680.txt,in cutie\Referinta alba\spectru\refirinta alba  680.txt,680,680,500.0,510.0,505.069348,324.75,320.59,47.521372,23.0
in cutie\Referinta alba,white_reference,white_reference,refirinta alba  680.txt,in cutie\Referinta alba\spectru\refirinta alba  680.txt,680,680,510.0,520.0,514.973652,316.42087,318.07,34.780689,23.0
in cutie\Referinta alba,white_reference,white_reference,refirinta alba  680.txt,in cutie\Referinta alba\spectru\refirinta alba  680.txt,680,680,520.0,530.0,525.066167,309.033333,310.5,37.737356,24.0
in cutie\Referinta alba,white_reference,white_reference,refirinta alba  680.txt,in cutie\Referinta alba\spectru\refirinta alba  680.txt,680,680,530.0,540.0,535.131478,320.585652,302.94,42.704518,23.0
in cutie\Referinta alba,white_reference,white_reference,refirinta alba  680.txt,in cutie\Referinta alba\spectru\refirinta alba  680.txt,680,680,540.0,550.0,544.956,311.709565,318.07,35.240891,23.0
in cutie\Referinta alba,white_reference,white_reference,refirinta alba  680.txt,in cutie\Referinta alba\spectru\refirinta alba  680.txt,680,680,550.0,560.0,554.966667,325.312083,329.41,28.13604,24.0
in cutie\Referinta alba,white_reference,white_reference,refirinta alba  680.txt,in cutie\Referinta alba\spectru\refirinta alba  680.txt,680,680,560.0,570.0,564.949739,317.407391,313.02,31.831858,23.0
in cutie\Referinta alba,white_reference,white_reference,refirinta alba  680.txt,in cutie\Referinta alba\spectru\refirinta alba  680.txt,680,680,570.0,580.0,574.905,319.640417,316.805,29.455756,24.0
in cutie\Referinta alba,white_reference,white_reference,refirinta alba  680.txt,in cutie\Referinta alba\spectru\refirinta alba  680.txt,680,680,580.0,590.0,585.043208,312.918333,304.2,43.775548,24.0
in cutie\Referinta alba,white_reference,white_reference,refirinta alba  680.txt,in cutie\Referinta alba\spectru\refirinta alba  680.txt,680,680,590.0,600.0,595.152042,319.745833,320.59,29.102917,24.0
in cutie\Referinta alba,white_reference,white_reference,refirinta alba  680.txt,in cutie\Referinta alba\spectru\refirinta alba  680.txt,680,680,600.0,610.0,605.02213,310.066087,318.07,35.952385,23.0
in cutie\Referinta alba,white_reference,white_reference,refirinta alba  680.txt,in cutie\Referinta alba\spectru\refirinta alba  680.txt,680,680,610.0,620.0,614.863458,327.307917,321.85,28.864347,24.0
in cutie\Referinta alba,white_reference,white_reference,refirinta alba  680.txt,in cutie\Referinta alba\spectru\refirinta alba  680.txt,680,680,620.0,630.0,624.885125,309.767917,307.98,26.66066,24.0
in cutie\Referinta alba,white_reference,white_reference,refirinta alba  680.txt,in cutie\Referinta alba\spectru\refirinta alba  680.txt,680,680,630.0,640.0,634.876917,330.877917,329.41,38.674128,24.0
in cutie\Referinta alba,white_reference,white_reference,refirinta alba  680.txt,in cutie\Referinta alba\spectru\refirinta alba  680.txt,680,680,640.0,650.0,644.83875,333.083333,336.97,28.503312,24.0
in cutie\Referinta alba,white_reference,white_reference,refirinta alba  680.txt,in cutie\Referinta alba\spectru\refirinta alba  680.txt,680,680,650.0,660.0,654.97728,409.8132,391.16,83.262978,25.0
in cutie\Referinta alba,white_reference,white_reference,refirinta alba  680.txt,in cutie\Referinta alba\spectru\refirinta alba  680.txt,680,680,660.0,670.0,665.084458,764.6275,776.81,64.536466,24.0
in cutie\Referinta alba,white_reference,white_reference,refirinta alba  680.txt,in cutie\Referinta alba\spectru\refirinta alba  680.txt,680,680,670.0,680.0,674.95475,788.362917,791.93,32.9042,24.0
in cutie\Referinta alba,white_reference,white_reference,refirinta alba  680.txt,in cutie\Referinta alba\spectru\refirinta alba  680.txt,680,680,680.0,690.0,684.9992,795.9664,802.02,39.886455,25.0
in cutie\Referinta alba,white_reference,white_reference,refirinta alba  680.txt,in cutie\Referinta alba\spectru\refirinta alba  680.txt,680,680,690.0,700.0,695.012,700.141667,711.275,62.740428,24.0
in cutie\Referinta alba,white_reference,white_reference,refirinta alba  680.txt,in cutie\Referinta alba\spectru\refirinta alba  680.txt,680,680,700.0,710.0,704.99268,420.2996,411.33,90.927846,25.0
in cutie\Referinta alba,white_reference,white_reference,refirinta alba  680.txt,in cutie\Referinta alba\spectru\refirinta alba  680.txt,680,680,710.0,720.0,714.9415,328.252917,338.23,31.241909,24.0
in cutie\Referinta alba,white_reference,white_reference,refirinta alba  680.txt,in cutie\Referinta alba\spectru\refirinta alba  680.txt,680,680,720.0,730.0,724.85784,303.0424,302.94,23.574315,25.0
in cutie\Referinta alba,white_reference,white_reference,refirinta alba  680.txt,in cutie\Referinta alba\spectru\refirinta alba  680.txt,680,680,730.0,740.0,734.94336,314.7392,320.59,49.591535,25.0
in cutie\Referinta alba,white_reference,white_reference,refirinta alba  680.txt,in cutie\Referinta alba\spectru\refirinta alba  680.txt,680,680,740.0,750.0,744.99528,322.8044,325.63,26.754483,25.0
in cutie\Referinta alba,white_reference,white_reference,refirinta alba  680.txt,in cutie\Referinta alba\spectru\refirinta alba  680.txt,680,680,750.0,760.0,755.01288,312.5188,310.5,37.826083,25.0
in cutie\Referinta alba,white_reference,white_reference,refirinta alba  680.txt,in cutie\Referinta alba\spectru\refirinta alba  680.txt,680,680,760.0,770.0,764.99664,314.8396,328.15,38.290464,25.0
in cutie\Referinta alba,white_reference,white_reference,refirinta alba  680.txt,in cutie\Referinta alba\spectru\refirinta alba  680.txt,680,680,770.0,780.0,774.94604,315.1412,310.5,24.836788,25.0
in cutie\Referinta alba,white_reference,white_reference,refirinta alba  680.txt,in cutie\Referinta alba\spectru\refirinta alba  680.txt,680,680,780.0,790.0,784.86132,312.1168,305.46,45.931673,25.0
in cutie\Referinta alba,white_reference,white_reference,refirinta alba  680.txt,in cutie\Referinta alba\spectru\refirinta alba  680.txt,680,680,790.0,800.0,794.938962,319.713077,324.37,27.6901,26.0
in cutie\Referinta alba,white_reference,white_reference,refirinta alba  680.txt,in cutie\Referinta alba\spectru\refirinta alba  680.txt,680,680,800.0,810.0,804.98072,320.688,320.59,37.720243,25.0
in cutie\Referinta alba,white_reference,white_reference,refirinta alba  680.txt,in cutie\Referinta alba\spectru\refirinta alba  680.txt,680,680,810.0,820.0,814.986231,309.049231,318.065,34.442006,26.0
in cutie\Referinta alba,white_reference,white_reference,refirinta alba  680.txt,in cutie\Referinta alba\spectru\refirinta alba  680.txt,680,680,820.0,830.0,824.95548,318.8716,310.5,33.031286,25.0
in cutie\Referinta alba,white_reference,white_reference,refirinta alba  680.txt,in cutie\Referinta alba\spectru\refirinta alba  680.txt,680,680,830.0,840.0,834.888115,328.631923,335.71,36.136425,26.0
in cutie\Referinta alba,white_reference,white_reference,refirinta alba  680.txt,in cutie\Referinta alba\spectru\refirinta alba  680.txt,680,680,840.0,850.0,844.977846,323.203462,320.59,33.82868,26.0
in cutie\Referinta alba,white_reference,white_reference,refirinta alba  680.txt,in cutie\Referinta alba\spectru\refirinta alba  680.txt,680,680,850.0,860.0,855.029308,318.162308,323.11,29.065247,26.0
in cutie\Referinta alba,white_reference,white_reference,refirinta alba  680.txt,in cutie\Referinta alba\spectru\refirinta alba  680.txt,680,680,860.0,870.0,865.042308,311.084231,305.46,28.588254,26.0
in cutie\Referinta alba,white_reference,white_reference,refirinta alba  680.txt,in cutie\Referinta alba\spectru\refirinta alba  680.txt,680,680,870.0,880.0,875.016731,319.519231,324.37,31.389794,26.0
in cutie\Referinta alba,white_reference,white_reference,refirinta alba  680.txt,in cutie\Referinta alba\spectru\refirinta alba  680.txt,680,680,880.0,890.0,884.952385,305.753077,304.2,32.485558,26.0
in cutie\Referinta alba,white_reference,white_reference,refirinta alba  680.txt,in cutie\Referinta alba\spectru\refirinta alba  680.txt,680,680,890.0,900.0,895.039037,358.30037,313.02,155.216374,27.0
in cutie\Referinta alba,white_reference,white_reference,refirinta alba  680.txt,in cutie\Referinta alba\spectru\refirinta alba  680.txt,680,680,900.0,910.0,905.085308,319.034231,320.59,39.608125,26.0
in cutie\Referinta alba,white_reference,white_reference,refirinta alba  680.txt,in cutie\Referinta alba\spectru\refirinta alba  680.txt,680,680,910.0,920.0,915.090519,305.555185,305.46,29.190721,27.0
in cutie\Referinta alba,white_reference,white_reference,refirinta alba  680.txt,in cutie\Referinta alba\spectru\refirinta alba  680.txt,680,680,920.0,930.0,925.055154,293.732692,291.6,33.175155,26.0
in cutie\Referinta alba,white_reference,white_reference,refirinta alba  680.txt,in cutie\Referinta alba\spectru\refirinta alba  680.txt,680,680,930.0,940.0,934.97837,332.628519,328.15,52.125754,27.0
in cutie\Referinta alba,white_reference,white_reference,refirinta alba  680.txt,in cutie\Referinta alba\spectru\refirinta alba  680.txt,680,680,940.0,950.0,945.046519,312.184074,305.46,26.94685,27.0
in cutie\Referinta alba,white_reference,white_reference,refirinta alba  680.txt,in cutie\Referinta alba\spectru\refirinta alba  680.txt,680,680,950.0,960.0,955.071815,323.946296,313.02,39.361581,27.0
in cutie\Referinta alba,white_reference,white_reference,refirinta alba  680.txt,in cutie\Referinta alba\spectru\refirinta alba  680.txt,680,680,960.0,970.0,965.053815,315.077407,315.54,38.52697,27.0
in cutie\Referinta alba,white_reference,white_reference,refirinta alba  680.txt,in cutie\Referinta alba\spectru\refirinta alba  680.txt,680,680,970.0,980.0,974.992481,316.384444,323.11,45.401361,27.0
in cutie\Referinta alba,white_reference,white_reference,refirinta alba  680.txt,in cutie\Referinta alba\spectru\refirinta alba  680.txt,680,680,980.0,990.0,984.887556,302.289259,290.34,36.368761,27.0
in cutie\Referinta alba,white_reference,white_reference,refirinta alba  680.txt,in cutie\Referinta alba\spectru\refirinta alba  680.txt,680,680,990.0,1000.0,994.920964,321.306071,320.59,29.944604,28.0
in cutie\Referinta alba,white_reference,white_reference,refirinta alba  680.txt,in cutie\Referinta alba\spectru\refirinta alba  680.txt,680,680,1000.0,1010.0,1005.09,317.526071,318.07,36.185017,28.0
in cutie\Referinta alba,white_reference,white_reference,refirinta alba  680.txt,in cutie\Referinta alba\spectru\refirinta alba  680.txt,680,680,1010.0,1020.0,1015.031556,325.254074,323.11,33.359342,27.0
in cutie\Referinta alba,white_reference,white_reference,refirinta alba  680.txt,in cutie\Referinta alba\spectru\refirinta alba  680.txt,680,680,1020.0,1030.0,1024.926857,325.087143,320.59,37.138045,28.0
in cutie\Referinta alba,white_reference,white_reference,refirinta alba  680.txt,in cutie\Referinta alba\spectru\refirinta alba  680.txt,680,680,1030.0,1040.0,1032.275,320.973846,325.63,21.155609,13.0
in cutie\Referinta alba,white_reference,white_reference,refirinta alba 532.txt,in cutie\Referinta alba\spectru\refirinta alba 532.txt,532,532,180.0,190.0,188.705167,-161.261667,-152.02,33.269164,6.0
in cutie\Referinta alba,white_reference,white_reference,refirinta alba 532.txt,in cutie\Referinta alba\spectru\refirinta alba 532.txt,532,532,190.0,200.0,194.959762,47.34381,4.25,116.321649,21.0
in cutie\Referinta alba,white_reference,white_reference,refirinta alba 532.txt,in cutie\Referinta alba\spectru\refirinta alba 532.txt,532,532,200.0,210.0,204.905818,272.808636,267.65,49.729919,22.0
in cutie\Referinta alba,white_reference,white_reference,refirinta alba 532.txt,in cutie\Referinta alba\spectru\refirinta alba 532.txt,532,532,210.0,220.0,215.0625,275.445455,267.65,42.454896,22.0
in cutie\Referinta alba,white_reference,white_reference,refirinta alba 532.txt,in cutie\Referinta alba\spectru\refirinta alba 532.txt,532,532,220.0,230.0,224.968333,277.796667,279.0,31.459257,21.0
in cutie\Referinta alba,white_reference,white_reference,refirinta alba 532.txt,in cutie\Referinta alba\spectru\refirinta alba 532.txt,532,532,230.0,240.0,234.853682,265.706364,275.22,34.629094,22.0
in cutie\Referinta alba,white_reference,white_reference,refirinta alba 532.txt,in cutie\Referinta alba\spectru\refirinta alba 532.txt,532,532,240.0,250.0,244.948455,282.776364,271.43,69.412836,22.0
in cutie\Referinta alba,white_reference,white_reference,refirinta alba 532.txt,in cutie\Referinta alba\spectru\refirinta alba 532.txt,532,532,250.0,260.0,255.021727,274.527727,275.215,29.47313,22.0
in cutie\Referinta alba,white_reference,white_reference,refirinta alba 532.txt,in cutie\Referinta alba\spectru\refirinta alba 532.txt,532,532,260.0,270.0,265.073818,293.317727,290.34,34.35472,22.0
in cutie\Referinta alba,white_reference,white_reference,refirinta alba 532.txt,in cutie\Referinta alba\spectru\refirinta alba 532.txt,532,532,270.0,280.0,275.104455,278.653636,275.22,38.131266,22.0
in cutie\Referinta alba,white_reference,white_reference,refirinta alba 532.txt,in cutie\Referinta alba\spectru\refirinta alba 532.txt,532,532,280.0,290.0,285.113545,279.569545,281.52,29.979081,22.0
in cutie\Referinta alba,white_reference,white_reference,refirinta alba 532.txt,in cutie\Referinta alba\spectru\refirinta alba 532.txt,532,532,290.0,300.0,295.101045,284.839545,294.12,32.54985,22.0
in cutie\Referinta alba,white_reference,white_reference,refirinta alba 532.txt,in cutie\Referinta alba\spectru\refirinta alba 532.txt,532,532,300.0,310.0,305.066727,285.755909,282.78,36.710692,22.0
in cutie\Referinta alba,white_reference,white_reference,refirinta alba 532.txt,in cutie\Referinta alba\spectru\refirinta alba 532.txt,532,532,310.0,320.0,315.010682,275.559545,279.0,39.864881,22.0
in cutie\Referinta alba,white_reference,white_reference,refirinta alba 532.txt,in cutie\Referinta alba\spectru\refirinta alba 532.txt,532,532,320.0,330.0,324.932818,294.233636,297.9,31.247255,22.0
in cutie\Referinta alba,white_reference,white_reference,refirinta alba 532.txt,in cutie\Referinta alba\spectru\refirinta alba 532.txt,532,532,330.0,340.0,334.832955,289.536364,284.04,35.112463,22.0
in cutie\Referinta alba,white_reference,white_reference,refirinta alba 532.txt,in cutie\Referinta alba\spectru\refirinta alba 532.txt,532,532,340.0,350.0,344.935087,301.353043,289.08,53.769584,23.0
in cutie\Referinta alba,white_reference,white_reference,refirinta alba 532.txt,in cutie\Referinta alba\spectru\refirinta alba 532.txt,532,532,350.0,360.0,355.014136,291.027727,286.56,34.510109,22.0
in cutie\Referinta alba,white_reference,white_reference,refirinta alba 532.txt,in cutie\Referinta alba\spectru\refirinta alba 532.txt,532,532,360.0,370.0,365.069739,286.01087,291.6,24.470413,23.0
in cutie\Referinta alba,white_reference,white_reference,refirinta alba 532.txt,in cutie\Referinta alba\spectru\refirinta alba 532.txt,532,532,370.0,380.0,375.102227,288.277273,287.82,33.425127,22.0
in cutie\Referinta alba,white_reference,white_reference,refirinta alba 532.txt,in cutie\Referinta alba\spectru\refirinta alba 532.txt,532,532,380.0,390.0,385.110913,304.64087,304.2,35.495532,23.0
in cutie\Referinta alba,white_reference,white_reference,refirinta alba 532.txt,in cutie\Referinta alba\spectru\refirinta alba 532.txt,532,532,390.0,400.0,395.096045,296.066818,295.38,41.78461,22.0
in cutie\Referinta alba,white_reference,white_reference,refirinta alba 532.txt,in cutie\Referinta alba\spectru\refirinta alba 532.txt,532,532,400.0,410.0,405.057435,303.214783,301.68,28.651276,23.0
in cutie\Referinta alba,white_reference,white_reference,refirinta alba 532.txt,in cutie\Referinta alba\spectru\refirinta alba 532.txt,532,532,410.0,420.0,414.995091,303.744545,296.64,48.111867,22.0
in cutie\Referinta alba,white_reference,white_reference,refirinta alba 532.txt,in cutie\Referinta alba\spectru\refirinta alba 532.txt,532,532,420.0,430.0,424.908696,295.434783,291.6,28.301922,23.0
in cutie\Referinta alba,white_reference,white_reference,refirinta alba 532.txt,in cutie\Referinta alba\spectru\refirinta alba 532.txt,532,532,430.0,440.0,435.01787,294.119565,296.64,43.282904,23.0
in cutie\Referinta alba,white_reference,white_reference,refirinta alba 532.txt,in cutie\Referinta alba\spectru\refirinta alba 532.txt,532,532,440.0,450.0,445.101783,291.16087,289.08,44.878802,23.0
in cutie\Referinta alba,white_reference,white_reference,refirinta alba 532.txt,in cutie\Referinta alba\spectru\refirinta alba 532.txt,532,532,450.0,460.0,455.160348,295.106957,294.12,40.750838,23.0
in cutie\Referinta alba,white_reference,white_reference,refirinta alba 532.txt,in cutie\Referinta alba\spectru\refirinta alba 532.txt,532,532,460.0,470.0,465.193435,298.942174,299.16,34.157336,23.0
in cutie\Referinta alba,white_reference,white_reference,refirinta alba 532.txt,in cutie\Referinta alba\spectru\refirinta alba 532.txt,532,532,470.0,480.0,475.201,297.298261,296.64,31.386676,23.0
in cutie\Referinta alba,white_reference,white_reference,refirinta alba 532.txt,in cutie\Referinta alba\spectru\refirinta alba 532.txt,532,532,480.0,490.0,485.182913,309.901304,301.68,30.648311,23.0
in cutie\Referinta alba,white_reference,white_reference,refirinta alba 532.txt,in cutie\Referinta alba\spectru\refirinta alba 532.txt,532,532,490.0,500.0,495.139043,301.681739,299.16,17.977151,23.0
in cutie\Referinta alba,white_reference,white_reference,refirinta alba 532.txt,in cutie\Referinta alba\spectru\refirinta alba 532.txt,532,532,500.0,510.0,505.069348,306.941739,321.85,51.350422,23.0
in cutie\Referinta alba,white_reference,white_reference,refirinta alba 532.txt,in cutie\Referinta alba\spectru\refirinta alba 532.txt,532,532,510.0,520.0,514.973652,364.586087,354.61,53.544804,23.0
in cutie\Referinta alba,white_reference,white_reference,refirinta alba 532.txt,in cutie\Referinta alba\spectru\refirinta alba 532.txt,532,532,520.0,530.0,525.066167,609.087917,621.795,45.646827,24.0
in cutie\Referinta alba,white_reference,white_reference,refirinta alba 532.txt,in cutie\Referinta alba\spectru\refirinta alba 532.txt,532,532,530.0,540.0,535.131478,661.246522,654.56,45.996736,23.0
in cutie\Referinta alba,white_reference,white_reference,refirinta alba 532.txt,in cutie\Referinta alba\spectru\refirinta alba 532.txt,532,532,540.0,550.0,544.956,707.055652,699.93,38.490817,23.0
in cutie\Referinta alba,white_reference,white_reference,refirinta alba 532.txt,in cutie\Referinta alba\spectru\refirinta alba 532.txt,532,532,550.0,560.0,554.966667,628.30625,639.44,75.409738,24.0
in cutie\Referinta alba,white_reference,white_reference,refirinta alba 532.txt,in cutie\Referinta alba\spectru\refirinta alba 532.txt,532,532,560.0,570.0,564.949739,362.285217,342.01,71.243953,23.0
in cutie\Referinta alba,white_reference,white_reference,refirinta alba 532.txt,in cutie\Referinta alba\spectru\refirinta alba 532.txt,532,532,570.0,580.0,574.905,308.61375,304.2,27.101249,24.0
in cutie\Referinta alba,white_reference,white_reference,refirinta alba 532.txt,in cutie\Referinta alba\spectru\refirinta alba 532.txt,532,532,580.0,590.0,585.043208,295.695417,297.9,28.810378,24.0
in cutie\Referinta alba,white_reference,white_reference,refirinta alba 532.txt,in cutie\Referinta alba\spectru\refirinta alba 532.txt,532,532,590.0,600.0,595.152042,308.615,313.025,22.144228,24.0
in cutie\Referinta alba,white_reference,white_reference,refirinta alba 532.txt,in cutie\Referinta alba\spectru\refirinta alba 532.txt,532,532,600.0,610.0,605.02213,308.366087,306.72,35.480533,23.0
in cutie\Referinta alba,white_reference,white_reference,refirinta alba 532.txt,in cutie\Referinta alba\spectru\refirinta alba 532.txt,532,532,610.0,620.0,614.863458,309.874167,301.68,38.791294,24.0
in cutie\Referinta alba,white_reference,white_reference,refirinta alba 532.txt,in cutie\Referinta alba\spectru\refirinta alba 532.txt,532,532,620.0,630.0,624.885125,307.772917,300.42,31.278525,24.0
in cutie\Referinta alba,white_reference,white_reference,refirinta alba 532.txt,in cutie\Referinta alba\spectru\refirinta alba 532.txt,532,532,630.0,640.0,634.876917,310.71375,300.42,48.816151,24.0
in cutie\Referinta alba,white_reference,white_reference,refirinta alba 532.txt,in cutie\Referinta alba\spectru\refirinta alba 532.txt,532,532,640.0,650.0,644.83875,319.640417,314.285,35.738132,24.0
in cutie\Referinta alba,white_reference,white_reference,refirinta alba 532.txt,in cutie\Referinta alba\spectru\refirinta alba 532.txt,532,532,650.0,660.0,654.97728,296.7412,299.16,29.329491,25.0
in cutie\Referinta alba,white_reference,white_reference,refirinta alba 532.txt,in cutie\Referinta alba\spectru\refirinta alba 532.txt,532,532,660.0,670.0,665.084458,299.792083,306.72,44.464418,24.0
in cutie\Referinta alba,white_reference,white_reference,refirinta alba 532.txt,in cutie\Referinta alba\spectru\refirinta alba 532.txt,532,532,670.0,680.0,674.95475,308.928333,307.98,29.92358,24.0
in cutie\Referinta alba,white_reference,white_reference,refirinta alba 532.txt,in cutie\Referinta alba\spectru\refirinta alba 532.txt,532,532,680.0,690.0,684.9992,308.0336,304.2,36.688021,25.0
in cutie\Referinta alba,white_reference,white_reference,refirinta alba 532.txt,in cutie\Referinta alba\spectru\refirinta alba 532.txt,532,532,690.0,700.0,695.012,320.795833,319.33,35.785951,24.0
in cutie\Referinta alba,white_reference,white_reference,refirinta alba 532.txt,in cutie\Referinta alba\spectru\refirinta alba 532.txt,532,532,700.0,710.0,704.99268,302.59,311.76,29.028438,25.0
in cutie\Referinta alba,white_reference,white_reference,refirinta alba 532.txt,in cutie\Referinta alba\spectru\refirinta alba 532.txt,532,532,710.0,720.0,714.9415,301.157083,299.16,34.706071,24.0
in cutie\Referinta alba,white_reference,white_reference,refirinta alba 532.txt,in cutie\Referinta alba\spectru\refirinta alba 532.txt,532,532,720.0,730.0,724.85784,317.1076,316.81,24.283954,25.0
in cutie\Referinta alba,white_reference,white_reference,refirinta alba 532.txt,in cutie\Referinta alba\spectru\refirinta alba 532.txt,532,532,730.0,740.0,734.94336,299.3632,301.68,30.078085,25.0
in cutie\Referinta alba,white_reference,white_reference,refirinta alba 532.txt,in cutie\Referinta alba\spectru\refirinta alba 532.txt,532,532,740.0,750.0,744.99528,312.3684,316.81,29.12821,25.0
in cutie\Referinta alba,white_reference,white_reference,refirinta alba 532.txt,in cutie\Referinta alba\spectru\refirinta alba 532.txt,532,532,750.0,760.0,755.01288,304.8068,309.24,41.869559,25.0
in cutie\Referinta alba,white_reference,white_reference,refirinta alba 532.txt,in cutie\Referinta alba\spectru\refirinta alba 532.txt,532,532,760.0,770.0,764.99664,306.5216,321.85,32.058034,25.0
in cutie\Referinta alba,white_reference,white_reference,refirinta alba 532.txt,in cutie\Referinta alba\spectru\refirinta alba 532.txt,532,532,770.0,780.0,774.94604,301.984,301.68,31.322112,25.0
in cutie\Referinta alba,white_reference,white_reference,refirinta alba 532.txt,in cutie\Referinta alba\spectru\refirinta alba 532.txt,532,532,780.0,790.0,784.86132,308.4364,309.24,32.88624,25.0
in cutie\Referinta alba,white_reference,white_reference,refirinta alba 532.txt,in cutie\Referinta alba\spectru\refirinta alba 532.txt,532,532,790.0,800.0,794.938962,293.149615,294.12,23.769198,26.0
in cutie\Referinta alba,white_reference,white_reference,refirinta alba 532.txt,in cutie\Referinta alba\spectru\refirinta alba 532.txt,532,532,800.0,810.0,804.98072,299.3628,299.16,31.40803,25.0
in cutie\Referinta alba,white_reference,white_reference,refirinta alba 532.txt,in cutie\Referinta alba\spectru\refirinta alba 532.txt,532,532,810.0,820.0,814.986231,300.519231,297.9,26.777072,26.0
in cutie\Referinta alba,white_reference,white_reference,refirinta alba 532.txt,in cutie\Referinta alba\spectru\refirinta alba 532.txt,532,532,820.0,830.0,824.95548,314.486,316.81,39.69394,25.0
in cutie\Referinta alba,white_reference,white_reference,refirinta alba 532.txt,in cutie\Referinta alba\spectru\refirinta alba 532.txt,532,532,830.0,840.0,834.888115,301.875769,311.76,39.594709,26.0
in cutie\Referinta alba,white_reference,white_reference,refirinta alba 532.txt,in cutie\Referinta alba\spectru\refirinta alba 532.txt,532,532,840.0,850.0,844.977846,286.751923,290.34,29.617668,26.0
in cutie\Referinta alba,white_reference,white_reference,refirinta alba 532.txt,in cutie\Referinta alba\spectru\refirinta alba 532.txt,532,532,850.0,860.0,855.029308,304.395769,306.72,39.110421,26.0
in cutie\Referinta alba,white_reference,white_reference,refirinta alba 532.txt,in cutie\Referinta alba\spectru\refirinta alba 532.txt,532,532,860.0,870.0,865.042308,303.524615,314.28,38.261737,26.0
in cutie\Referinta alba,white_reference,white_reference,refirinta alba 532.txt,in cutie\Referinta alba\spectru\refirinta alba 532.txt,532,532,870.0,880.0,875.016731,314.478462,307.98,36.03413,26.0
in cutie\Referinta alba,white_reference,white_reference,refirinta alba 532.txt,in cutie\Referinta alba\spectru\refirinta alba 532.txt,532,532,880.0,890.0,884.952385,298.386538,309.24,37.083058,26.0
in cutie\Referinta alba,white_reference,white_reference,refirinta alba 532.txt,in cutie\Referinta alba\spectru\refirinta alba 532.txt,532,532,890.0,900.0,895.039037,335.942593,306.72,159.287145,27.0
in cutie\Referinta alba,white_reference,white_reference,refirinta alba 532.txt,in cutie\Referinta alba\spectru\refirinta alba 532.txt,532,532,900.0,910.0,905.085308,292.084231,284.04,32.036419,26.0
in cutie\Referinta alba,white_reference,white_reference,refirinta alba 532.txt,in cutie\Referinta alba\spectru\refirinta alba 532.txt,532,532,910.0,920.0,915.090519,299.253704,299.16,38.21096,27.0
in cutie\Referinta alba,white_reference,white_reference,refirinta alba 532.txt,in cutie\Referinta alba\spectru\refirinta alba 532.txt,532,532,920.0,930.0,925.055154,299.160769,309.24,38.417698,26.0
in cutie\Referinta alba,white_reference,white_reference,refirinta alba 532.txt,in cutie\Referinta alba\spectru\refirinta alba 532.txt,532,532,930.0,940.0,934.97837,306.908889,301.68,49.68162,27.0
in cutie\Referinta alba,white_reference,white_reference,refirinta alba 532.txt,in cutie\Referinta alba\spectru\refirinta alba 532.txt,532,532,940.0,950.0,945.046519,300.561481,309.24,39.833051,27.0
in cutie\Referinta alba,white_reference,white_reference,refirinta alba 532.txt,in cutie\Referinta alba\spectru\refirinta alba 532.txt,532,532,950.0,960.0,955.071815,305.51,306.72,35.522676,27.0
in cutie\Referinta alba,white_reference,white_reference,refirinta alba 532.txt,in cutie\Referinta alba\spectru\refirinta alba 532.txt,532,532,960.0,970.0,965.053815,310.457778,316.81,40.990959,27.0
in cutie\Referinta alba,white_reference,white_reference,refirinta alba 532.txt,in cutie\Referinta alba\spectru\refirinta alba 532.txt,532,532,970.0,980.0,974.992481,299.441111,299.16,26.748941,27.0
in cutie\Referinta alba,white_reference,white_reference,refirinta alba 532.txt,in cutie\Referinta alba\spectru\refirinta alba 532.txt,532,532,980.0,990.0,984.887556,291.973704,289.08,36.782382,27.0
in cutie\Referinta alba,white_reference,white_reference,refirinta alba 532.txt,in cutie\Referinta alba\spectru\refirinta alba 532.txt,532,532,990.0,1000.0,994.920964,295.018929,297.9,29.977164,28.0
in cutie\Referinta alba,white_reference,white_reference,refirinta alba 532.txt,in cutie\Referinta alba\spectru\refirinta alba 532.txt,532,532,1000.0,1010.0,1005.09,301.142143,290.34,29.381575,28.0
in cutie\Referinta alba,white_reference,white_reference,refirinta alba 532.txt,in cutie\Referinta alba\spectru\refirinta alba 532.txt,532,532,1010.0,1020.0,1015.031556,293.092963,289.08,35.1967,27.0
in cutie\Referinta alba,white_reference,white_reference,refirinta alba 532.txt,in cutie\Referinta alba\spectru\refirinta alba 532.txt,532,532,1020.0,1030.0,1024.926857,288.808929,285.3,33.986603,28.0
in cutie\Referinta alba,white_reference,white_reference,refirinta alba 532.txt,in cutie\Referinta alba\spectru\refirinta alba 532.txt,532,532,1030.0,1040.0,1032.275,299.161538,301.68,32.791584,13.0
in cutie\Referinta alba,white_reference,white_reference,refirinta alba 725.txt,in cutie\Referinta alba\spectru\refirinta alba 725.txt,725,725,180.0,190.0,188.705167,-111.22,-108.7,10.789995,6.0
in cutie\Referinta alba,white_reference,white_reference,refirinta alba 725.txt,in cutie\Referinta alba\spectru\refirinta alba 725.txt,725,725,190.0,200.0,194.959762,43.975714,19.85,105.994178,21.0
in cutie\Referinta alba,white_reference,white_reference,refirinta alba 725.txt,in cutie\Referinta alba\spectru\refirinta alba 725.txt,725,725,200.0,210.0,204.905818,303.643636,314.76,41.205705,22.0
in cutie\Referinta alba,white_reference,white_reference,refirinta alba 725.txt,in cutie\Referinta alba\spectru\refirinta alba 725.txt,725,725,210.0,220.0,215.0625,292.300909,289.55,42.245928,22.0
in cutie\Referinta alba,white_reference,white_reference,refirinta alba 725.txt,in cutie\Referinta alba\spectru\refirinta alba 725.txt,725,725,220.0,230.0,224.968333,277.068571,279.47,34.327418,21.0
in cutie\Referinta alba,white_reference,white_reference,refirinta alba 725.txt,in cutie\Referinta alba\spectru\refirinta alba 725.txt,725,725,230.0,240.0,234.853682,284.739091,276.95,31.508403,22.0
in cutie\Referinta alba,white_reference,white_reference,refirinta alba 725.txt,in cutie\Referinta alba\spectru\refirinta alba 725.txt,725,725,240.0,250.0,244.948455,305.019091,304.67,55.826358,22.0
in cutie\Referinta alba,white_reference,white_reference,refirinta alba 725.txt,in cutie\Referinta alba\spectru\refirinta alba 725.txt,725,725,250.0,260.0,255.021727,277.292273,274.43,30.106253,22.0
in cutie\Referinta alba,white_reference,white_reference,refirinta alba 725.txt,in cutie\Referinta alba\spectru\refirinta alba 725.txt,725,725,260.0,270.0,265.073818,299.290455,297.11,36.100165,22.0
in cutie\Referinta alba,white_reference,white_reference,refirinta alba 725.txt,in cutie\Referinta alba\spectru\refirinta alba 725.txt,725,725,270.0,280.0,275.104455,287.030455,285.77,32.297506,22.0
in cutie\Referinta alba,white_reference,white_reference,refirinta alba 725.txt,in cutie\Referinta alba\spectru\refirinta alba 725.txt,725,725,280.0,290.0,285.113545,282.563182,283.25,27.683348,22.0
in cutie\Referinta alba,white_reference,white_reference,refirinta alba 725.txt,in cutie\Referinta alba\spectru\refirinta alba 725.txt,725,725,290.0,300.0,295.101045,281.76,287.03,40.306928,22.0
in cutie\Referinta alba,white_reference,white_reference,refirinta alba 725.txt,in cutie\Referinta alba\spectru\refirinta alba 725.txt,725,725,300.0,310.0,305.066727,300.893182,294.59,31.368691,22.0
in cutie\Referinta alba,white_reference,white_reference,refirinta alba 725.txt,in cutie\Referinta alba\spectru\refirinta alba 725.txt,725,725,310.0,320.0,315.010682,303.070909,304.675,33.427427,22.0
in cutie\Referinta alba,white_reference,white_reference,refirinta alba 725.txt,in cutie\Referinta alba\spectru\refirinta alba 725.txt,725,725,320.0,330.0,324.932818,304.215909,303.41,23.665605,22.0
in cutie\Referinta alba,white_reference,white_reference,refirinta alba 725.txt,in cutie\Referinta alba\spectru\refirinta alba 725.txt,725,725,330.0,340.0,334.832955,310.975,307.195,47.314013,22.0
in cutie\Referinta alba,white_reference,white_reference,refirinta alba 725.txt,in cutie\Referinta alba\spectru\refirinta alba 725.txt,725,725,340.0,350.0,344.935087,313.003043,299.63,56.122975,23.0
in cutie\Referinta alba,white_reference,white_reference,refirinta alba 725.txt,in cutie\Referinta alba\spectru\refirinta alba 725.txt,725,725,350.0,360.0,355.014136,302.497273,305.935,29.102523,22.0
in cutie\Referinta alba,white_reference,white_reference,refirinta alba 725.txt,in cutie\Referinta alba\spectru\refirinta alba 725.txt,725,725,360.0,370.0,365.069739,310.702609,317.28,40.258851,23.0
in cutie\Referinta alba,white_reference,white_reference,refirinta alba 725.txt,in cutie\Referinta alba\spectru\refirinta alba 725.txt,725,725,370.0,380.0,375.102227,307.195455,303.41,33.126552,22.0
in cutie\Referinta alba,white_reference,white_reference,refirinta alba 725.txt,in cutie\Referinta alba\spectru\refirinta alba 725.txt,725,725,380.0,390.0,385.110913,310.922174,307.2,33.511007,23.0
in cutie\Referinta alba,white_reference,white_reference,refirinta alba 725.txt,in cutie\Referinta alba\spectru\refirinta alba 725.txt,725,725,390.0,400.0,395.096045,306.164545,300.89,35.341635,22.0
in cutie\Referinta alba,white_reference,white_reference,refirinta alba 725.txt,in cutie\Referinta alba\spectru\refirinta alba 725.txt,725,725,400.0,410.0,405.057435,313.551304,304.67,33.022106,23.0
in cutie\Referinta alba,white_reference,white_reference,refirinta alba 725.txt,in cutie\Referinta alba\spectru\refirinta alba 725.txt,725,725,410.0,420.0,414.995091,313.267273,309.72,34.052927,22.0
in cutie\Referinta alba,white_reference,white_reference,refirinta alba 725.txt,in cutie\Referinta alba\spectru\refirinta alba 725.txt,725,725,420.0,430.0,424.908696,303.469565,307.2,37.400305,23.0
in cutie\Referinta alba,white_reference,white_reference,refirinta alba 725.txt,in cutie\Referinta alba\spectru\refirinta alba 725.txt,725,725,430.0,440.0,435.01787,304.126087,302.15,26.236845,23.0
in cutie\Referinta alba,white_reference,white_reference,refirinta alba 725.txt,in cutie\Referinta alba\spectru\refirinta alba 725.txt,725,725,440.0,450.0,445.101783,313.003913,314.76,39.024058,23.0
in cutie\Referinta alba,white_reference,white_reference,refirinta alba 725.txt,in cutie\Referinta alba\spectru\refirinta alba 725.txt,725,725,450.0,460.0,455.160348,315.086087,319.8,26.679257,23.0
in cutie\Referinta alba,white_reference,white_reference,refirinta alba 725.txt,in cutie\Referinta alba\spectru\refirinta alba 725.txt,725,725,460.0,470.0,465.193435,317.496957,319.8,17.271019,23.0
in cutie\Referinta alba,white_reference,white_reference,refirinta alba 725.txt,in cutie\Referinta alba\spectru\refirinta alba 725.txt,725,725,470.0,480.0,475.201,309.057826,309.72,32.697095,23.0
in cutie\Referinta alba,white_reference,white_reference,refirinta alba 725.txt,in cutie\Referinta alba\spectru\refirinta alba 725.txt,725,725,480.0,490.0,485.182913,316.291304,322.32,37.080218,23.0
in cutie\Referinta alba,white_reference,white_reference,refirinta alba 725.txt,in cutie\Referinta alba\spectru\refirinta alba 725.txt,725,725,490.0,500.0,495.139043,313.003913,307.2,34.787013,23.0
in cutie\Referinta alba,white_reference,white_reference,refirinta alba 725.txt,in cutie\Referinta alba\spectru\refirinta alba 725.txt,725,725,500.0,510.0,505.069348,320.893913,312.24,52.698043,23.0
in cutie\Referinta alba,white_reference,white_reference,refirinta alba 725.txt,in cutie\Referinta alba\spectru\refirinta alba 725.txt,725,725,510.0,520.0,514.973652,318.373043,317.28,41.873597,23.0
in cutie\Referinta alba,white_reference,white_reference,refirinta alba 725.txt,in cutie\Referinta alba\spectru\refirinta alba 725.txt,725,725,520.0,530.0,525.066167,325.574167,326.1,25.946216,24.0
in cutie\Referinta alba,white_reference,white_reference,refirinta alba 725.txt,in cutie\Referinta alba\spectru\refirinta alba 725.txt,725,725,530.0,540.0,535.131478,317.825652,324.84,32.947595,23.0
in cutie\Referinta alba,white_reference,white_reference,refirinta alba 725.txt,in cutie\Referinta alba\spectru\refirinta alba 725.txt,725,725,540.0,550.0,544.956,313.879565,309.72,25.733623,23.0
in cutie\Referinta alba,white_reference,white_reference,refirinta alba 725.txt,in cutie\Referinta alba\spectru\refirinta alba 725.txt,725,725,550.0,560.0,554.966667,312.970833,316.02,36.733074,24.0
in cutie\Referinta alba,white_reference,white_reference,refirinta alba 725.txt,in cutie\Referinta alba\spectru\refirinta alba 725.txt,725,725,560.0,570.0,564.949739,312.893913,304.67,38.25053,23.0
in cutie\Referinta alba,white_reference,white_reference,refirinta alba 725.txt,in cutie\Referinta alba\spectru\refirinta alba 725.txt,725,725,570.0,580.0,574.905,315.388333,319.8,42.466832,24.0
in cutie\Referinta alba,white_reference,white_reference,refirinta alba 725.txt,in cutie\Referinta alba\spectru\refirinta alba 725.txt,725,725,580.0,590.0,585.043208,312.76125,307.2,34.160102,24.0
in cutie\Referinta alba,white_reference,white_reference,refirinta alba 725.txt,in cutie\Referinta alba\spectru\refirinta alba 725.txt,725,725,590.0,600.0,595.152042,315.1775,314.76,35.464844,24.0
in cutie\Referinta alba,white_reference,white_reference,refirinta alba 725.txt,in cutie\Referinta alba\spectru\refirinta alba 725.txt,725,725,600.0,610.0,605.02213,320.126522,322.32,32.74874,23.0
in cutie\Referinta alba,white_reference,white_reference,refirinta alba 725.txt,in cutie\Referinta alba\spectru\refirinta alba 725.txt,725,725,610.0,620.0,614.863458,311.079583,304.67,21.013086,24.0
in cutie\Referinta alba,white_reference,white_reference,refirinta alba 725.txt,in cutie\Referinta alba\spectru\refirinta alba 725.txt,725,725,620.0,630.0,624.885125,313.916667,317.28,29.454997,24.0
in cutie\Referinta alba,white_reference,white_reference,refirinta alba 725.txt,in cutie\Referinta alba\spectru\refirinta alba 725.txt,725,725,630.0,640.0,634.876917,313.28625,304.675,44.055377,24.0
in cutie\Referinta alba,white_reference,white_reference,refirinta alba 725.txt,in cutie\Referinta alba\spectru\refirinta alba 725.txt,725,725,640.0,650.0,644.83875,309.190833,307.195,36.656444,24.0
in cutie\Referinta alba,white_reference,white_reference,refirinta alba 725.txt,in cutie\Referinta alba\spectru\refirinta alba 725.txt,725,725,650.0,660.0,654.97728,316.7732,309.72,36.240626,25.0
in cutie\Referinta alba,white_reference,white_reference,refirinta alba 725.txt,in cutie\Referinta alba\spectru\refirinta alba 725.txt,725,725,660.0,670.0,665.084458,323.685,321.06,26.324964,24.0
in cutie\Referinta alba,white_reference,white_reference,refirinta alba 725.txt,in cutie\Referinta alba\spectru\refirinta alba 725.txt,725,725,670.0,680.0,674.95475,317.6975,317.28,35.710352,24.0
in cutie\Referinta alba,white_reference,white_reference,refirinta alba 725.txt,in cutie\Referinta alba\spectru\refirinta alba 725.txt,725,725,680.0,690.0,684.9992,314.6568,314.76,32.283293,25.0
in cutie\Referinta alba,white_reference,white_reference,refirinta alba 725.txt,in cutie\Referinta alba\spectru\refirinta alba 725.txt,725,725,690.0,700.0,695.012,370.41875,377.77,47.918895,24.0
in cutie\Referinta alba,white_reference,white_reference,refirinta alba 725.txt,in cutie\Referinta alba\spectru\refirinta alba 725.txt,725,725,700.0,710.0,704.99268,553.4048,544.13,84.387147,25.0
in cutie\Referinta alba,white_reference,white_reference,refirinta alba 725.txt,in cutie\Referinta alba\spectru\refirinta alba 725.txt,725,725,710.0,720.0,714.9415,713.638333,714.27,36.946447,24.0
in cutie\Referinta alba,white_reference,white_reference,refirinta alba 725.txt,in cutie\Referinta alba\spectru\refirinta alba 725.txt,725,725,720.0,730.0,724.85784,732.668,723.09,39.960549,25.0
in cutie\Referinta alba,white_reference,white_reference,refirinta alba 725.txt,in cutie\Referinta alba\spectru\refirinta alba 725.txt,725,725,730.0,740.0,734.94336,618.2328,634.87,90.741169,25.0
in cutie\Referinta alba,white_reference,white_reference,refirinta alba 725.txt,in cutie\Referinta alba\spectru\refirinta alba 725.txt,725,725,740.0,750.0,744.99528,383.418,372.73,59.422823,25.0
in cutie\Referinta alba,white_reference,white_reference,refirinta alba 725.txt,in cutie\Referinta alba\spectru\refirinta alba 725.txt,725,725,750.0,760.0,755.01288,329.6788,337.44,32.521345,25.0
in cutie\Referinta alba,white_reference,white_reference,refirinta alba 725.txt,in cutie\Referinta alba\spectru\refirinta alba 725.txt,725,725,760.0,770.0,764.99664,307.6992,309.72,36.804284,25.0
in cutie\Referinta alba,white_reference,white_reference,refirinta alba 725.txt,in cutie\Referinta alba\spectru\refirinta alba 725.txt,725,725,770.0,780.0,774.94604,307.1952,304.67,36.505461,25.0
in cutie\Referinta alba,white_reference,white_reference,refirinta alba 725.txt,in cutie\Referinta alba\spectru\refirinta alba 725.txt,725,725,780.0,790.0,784.86132,305.6824,307.2,37.078491,25.0
in cutie\Referinta alba,white_reference,white_reference,refirinta alba 725.txt,in cutie\Referinta alba\spectru\refirinta alba 725.txt,725,725,790.0,800.0,794.938962,313.788077,314.76,28.225074,26.0
in cutie\Referinta alba,white_reference,white_reference,refirinta alba 725.txt,in cutie\Referinta alba\spectru\refirinta alba 725.txt,725,725,800.0,810.0,804.98072,312.7404,314.76,28.862276,25.0
in cutie\Referinta alba,white_reference,white_reference,refirinta alba 725.txt,in cutie\Referinta alba\spectru\refirinta alba 725.txt,725,725,810.0,820.0,814.986231,311.267692,312.24,29.042986,26.0
in cutie\Referinta alba,white_reference,white_reference,refirinta alba 725.txt,in cutie\Referinta alba\spectru\refirinta alba 725.txt,725,725,820.0,830.0,824.95548,323.8312,319.8,33.301895,25.0
in cutie\Referinta alba,white_reference,white_reference,refirinta alba 725.txt,in cutie\Referinta alba\spectru\refirinta alba 725.txt,725,725,830.0,840.0,834.888115,303.123846,312.24,28.542646,26.0
in cutie\Referinta alba,white_reference,white_reference,refirinta alba 725.txt,in cutie\Referinta alba\spectru\refirinta alba 725.txt,725,725,840.0,850.0,844.977846,317.277308,313.5,31.506154,26.0
in cutie\Referinta alba,white_reference,white_reference,refirinta alba 725.txt,in cutie\Referinta alba\spectru\refirinta alba 725.txt,725,725,850.0,860.0,855.029308,305.839231,303.41,38.629283,26.0
in cutie\Referinta alba,white_reference,white_reference,refirinta alba 725.txt,in cutie\Referinta alba\spectru\refirinta alba 725.txt,725,725,860.0,870.0,865.042308,299.244615,299.63,30.437796,26.0
in cutie\Referinta alba,white_reference,white_reference,refirinta alba 725.txt,in cutie\Referinta alba\spectru\refirinta alba 725.txt,725,725,870.0,880.0,875.016731,313.497308,313.5,36.225424,26.0
in cutie\Referinta alba,white_reference,white_reference,refirinta alba 725.txt,in cutie\Referinta alba\spectru\refirinta alba 725.txt,725,725,880.0,890.0,884.952385,307.001154,303.41,40.86475,26.0
in cutie\Referinta alba,white_reference,white_reference,refirinta alba 725.txt,in cutie\Referinta alba\spectru\refirinta alba 725.txt,725,725,890.0,900.0,895.039037,337.908889,314.76,143.694628,27.0
in cutie\Referinta alba,white_reference,white_reference,refirinta alba 725.txt,in cutie\Referinta alba\spectru\refirinta alba 725.txt,725,725,900.0,910.0,905.085308,307.679615,299.63,39.304776,26.0
in cutie\Referinta alba,white_reference,white_reference,refirinta alba 725.txt,in cutie\Referinta alba\spectru\refirinta alba 725.txt,725,725,910.0,920.0,915.090519,311.303704,317.28,29.340365,27.0
in cutie\Referinta alba,white_reference,white_reference,refirinta alba 725.txt,in cutie\Referinta alba\spectru\refirinta alba 725.txt,725,725,920.0,930.0,925.055154,296.338846,302.155,31.549876,26.0
in cutie\Referinta alba,white_reference,white_reference,refirinta alba 725.txt,in cutie\Referinta alba\spectru\refirinta alba 725.txt,725,725,930.0,940.0,934.97837,331.095185,324.84,50.038313,27.0
in cutie\Referinta alba,white_reference,white_reference,refirinta alba 725.txt,in cutie\Referinta alba\spectru\refirinta alba 725.txt,725,725,940.0,950.0,945.046519,319.985556,324.84,33.240903,27.0
in cutie\Referinta alba,white_reference,white_reference,refirinta alba 725.txt,in cutie\Referinta alba\spectru\refirinta alba 725.txt,725,725,950.0,960.0,955.071815,309.903333,319.8,33.155336,27.0
in cutie\Referinta alba,white_reference,white_reference,refirinta alba 725.txt,in cutie\Referinta alba\spectru\refirinta alba 725.txt,725,725,960.0,970.0,965.053815,314.198148,317.28,37.551676,27.0
in cutie\Referinta alba,white_reference,white_reference,refirinta alba 725.txt,in cutie\Referinta alba\spectru\refirinta alba 725.txt,725,725,970.0,980.0,974.992481,308.221852,307.2,37.650486,27.0
in cutie\Referinta alba,white_reference,white_reference,refirinta alba 725.txt,in cutie\Referinta alba\spectru\refirinta alba 725.txt,725,725,980.0,990.0,984.887556,311.676667,319.8,30.039056,27.0
in cutie\Referinta alba,white_reference,white_reference,refirinta alba 725.txt,in cutie\Referinta alba\spectru\refirinta alba 725.txt,725,725,990.0,1000.0,994.920964,329.070714,334.92,32.968053,28.0
in cutie\Referinta alba,white_reference,white_reference,refirinta alba 725.txt,in cutie\Referinta alba\spectru\refirinta alba 725.txt,725,725,1000.0,1010.0,1005.09,311.785,307.195,33.736865,28.0
in cutie\Referinta alba,white_reference,white_reference,refirinta alba 725.txt,in cutie\Referinta alba\spectru\refirinta alba 725.txt,725,725,1010.0,1020.0,1015.031556,330.254074,319.8,41.409382,27.0
in cutie\Referinta alba,white_reference,white_reference,refirinta alba 725.txt,in cutie\Referinta alba\spectru\refirinta alba 725.txt,725,725,1020.0,1030.0,1024.926857,320.157143,327.36,36.987291,28.0
in cutie\Referinta alba,white_reference,white_reference,refirinta alba 725.txt,in cutie\Referinta alba\spectru\refirinta alba 725.txt,725,725,1030.0,1040.0,1032.275,289.744615,302.15,37.456555,13.0
in cutie\Referinta alba,white_reference,white_reference,refirinta alba 850.txt,in cutie\Referinta alba\spectru\refirinta alba 850.txt,850,850,180.0,190.0,188.705167,-120.618333,-102.555,29.555187,6.0
in cutie\Referinta alba,white_reference,white_reference,refirinta alba 850.txt,in cutie\Referinta alba\spectru\refirinta alba 850.txt,850,850,190.0,200.0,194.959762,47.718095,73.88,114.761684,21.0
in cutie\Referinta alba,white_reference,white_reference,refirinta alba 850.txt,in cutie\Referinta alba\spectru\refirinta alba 850.txt,850,850,200.0,210.0,204.905818,300.163636,304.52,46.158106,22.0
in cutie\Referinta alba,white_reference,white_reference,refirinta alba 850.txt,in cutie\Referinta alba\spectru\refirinta alba 850.txt,850,850,210.0,220.0,215.0625,292.373182,290.65,36.099885,22.0
in cutie\Referinta alba,white_reference,white_reference,refirinta alba 850.txt,in cutie\Referinta alba\spectru\refirinta alba 850.txt,850,850,220.0,230.0,224.968333,273.610476,275.53,29.91447,21.0
in cutie\Referinta alba,white_reference,white_reference,refirinta alba 850.txt,in cutie\Referinta alba\spectru\refirinta alba 850.txt,850,850,230.0,240.0,234.853682,295.579545,289.39,27.258501,22.0
in cutie\Referinta alba,white_reference,white_reference,refirinta alba 850.txt,in cutie\Referinta alba\spectru\refirinta alba 850.txt,850,850,240.0,250.0,244.948455,305.890909,290.65,64.471075,22.0
in cutie\Referinta alba,white_reference,white_reference,refirinta alba 850.txt,in cutie\Referinta alba\spectru\refirinta alba 850.txt,850,850,250.0,260.0,255.021727,289.966818,284.35,33.258043,22.0
in cutie\Referinta alba,white_reference,white_reference,refirinta alba 850.txt,in cutie\Referinta alba\spectru\refirinta alba 850.txt,850,850,260.0,270.0,265.073818,290.539545,295.7,35.56926,22.0
in cutie\Referinta alba,white_reference,white_reference,refirinta alba 850.txt,in cutie\Referinta alba\spectru\refirinta alba 850.txt,850,850,270.0,280.0,275.104455,300.163636,310.82,40.400432,22.0
in cutie\Referinta alba,white_reference,white_reference,refirinta alba 850.txt,in cutie\Referinta alba\spectru\refirinta alba 850.txt,850,850,280.0,290.0,285.113545,298.673636,302.0,37.713817,22.0
in cutie\Referinta alba,white_reference,white_reference,refirinta alba 850.txt,in cutie\Referinta alba\spectru\refirinta alba 850.txt,850,850,290.0,300.0,295.101045,290.195909,285.61,34.532471,22.0
in cutie\Referinta alba,white_reference,white_reference,refirinta alba 850.txt,in cutie\Referinta alba\spectru\refirinta alba 850.txt,850,850,300.0,310.0,305.066727,288.019091,289.39,29.231817,22.0
in cutie\Referinta alba,white_reference,white_reference,refirinta alba 850.txt,in cutie\Referinta alba\spectru\refirinta alba 850.txt,850,850,310.0,320.0,315.010682,301.539091,296.96,35.266598,22.0
in cutie\Referinta alba,white_reference,white_reference,refirinta alba 850.txt,in cutie\Referinta alba\spectru\refirinta alba 850.txt,850,850,320.0,330.0,324.932818,299.934545,303.26,40.800934,22.0
in cutie\Referinta alba,white_reference,white_reference,refirinta alba 850.txt,in cutie\Referinta alba\spectru\refirinta alba 850.txt,850,850,330.0,340.0,334.832955,312.880909,317.12,29.25271,22.0
in cutie\Referinta alba,white_reference,white_reference,refirinta alba 850.txt,in cutie\Referinta alba\spectru\refirinta alba 850.txt,850,850,340.0,350.0,344.935087,299.421304,305.78,52.394231,23.0
in cutie\Referinta alba,white_reference,white_reference,refirinta alba 850.txt,in cutie\Referinta alba\spectru\refirinta alba 850.txt,850,850,350.0,360.0,355.014136,307.495909,298.22,41.447857,22.0
in cutie\Referinta alba,white_reference,white_reference,refirinta alba 850.txt,in cutie\Referinta alba\spectru\refirinta alba 850.txt,850,850,360.0,370.0,365.069739,311.366957,313.34,36.024855,23.0
in cutie\Referinta alba,white_reference,white_reference,refirinta alba 850.txt,in cutie\Referinta alba\spectru\refirinta alba 850.txt,850,850,370.0,380.0,375.102227,297.414545,300.74,35.994545,22.0
in cutie\Referinta alba,white_reference,white_reference,refirinta alba 850.txt,in cutie\Referinta alba\spectru\refirinta alba 850.txt,850,850,380.0,390.0,385.110913,323.53087,313.34,40.441676,23.0
in cutie\Referinta alba,white_reference,white_reference,refirinta alba 850.txt,in cutie\Referinta alba\spectru\refirinta alba 850.txt,850,850,390.0,400.0,395.096045,321.474091,324.68,45.076442,22.0
in cutie\Referinta alba,white_reference,white_reference,refirinta alba 850.txt,in cutie\Referinta alba\spectru\refirinta alba 850.txt,850,850,400.0,410.0,405.057435,319.913913,318.38,34.36657,23.0
in cutie\Referinta alba,white_reference,white_reference,refirinta alba 850.txt,in cutie\Referinta alba\spectru\refirinta alba 850.txt,850,850,410.0,420.0,414.995091,329.035909,332.24,36.105069,22.0
in cutie\Referinta alba,white_reference,white_reference,refirinta alba 850.txt,in cutie\Referinta alba\spectru\refirinta alba 850.txt,850,850,420.0,430.0,424.908696,299.75,295.7,33.386904,23.0
in cutie\Referinta alba,white_reference,white_reference,refirinta alba 850.txt,in cutie\Referinta alba\spectru\refirinta alba 850.txt,850,850,430.0,440.0,435.01787,323.75,323.42,40.337859,23.0
in cutie\Referinta alba,white_reference,white_reference,refirinta alba 850.txt,in cutie\Referinta alba\spectru\refirinta alba 850.txt,850,850,440.0,450.0,445.101783,305.010435,308.3,34.411858,23.0
in cutie\Referinta alba,white_reference,white_reference,refirinta alba 850.txt,in cutie\Referinta alba\spectru\refirinta alba 850.txt,850,850,450.0,460.0,455.160348,307.86,303.26,32.700772,23.0
in cutie\Referinta alba,white_reference,white_reference,refirinta alba 850.txt,in cutie\Referinta alba\spectru\refirinta alba 850.txt,850,850,460.0,470.0,465.193435,309.832609,313.34,27.407172,23.0
in cutie\Referinta alba,white_reference,white_reference,refirinta alba 850.txt,in cutie\Referinta alba\spectru\refirinta alba 850.txt,850,850,470.0,480.0,475.201,310.38087,313.34,40.40906,23.0
in cutie\Referinta alba,white_reference,white_reference,refirinta alba 850.txt,in cutie\Referinta alba\spectru\refirinta alba 850.txt,850,850,480.0,490.0,485.182913,315.75,318.38,29.604759,23.0
in cutie\Referinta alba,white_reference,white_reference,refirinta alba 850.txt,in cutie\Referinta alba\spectru\refirinta alba 850.txt,850,850,490.0,500.0,495.139043,310.16087,313.34,26.522215,23.0
in cutie\Referinta alba,white_reference,white_reference,refirinta alba 850.txt,in cutie\Referinta alba\spectru\refirinta alba 850.txt,850,850,500.0,510.0,505.069348,327.694783,323.42,40.195346,23.0
in cutie\Referinta alba,white_reference,white_reference,refirinta alba 850.txt,in cutie\Referinta alba\spectru\refirinta alba 850.txt,850,850,510.0,520.0,514.973652,307.42087,310.82,32.726817,23.0
in cutie\Referinta alba,white_reference,white_reference,refirinta alba 850.txt,in cutie\Referinta alba\spectru\refirinta alba 850.txt,850,850,520.0,530.0,525.066167,315.754583,317.12,33.992821,24.0
in cutie\Referinta alba,white_reference,white_reference,refirinta alba 850.txt,in cutie\Referinta alba\spectru\refirinta alba 850.txt,850,850,530.0,540.0,535.131478,303.914783,305.78,33.827147,23.0
in cutie\Referinta alba,white_reference,white_reference,refirinta alba 850.txt,in cutie\Referinta alba\spectru\refirinta alba 850.txt,850,850,540.0,550.0,544.956,308.18913,303.26,24.364021,23.0
in cutie\Referinta alba,white_reference,white_reference,refirinta alba 850.txt,in cutie\Referinta alba\spectru\refirinta alba 850.txt,850,850,550.0,560.0,554.966667,322.161667,314.6,37.393707,24.0
in cutie\Referinta alba,white_reference,white_reference,refirinta alba 850.txt,in cutie\Referinta alba\spectru\refirinta alba 850.txt,850,850,560.0,570.0,564.949739,313.119565,313.34,34.965645,23.0
in cutie\Referinta alba,white_reference,white_reference,refirinta alba 850.txt,in cutie\Referinta alba\spectru\refirinta alba 850.txt,850,850,570.0,580.0,574.905,327.306667,327.2,24.099452,24.0
in cutie\Referinta alba,white_reference,white_reference,refirinta alba 850.txt,in cutie\Referinta alba\spectru\refirinta alba 850.txt,850,850,580.0,590.0,585.043208,309.032917,312.08,26.828123,24.0
in cutie\Referinta alba,white_reference,white_reference,refirinta alba 850.txt,in cutie\Referinta alba\spectru\refirinta alba 850.txt,850,850,590.0,600.0,595.152042,304.202083,304.52,42.730508,24.0
in cutie\Referinta alba,white_reference,white_reference,refirinta alba 850.txt,in cutie\Referinta alba\spectru\refirinta alba 850.txt,850,850,600.0,610.0,605.02213,328.571739,325.94,30.288777,23.0
in cutie\Referinta alba,white_reference,white_reference,refirinta alba 850.txt,in cutie\Referinta alba\spectru\refirinta alba 850.txt,850,850,610.0,620.0,614.863458,321.950833,318.38,26.67418,24.0
in cutie\Referinta alba,white_reference,white_reference,refirinta alba 850.txt,in cutie\Referinta alba\spectru\refirinta alba 850.txt,850,850,620.0,630.0,624.885125,305.3575,308.3,44.282623,24.0
in cutie\Referinta alba,white_reference,white_reference,refirinta alba 850.txt,in cutie\Referinta alba\spectru\refirinta alba 850.txt,850,850,630.0,640.0,634.876917,316.489583,313.34,38.317329,24.0
in cutie\Referinta alba,white_reference,white_reference,refirinta alba 850.txt,in cutie\Referinta alba\spectru\refirinta alba 850.txt,850,850,640.0,650.0,644.83875,313.02375,310.82,24.157668,24.0
in cutie\Referinta alba,white_reference,white_reference,refirinta alba 850.txt,in cutie\Referinta alba\spectru\refirinta alba 850.txt,850,850,650.0,660.0,654.97728,317.6736,325.94,39.76806,25.0
in cutie\Referinta alba,white_reference,white_reference,refirinta alba 850.txt,in cutie\Referinta alba\spectru\refirinta alba 850.txt,850,850,660.0,670.0,665.084458,314.284167,312.08,33.167546,24.0
in cutie\Referinta alba,white_reference,white_reference,refirinta alba 850.txt,in cutie\Referinta alba\spectru\refirinta alba 850.txt,850,850,670.0,680.0,674.95475,316.06875,319.64,35.010167,24.0
in cutie\Referinta alba,white_reference,white_reference,refirinta alba 850.txt,in cutie\Referinta alba\spectru\refirinta alba 850.txt,850,850,680.0,690.0,684.9992,314.6496,310.82,36.68613,25.0
in cutie\Referinta alba,white_reference,white_reference,refirinta alba 850.txt,in cutie\Referinta alba\spectru\refirinta alba 850.txt,850,850,690.0,700.0,695.012,311.65875,304.52,31.098644,24.0
in cutie\Referinta alba,white_reference,white_reference,refirinta alba 850.txt,in cutie\Referinta alba\spectru\refirinta alba 850.txt,850,850,700.0,710.0,704.99268,312.0284,295.7,33.847927,25.0
in cutie\Referinta alba,white_reference,white_reference,refirinta alba 850.txt,in cutie\Referinta alba\spectru\refirinta alba 850.txt,850,850,710.0,720.0,714.9415,320.165417,313.34,34.3732,24.0
in cutie\Referinta alba,white_reference,white_reference,refirinta alba 850.txt,in cutie\Referinta alba\spectru\refirinta alba 850.txt,850,850,720.0,730.0,724.85784,313.9448,323.42,33.539934,25.0
in cutie\Referinta alba,white_reference,white_reference,refirinta alba 850.txt,in cutie\Referinta alba\spectru\refirinta alba 850.txt,850,850,730.0,740.0,734.94336,302.7524,298.22,30.145326,25.0
in cutie\Referinta alba,white_reference,white_reference,refirinta alba 850.txt,in cutie\Referinta alba\spectru\refirinta alba 850.txt,850,850,740.0,750.0,744.99528,324.7308,333.5,31.651834,25.0
in cutie\Referinta alba,white_reference,white_reference,refirinta alba 850.txt,in cutie\Referinta alba\spectru\refirinta alba 850.txt,850,850,750.0,760.0,755.01288,326.3452,328.46,28.217913,25.0
in cutie\Referinta alba,white_reference,white_reference,refirinta alba 850.txt,in cutie\Referinta alba\spectru\refirinta alba 850.txt,850,850,760.0,770.0,764.99664,316.0604,308.3,37.118825,25.0
in cutie\Referinta alba,white_reference,white_reference,refirinta alba 850.txt,in cutie\Referinta alba\spectru\refirinta alba 850.txt,850,850,770.0,780.0,774.94604,324.3288,323.42,36.372495,25.0
in cutie\Referinta alba,white_reference,white_reference,refirinta alba 850.txt,in cutie\Referinta alba\spectru\refirinta alba 850.txt,850,850,780.0,790.0,784.86132,315.1532,310.82,32.070128,25.0
in cutie\Referinta alba,white_reference,white_reference,refirinta alba 850.txt,in cutie\Referinta alba\spectru\refirinta alba 850.txt,850,850,790.0,800.0,794.938962,311.885385,315.86,31.467968,26.0
in cutie\Referinta alba,white_reference,white_reference,refirinta alba 850.txt,in cutie\Referinta alba\spectru\refirinta alba 850.txt,850,850,800.0,810.0,804.98072,321.5056,320.9,28.837689,25.0
in cutie\Referinta alba,white_reference,white_reference,refirinta alba 850.txt,in cutie\Referinta alba\spectru\refirinta alba 850.txt,850,850,810.0,820.0,814.986231,321.773846,320.9,42.997113,26.0
in cutie\Referinta alba,white_reference,white_reference,refirinta alba 850.txt,in cutie\Referinta alba\spectru\refirinta alba 850.txt,850,850,820.0,830.0,824.95548,392.6868,383.92,37.127176,25.0
in cutie\Referinta alba,white_reference,white_reference,refirinta alba 850.txt,in cutie\Referinta alba\spectru\refirinta alba 850.txt,850,850,830.0,840.0,834.888115,476.304231,483.48,36.432052,26.0
in cutie\Referinta alba,white_reference,white_reference,refirinta alba 850.txt,in cutie\Referinta alba\spectru\refirinta alba 850.txt,850,850,840.0,850.0,844.977846,459.823462,460.79,33.000291,26.0
in cutie\Referinta alba,white_reference,white_reference,refirinta alba 850.txt,in cutie\Referinta alba\spectru\refirinta alba 850.txt,850,850,850.0,860.0,855.029308,456.041923,459.53,36.224569,26.0
in cutie\Referinta alba,white_reference,white_reference,refirinta alba 850.txt,in cutie\Referinta alba\spectru\refirinta alba 850.txt,850,850,860.0,870.0,865.042308,414.744615,416.68,33.703103,26.0
in cutie\Referinta alba,white_reference,white_reference,refirinta alba 850.txt,in cutie\Referinta alba\spectru\refirinta alba 850.txt,850,850,870.0,880.0,875.016731,353.280769,352.41,29.508225,26.0
in cutie\Referinta alba,white_reference,white_reference,refirinta alba 850.txt,in cutie\Referinta alba\spectru\refirinta alba 850.txt,850,850,880.0,890.0,884.952385,314.210769,315.86,33.188963,26.0
in cutie\Referinta alba,white_reference,white_reference,refirinta alba 850.txt,in cutie\Referinta alba\spectru\refirinta alba 850.txt,850,850,890.0,900.0,895.039037,346.013333,320.9,156.638397,27.0
in cutie\Referinta alba,white_reference,white_reference,refirinta alba 850.txt,in cutie\Referinta alba\spectru\refirinta alba 850.txt,850,850,900.0,910.0,905.085308,313.435769,310.82,36.729701,26.0
in cutie\Referinta alba,white_reference,white_reference,refirinta alba 850.txt,in cutie\Referinta alba\spectru\refirinta alba 850.txt,850,850,910.0,920.0,915.090519,312.032593,310.82,30.007325,27.0
in cutie\Referinta alba,white_reference,white_reference,refirinta alba 850.txt,in cutie\Referinta alba\spectru\refirinta alba 850.txt,850,850,920.0,930.0,925.055154,315.859615,314.6,34.191081,26.0
in cutie\Referinta alba,white_reference,white_reference,refirinta alba 850.txt,in cutie\Referinta alba\spectru\refirinta alba 850.txt,850,850,930.0,940.0,934.97837,332.197037,328.46,52.940836,27.0
in cutie\Referinta alba,white_reference,white_reference,refirinta alba 850.txt,in cutie\Referinta alba\spectru\refirinta alba 850.txt,850,850,940.0,950.0,945.046519,321.927778,320.9,29.396163,27.0
in cutie\Referinta alba,white_reference,white_reference,refirinta alba 850.txt,in cutie\Referinta alba\spectru\refirinta alba 850.txt,850,850,950.0,960.0,955.071815,312.405926,308.3,37.768521,27.0
in cutie\Referinta alba,white_reference,white_reference,refirinta alba 850.txt,in cutie\Referinta alba\spectru\refirinta alba 850.txt,850,850,960.0,970.0,965.053815,313.34,308.3,26.755128,27.0
in cutie\Referinta alba,white_reference,white_reference,refirinta alba 850.txt,in cutie\Referinta alba\spectru\refirinta alba 850.txt,850,850,970.0,980.0,974.992481,311.658519,313.34,27.966291,27.0
in cutie\Referinta alba,white_reference,white_reference,refirinta alba 850.txt,in cutie\Referinta alba\spectru\refirinta alba 850.txt,850,850,980.0,990.0,984.887556,316.141111,310.82,34.46719,27.0
in cutie\Referinta alba,white_reference,white_reference,refirinta alba 850.txt,in cutie\Referinta alba\spectru\refirinta alba 850.txt,850,850,990.0,1000.0,994.920964,312.438571,315.86,37.381098,28.0
in cutie\Referinta alba,white_reference,white_reference,refirinta alba 850.txt,in cutie\Referinta alba\spectru\refirinta alba 850.txt,850,850,1000.0,1010.0,1005.09,317.659286,323.42,26.460458,28.0
in cutie\Referinta alba,white_reference,white_reference,refirinta alba 850.txt,in cutie\Referinta alba\spectru\refirinta alba 850.txt,850,850,1010.0,1020.0,1015.031556,308.205556,310.82,26.262073,27.0
in cutie\Referinta alba,white_reference,white_reference,refirinta alba 850.txt,in cutie\Referinta alba\spectru\refirinta alba 850.txt,850,850,1020.0,1030.0,1024.926857,314.689643,315.86,36.64775,28.0
in cutie\Referinta alba,white_reference,white_reference,refirinta alba 850.txt,in cutie\Referinta alba\spectru\refirinta alba 850.txt,850,850,1030.0,1040.0,1032.275,305.196154,313.34,27.185339,13.0
in cutie\Referinta alba,white_reference,white_reference,refirinta alba 940.txt,in cutie\Referinta alba\spectru\refirinta alba 940.txt,940,940,180.0,190.0,188.705167,-73.046667,-53.72,40.705691,6.0
in cutie\Referinta alba,white_reference,white_reference,refirinta alba 940.txt,in cutie\Referinta alba\spectru\refirinta alba 940.txt,940,940,190.0,200.0,194.959762,46.084286,20.64,105.303327,21.0
in cutie\Referinta alba,white_reference,white_reference,refirinta alba 940.txt,in cutie\Referinta alba\spectru\refirinta alba 940.txt,940,940,200.0,210.0,204.905818,291.255455,294.12,40.964598,22.0
in cutie\Referinta alba,white_reference,white_reference,refirinta alba 940.txt,in cutie\Referinta alba\spectru\refirinta alba 940.txt,940,940,210.0,220.0,215.0625,275.672727,272.69,26.190514,22.0
in cutie\Referinta alba,white_reference,white_reference,refirinta alba 940.txt,in cutie\Referinta alba\spectru\refirinta alba 940.txt,940,940,220.0,230.0,224.968333,271.854286,285.3,38.857217,21.0
in cutie\Referinta alba,white_reference,white_reference,refirinta alba 940.txt,in cutie\Referinta alba\spectru\refirinta alba 940.txt,940,940,230.0,240.0,234.853682,283.463636,275.215,43.646002,22.0
in cutie\Referinta alba,white_reference,white_reference,refirinta alba 940.txt,in cutie\Referinta alba\spectru\refirinta alba 940.txt,940,940,240.0,250.0,244.948455,298.130455,289.08,62.337295,22.0
in cutie\Referinta alba,white_reference,white_reference,refirinta alba 940.txt,in cutie\Referinta alba\spectru\refirinta alba 940.txt,940,940,250.0,260.0,255.021727,293.547273,294.12,43.830524,22.0
in cutie\Referinta alba,white_reference,white_reference,refirinta alba 940.txt,in cutie\Referinta alba\spectru\refirinta alba 940.txt,940,940,260.0,270.0,265.073818,282.089091,287.82,30.03688,22.0
in cutie\Referinta alba,white_reference,white_reference,refirinta alba 940.txt,in cutie\Referinta alba\spectru\refirinta alba 940.txt,940,940,270.0,280.0,275.104455,290.683182,287.82,24.441335,22.0
in cutie\Referinta alba,white_reference,white_reference,refirinta alba 940.txt,in cutie\Referinta alba\spectru\refirinta alba 940.txt,940,940,280.0,290.0,285.113545,287.932273,280.255,40.525769,22.0
in cutie\Referinta alba,white_reference,white_reference,refirinta alba 940.txt,in cutie\Referinta alba\spectru\refirinta alba 940.txt,940,940,290.0,300.0,295.101045,300.306364,299.16,37.490075,22.0
in cutie\Referinta alba,white_reference,white_reference,refirinta alba 940.txt,in cutie\Referinta alba\spectru\refirinta alba 940.txt,940,940,300.0,310.0,305.066727,299.961818,301.68,22.099717,22.0
in cutie\Referinta alba,white_reference,white_reference,refirinta alba 940.txt,in cutie\Referinta alba\spectru\refirinta alba 940.txt,940,940,310.0,320.0,315.010682,291.484545,286.56,46.318861,22.0
in cutie\Referinta alba,white_reference,white_reference,refirinta alba 940.txt,in cutie\Referinta alba\spectru\refirinta alba 940.txt,940,940,320.0,330.0,324.932818,292.172273,285.3,26.71996,22.0
in cutie\Referinta alba,white_reference,white_reference,refirinta alba 940.txt,in cutie\Referinta alba\spectru\refirinta alba 940.txt,940,940,330.0,340.0,334.832955,288.849545,297.9,37.545457,22.0
in cutie\Referinta alba,white_reference,white_reference,refirinta alba 940.txt,in cutie\Referinta alba\spectru\refirinta alba 940.txt,940,940,340.0,350.0,344.935087,312.695217,313.02,56.700588,23.0
in cutie\Referinta alba,white_reference,white_reference,refirinta alba 940.txt,in cutie\Referinta alba\spectru\refirinta alba 940.txt,940,940,350.0,360.0,355.014136,301.453636,299.16,34.36464,22.0
in cutie\Referinta alba,white_reference,white_reference,refirinta alba 940.txt,in cutie\Referinta alba\spectru\refirinta alba 940.txt,940,940,360.0,370.0,365.069739,313.571739,315.54,32.262616,23.0
in cutie\Referinta alba,white_reference,white_reference,refirinta alba 940.txt,in cutie\Referinta alba\spectru\refirinta alba 940.txt,940,940,370.0,380.0,375.102227,313.254091,321.85,34.957294,22.0
in cutie\Referinta alba,white_reference,white_reference,refirinta alba 940.txt,in cutie\Referinta alba\spectru\refirinta alba 940.txt,940,940,380.0,390.0,385.110913,306.01,305.46,41.002191,23.0
in cutie\Referinta alba,white_reference,white_reference,refirinta alba 940.txt,in cutie\Referinta alba\spectru\refirinta alba 940.txt,940,940,390.0,400.0,395.096045,311.419091,306.72,34.263349,22.0
in cutie\Referinta alba,white_reference,white_reference,refirinta alba 940.txt,in cutie\Referinta alba\spectru\refirinta alba 940.txt,940,940,400.0,410.0,405.057435,300.86,292.86,34.859786,23.0
in cutie\Referinta alba,white_reference,white_reference,refirinta alba 940.txt,in cutie\Referinta alba\spectru\refirinta alba 940.txt,940,940,410.0,420.0,414.995091,322.418636,315.545,37.311154,22.0
in cutie\Referinta alba,white_reference,white_reference,refirinta alba 940.txt,in cutie\Referinta alba\spectru\refirinta alba 940.txt,940,940,420.0,430.0,424.908696,308.64,307.98,26.995766,23.0
in cutie\Referinta alba,white_reference,white_reference,refirinta alba 940.txt,in cutie\Referinta alba\spectru\refirinta alba 940.txt,940,940,430.0,440.0,435.01787,313.352609,310.5,23.400701,23.0
in cutie\Referinta alba,white_reference,white_reference,refirinta alba 940.txt,in cutie\Referinta alba\spectru\refirinta alba 940.txt,940,940,440.0,450.0,445.101783,302.173913,297.9,35.681419,23.0
in cutie\Referinta alba,white_reference,white_reference,refirinta alba 940.txt,in cutie\Referinta alba\spectru\refirinta alba 940.txt,940,940,450.0,460.0,455.160348,316.531304,315.54,25.959409,23.0
in cutie\Referinta alba,white_reference,white_reference,refirinta alba 940.txt,in cutie\Referinta alba\spectru\refirinta alba 940.txt,940,940,460.0,470.0,465.193435,311.709565,318.07,32.063341,23.0
in cutie\Referinta alba,white_reference,white_reference,refirinta alba 940.txt,in cutie\Referinta alba\spectru\refirinta alba 940.txt,940,940,470.0,480.0,475.201,311.81913,318.07,27.621086,23.0
in cutie\Referinta alba,white_reference,white_reference,refirinta alba 940.txt,in cutie\Referinta alba\spectru\refirinta alba 940.txt,940,940,480.0,490.0,485.182913,310.063478,313.02,24.904355,23.0
in cutie\Referinta alba,white_reference,white_reference,refirinta alba 940.txt,in cutie\Referinta alba\spectru\refirinta alba 940.txt,940,940,490.0,500.0,495.139043,295.599565,290.34,28.901539,23.0
in cutie\Referinta alba,white_reference,white_reference,refirinta alba 940.txt,in cutie\Referinta alba\spectru\refirinta alba 940.txt,940,940,500.0,510.0,505.069348,322.23087,318.07,46.146095,23.0
in cutie\Referinta alba,white_reference,white_reference,refirinta alba 940.txt,in cutie\Referinta alba\spectru\refirinta alba 940.txt,940,940,510.0,520.0,514.973652,319.71,320.59,30.679903,23.0
in cutie\Referinta alba,white_reference,white_reference,refirinta alba 940.txt,in cutie\Referinta alba\spectru\refirinta alba 940.txt,940,940,520.0,530.0,525.066167,310.819167,310.5,30.118176,24.0
in cutie\Referinta alba,white_reference,white_reference,refirinta alba 940.txt,in cutie\Referinta alba\spectru\refirinta alba 940.txt,940,940,530.0,540.0,535.131478,304.586087,300.42,29.633871,23.0
in cutie\Referinta alba,white_reference,white_reference,refirinta alba 940.txt,in cutie\Referinta alba\spectru\refirinta alba 940.txt,940,940,540.0,550.0,544.956,307.872609,305.46,36.272311,23.0
in cutie\Referinta alba,white_reference,white_reference,refirinta alba 940.txt,in cutie\Referinta alba\spectru\refirinta alba 940.txt,940,940,550.0,560.0,554.966667,309.97875,302.94,28.274368,24.0
in cutie\Referinta alba,white_reference,white_reference,refirinta alba 940.txt,in cutie\Referinta alba\spectru\refirinta alba 940.txt,940,940,560.0,570.0,564.949739,310.941304,302.94,39.796057,23.0
in cutie\Referinta alba,white_reference,white_reference,refirinta alba 940.txt,in cutie\Referinta alba\spectru\refirinta alba 940.txt,940,940,570.0,580.0,574.905,309.873333,306.72,31.5096,24.0
in cutie\Referinta alba,white_reference,white_reference,refirinta alba 940.txt,in cutie\Referinta alba\spectru\refirinta alba 940.txt,940,940,580.0,590.0,585.043208,307.667917,313.02,28.668165,24.0
in cutie\Referinta alba,white_reference,white_reference,refirinta alba 940.txt,in cutie\Referinta alba\spectru\refirinta alba 940.txt,940,940,590.0,600.0,595.152042,318.17,314.28,36.040677,24.0
in cutie\Referinta alba,white_reference,white_reference,refirinta alba 940.txt,in cutie\Referinta alba\spectru\refirinta alba 940.txt,940,940,600.0,610.0,605.02213,307.764348,307.98,42.63873,23.0
in cutie\Referinta alba,white_reference,white_reference,refirinta alba 940.txt,in cutie\Referinta alba\spectru\refirinta alba 940.txt,940,940,610.0,620.0,614.863458,314.390833,315.545,40.453794,24.0
in cutie\Referinta alba,white_reference,white_reference,refirinta alba 940.txt,in cutie\Referinta alba\spectru\refirinta alba 940.txt,940,940,620.0,630.0,624.885125,306.196667,310.5,36.063637,24.0
in cutie\Referinta alba,white_reference,white_reference,refirinta alba 940.txt,in cutie\Referinta alba\spectru\refirinta alba 940.txt,940,940,630.0,640.0,634.876917,310.502917,307.98,31.616353,24.0
in cutie\Referinta alba,white_reference,white_reference,refirinta alba 940.txt,in cutie\Referinta alba\spectru\refirinta alba 940.txt,940,940,640.0,650.0,644.83875,313.024167,314.28,31.279832,24.0
in cutie\Referinta alba,white_reference,white_reference,refirinta alba 940.txt,in cutie\Referinta alba\spectru\refirinta alba 940.txt,940,940,650.0,660.0,654.97728,310.5036,313.02,30.304998,25.0
in cutie\Referinta alba,white_reference,white_reference,refirinta alba 940.txt,in cutie\Referinta alba\spectru\refirinta alba 940.txt,940,940,660.0,670.0,665.084458,325.9425,324.37,19.583288,24.0
in cutie\Referinta alba,white_reference,white_reference,refirinta alba 940.txt,in cutie\Referinta alba\spectru\refirinta alba 940.txt,940,940,670.0,680.0,674.95475,315.230833,321.85,33.943851,24.0
in cutie\Referinta alba,white_reference,white_reference,refirinta alba 940.txt,in cutie\Referinta alba\spectru\refirinta alba 940.txt,940,940,680.0,690.0,684.9992,309.194,313.02,25.616674,25.0
in cutie\Referinta alba,white_reference,white_reference,refirinta alba 940.txt,in cutie\Referinta alba\spectru\refirinta alba 940.txt,940,940,690.0,700.0,695.012,312.605,318.065,26.493631,24.0
in cutie\Referinta alba,white_reference,white_reference,refirinta alba 940.txt,in cutie\Referinta alba\spectru\refirinta alba 940.txt,940,940,700.0,710.0,704.99268,306.5712,310.5,28.553418,25.0
in cutie\Referinta alba,white_reference,white_reference,refirinta alba 940.txt,in cutie\Referinta alba\spectru\refirinta alba 940.txt,940,940,710.0,720.0,714.9415,320.587083,323.11,33.598501,24.0
in cutie\Referinta alba,white_reference,white_reference,refirinta alba 940.txt,in cutie\Referinta alba\spectru\refirinta alba 940.txt,940,940,720.0,730.0,724.85784,306.0672,307.98,32.383347,25.0
in cutie\Referinta alba,white_reference,white_reference,refirinta alba 940.txt,in cutie\Referinta alba\spectru\refirinta alba 940.txt,940,940,730.0,740.0,734.94336,315.04,302.94,32.88812,25.0
in cutie\Referinta alba,white_reference,white_reference,refirinta alba 940.txt,in cutie\Referinta alba\spectru\refirinta alba 940.txt,940,940,740.0,750.0,744.99528,314.436,325.63,35.049719,25.0
in cutie\Referinta alba,white_reference,white_reference,refirinta alba 940.txt,in cutie\Referinta alba\spectru\refirinta alba 940.txt,940,940,750.0,760.0,755.01288,314.1328,313.02,33.718883,25.0
in cutie\Referinta alba,white_reference,white_reference,refirinta alba 940.txt,in cutie\Referinta alba\spectru\refirinta alba 940.txt,940,940,760.0,770.0,764.99664,314.4356,315.54,28.49074,25.0
in cutie\Referinta alba,white_reference,white_reference,refirinta alba 940.txt,in cutie\Referinta alba\spectru\refirinta alba 940.txt,940,940,770.0,780.0,774.94604,298.2032,290.34,33.486571,25.0
in cutie\Referinta alba,white_reference,white_reference,refirinta alba 940.txt,in cutie\Referinta alba\spectru\refirinta alba 940.txt,940,940,780.0,790.0,784.86132,306.7724,305.46,30.155471,25.0
in cutie\Referinta alba,white_reference,white_reference,refirinta alba 940.txt,in cutie\Referinta alba\spectru\refirinta alba 940.txt,940,940,790.0,800.0,794.938962,312.345385,313.02,22.267107,26.0
in cutie\Referinta alba,white_reference,white_reference,refirinta alba 940.txt,in cutie\Referinta alba\spectru\refirinta alba 940.txt,940,940,800.0,810.0,804.98072,320.5868,325.63,30.498992,25.0
in cutie\Referinta alba,white_reference,white_reference,refirinta alba 940.txt,in cutie\Referinta alba\spectru\refirinta alba 940.txt,940,940,810.0,820.0,814.986231,308.758077,310.5,36.289105,26.0
in cutie\Referinta alba,white_reference,white_reference,refirinta alba 940.txt,in cutie\Referinta alba\spectru\refirinta alba 940.txt,940,940,820.0,830.0,824.95548,304.152,300.42,31.433879,25.0
in cutie\Referinta alba,white_reference,white_reference,refirinta alba 940.txt,in cutie\Referinta alba\spectru\refirinta alba 940.txt,940,940,830.0,840.0,834.888115,311.473462,307.98,32.99834,26.0
in cutie\Referinta alba,white_reference,white_reference,refirinta alba 940.txt,in cutie\Referinta alba\spectru\refirinta alba 940.txt,940,940,840.0,850.0,844.977846,309.824231,307.98,35.944389,26.0
in cutie\Referinta alba,white_reference,white_reference,refirinta alba 940.txt,in cutie\Referinta alba\spectru\refirinta alba 940.txt,940,940,850.0,860.0,855.029308,310.891154,307.98,42.567849,26.0
in cutie\Referinta alba,white_reference,white_reference,refirinta alba 940.txt,in cutie\Referinta alba\spectru\refirinta alba 940.txt,940,940,860.0,870.0,865.042308,304.008077,300.42,35.980559,26.0
in cutie\Referinta alba,white_reference,white_reference,refirinta alba 940.txt,in cutie\Referinta alba\spectru\refirinta alba 940.txt,940,940,870.0,880.0,875.016731,325.239231,321.85,39.827796,26.0
in cutie\Referinta alba,white_reference,white_reference,refirinta alba 940.txt,in cutie\Referinta alba\spectru\refirinta alba 940.txt,940,940,880.0,890.0,884.952385,311.860385,307.98,33.094984,26.0
in cutie\Referinta alba,white_reference,white_reference,refirinta alba 940.txt,in cutie\Referinta alba\spectru\refirinta alba 940.txt,940,940,890.0,900.0,895.039037,343.924444,315.54,146.090297,27.0
in cutie\Referinta alba,white_reference,white_reference,refirinta alba 940.txt,in cutie\Referinta alba\spectru\refirinta alba 940.txt,940,940,900.0,910.0,905.085308,314.478077,311.76,34.349835,26.0
in cutie\Referinta alba,white_reference,white_reference,refirinta alba 940.txt,in cutie\Referinta alba\spectru\refirinta alba 940.txt,940,940,910.0,920.0,915.090519,318.065185,320.59,43.496046,27.0
in cutie\Referinta alba,white_reference,white_reference,refirinta alba 940.txt,in cutie\Referinta alba\spectru\refirinta alba 940.txt,940,940,920.0,930.0,925.055154,346.276923,339.49,35.017367,26.0
in cutie\Referinta alba,white_reference,white_reference,refirinta alba 940.txt,in cutie\Referinta alba\spectru\refirinta alba 940.txt,940,940,930.0,940.0,934.97837,363.621852,348.31,68.357345,27.0
in cutie\Referinta alba,white_reference,white_reference,refirinta alba 940.txt,in cutie\Referinta alba\spectru\refirinta alba 940.txt,940,940,940.0,950.0,945.046519,324.787037,330.67,26.033094,27.0
in cutie\Referinta alba,white_reference,white_reference,refirinta alba 940.txt,in cutie\Referinta alba\spectru\refirinta alba 940.txt,940,940,950.0,960.0,955.071815,348.312222,358.39,37.229925,27.0
in cutie\Referinta alba,white_reference,white_reference,refirinta alba 940.txt,in cutie\Referinta alba\spectru\refirinta alba 940.txt,940,940,960.0,970.0,965.053815,322.732593,318.07,27.541673,27.0
in cutie\Referinta alba,white_reference,white_reference,refirinta alba 940.txt,in cutie\Referinta alba\spectru\refirinta alba 940.txt,940,940,970.0,980.0,974.992481,308.264074,318.07,32.959388,27.0
in cutie\Referinta alba,white_reference,white_reference,refirinta alba 940.txt,in cutie\Referinta alba\spectru\refirinta alba 940.txt,940,940,980.0,990.0,984.887556,309.01037,315.54,27.036637,27.0
in cutie\Referinta alba,white_reference,white_reference,refirinta alba 940.txt,in cutie\Referinta alba\spectru\refirinta alba 940.txt,940,940,990.0,1000.0,994.920964,309.4225,307.98,27.77877,28.0
in cutie\Referinta alba,white_reference,white_reference,refirinta alba 940.txt,in cutie\Referinta alba\spectru\refirinta alba 940.txt,940,940,1000.0,1010.0,1005.09,301.681786,309.24,34.055049,28.0
in cutie\Referinta alba,white_reference,white_reference,refirinta alba 940.txt,in cutie\Referinta alba\spectru\refirinta alba 940.txt,940,940,1010.0,1020.0,1015.031556,309.196296,302.94,34.563073,27.0
in cutie\Referinta alba,white_reference,white_reference,refirinta alba 940.txt,in cutie\Referinta alba\spectru\refirinta alba 940.txt,940,940,1020.0,1030.0,1024.926857,297.900714,304.2,33.234342,28.0
in cutie\Referinta alba,white_reference,white_reference,refirinta alba 940.txt,in cutie\Referinta alba\spectru\refirinta alba 940.txt,940,940,1030.0,1040.0,1032.275,319.035385,325.63,20.608344,13.0
in cutie\Refirinta neagra,dark_reference,dark_reference,referinta gri.txt,in cutie\Refirinta neagra\referinta gri.txt,referinta gri,,180.0,190.0,188.705167,-110.278333,-111.54,22.008103,6.0
in cutie\Refirinta neagra,dark_reference,dark_reference,referinta gri.txt,in cutie\Refirinta neagra\referinta gri.txt,referinta gri,,190.0,200.0,194.959762,45.580476,44.74,118.642461,21.0
in cutie\Refirinta neagra,dark_reference,dark_reference,referinta gri.txt,in cutie\Refirinta neagra\referinta gri.txt,referinta gri,,200.0,210.0,204.905818,299.089091,298.06,30.784371,22.0
in cutie\Refirinta neagra,dark_reference,dark_reference,referinta gri.txt,in cutie\Refirinta neagra\referinta gri.txt,referinta gri,,210.0,220.0,215.0625,280.872727,274.11,32.256252,22.0
in cutie\Refirinta neagra,dark_reference,dark_reference,referinta gri.txt,in cutie\Refirinta neagra\referinta gri.txt,referinta gri,,220.0,230.0,224.968333,273.272381,274.11,34.105614,21.0
in cutie\Refirinta neagra,dark_reference,dark_reference,referinta gri.txt,in cutie\Refirinta neagra\referinta gri.txt,referinta gri,,230.0,240.0,234.853682,266.437273,265.29,25.586378,22.0
in cutie\Refirinta neagra,dark_reference,dark_reference,referinta gri.txt,in cutie\Refirinta neagra\referinta gri.txt,referinta gri,,240.0,250.0,244.948455,300.464091,286.72,70.945727,22.0
in cutie\Refirinta neagra,dark_reference,dark_reference,referinta gri.txt,in cutie\Refirinta neagra\referinta gri.txt,referinta gri,,250.0,260.0,255.021727,277.663182,274.11,36.823449,22.0
in cutie\Refirinta neagra,dark_reference,dark_reference,referinta gri.txt,in cutie\Refirinta neagra\referinta gri.txt,referinta gri,,260.0,270.0,265.073818,280.528182,282.935,30.042992,22.0
in cutie\Refirinta neagra,dark_reference,dark_reference,referinta gri.txt,in cutie\Refirinta neagra\referinta gri.txt,referinta gri,,270.0,280.0,275.104455,290.725,289.24,25.656163,22.0
in cutie\Refirinta neagra,dark_reference,dark_reference,referinta gri.txt,in cutie\Refirinta neagra\referinta gri.txt,referinta gri,,280.0,290.0,285.113545,266.665909,264.03,38.047407,22.0
in cutie\Refirinta neagra,dark_reference,dark_reference,referinta gri.txt,in cutie\Refirinta neagra\referinta gri.txt,referinta gri,,290.0,300.0,295.101045,278.696364,276.63,40.456027,22.0
in cutie\Refirinta neagra,dark_reference,dark_reference,referinta gri.txt,in cutie\Refirinta neagra\referinta gri.txt,referinta gri,,300.0,310.0,305.066727,294.049545,291.76,31.065581,22.0
in cutie\Refirinta neagra,dark_reference,dark_reference,referinta gri.txt,in cutie\Refirinta neagra\referinta gri.txt,referinta gri,,310.0,320.0,315.010682,297.943182,304.36,35.031252,22.0
in cutie\Refirinta neagra,dark_reference,dark_reference,referinta gri.txt,in cutie\Refirinta neagra\referinta gri.txt,referinta gri,,320.0,330.0,324.932818,280.872727,274.11,36.695456,22.0
in cutie\Refirinta neagra,dark_reference,dark_reference,referinta gri.txt,in cutie\Refirinta neagra\referinta gri.txt,referinta gri,,330.0,340.0,334.832955,299.318636,306.88,35.919657,22.0
in cutie\Refirinta neagra,dark_reference,dark_reference,referinta gri.txt,in cutie\Refirinta neagra\referinta gri.txt,referinta gri,,340.0,350.0,344.935087,290.222609,281.67,61.985775,23.0
in cutie\Refirinta neagra,dark_reference,dark_reference,referinta gri.txt,in cutie\Refirinta neagra\referinta gri.txt,referinta gri,,350.0,360.0,355.014136,295.996364,290.5,29.398212,22.0
in cutie\Refirinta neagra,dark_reference,dark_reference,referinta gri.txt,in cutie\Refirinta neagra\referinta gri.txt,referinta gri,,360.0,370.0,365.069739,302.277826,299.32,41.213804,23.0
in cutie\Refirinta neagra,dark_reference,dark_reference,referinta gri.txt,in cutie\Refirinta neagra\referinta gri.txt,referinta gri,,370.0,380.0,375.102227,299.548182,299.32,33.748116,22.0
in cutie\Refirinta neagra,dark_reference,dark_reference,referinta gri.txt,in cutie\Refirinta neagra\referinta gri.txt,referinta gri,,380.0,390.0,385.110913,314.770435,314.44,51.807356,23.0
in cutie\Refirinta neagra,dark_reference,dark_reference,referinta gri.txt,in cutie\Refirinta neagra\referinta gri.txt,referinta gri,,390.0,400.0,395.096045,307.337727,315.7,43.549699,22.0
in cutie\Refirinta neagra,dark_reference,dark_reference,referinta gri.txt,in cutie\Refirinta neagra\referinta gri.txt,referinta gri,,400.0,410.0,405.057435,304.797391,314.44,30.715705,23.0
in cutie\Refirinta neagra,dark_reference,dark_reference,referinta gri.txt,in cutie\Refirinta neagra\referinta gri.txt,referinta gri,,410.0,420.0,414.995091,311.12,304.36,33.615053,22.0
in cutie\Refirinta neagra,dark_reference,dark_reference,referinta gri.txt,in cutie\Refirinta neagra\referinta gri.txt,referinta gri,,420.0,430.0,424.908696,296.68913,294.28,31.416199,23.0
in cutie\Refirinta neagra,dark_reference,dark_reference,referinta gri.txt,in cutie\Refirinta neagra\referinta gri.txt,referinta gri,,430.0,440.0,435.01787,312.03,316.96,31.495304,23.0
in cutie\Refirinta neagra,dark_reference,dark_reference,referinta gri.txt,in cutie\Refirinta neagra\referinta gri.txt,referinta gri,,440.0,450.0,445.101783,321.126087,322.0,29.671744,23.0
in cutie\Refirinta neagra,dark_reference,dark_reference,referinta gri.txt,in cutie\Refirinta neagra\referinta gri.txt,referinta gri,,450.0,460.0,455.160348,319.482174,327.04,20.137543,23.0
in cutie\Refirinta neagra,dark_reference,dark_reference,referinta gri.txt,in cutie\Refirinta neagra\referinta gri.txt,referinta gri,,460.0,470.0,465.193435,343.155217,342.17,31.888201,23.0
in cutie\Refirinta neagra,dark_reference,dark_reference,referinta gri.txt,in cutie\Refirinta neagra\referinta gri.txt,referinta gri,,470.0,480.0,475.201,326.277826,322.0,36.612954,23.0
in cutie\Refirinta neagra,dark_reference,dark_reference,referinta gri.txt,in cutie\Refirinta neagra\referinta gri.txt,referinta gri,,480.0,490.0,485.182913,352.25087,354.77,27.29986,23.0
in cutie\Refirinta neagra,dark_reference,dark_reference,referinta gri.txt,in cutie\Refirinta neagra\referinta gri.txt,referinta gri,,490.0,500.0,495.139043,368.032609,377.46,30.494246,23.0
in cutie\Refirinta neagra,dark_reference,dark_reference,referinta gri.txt,in cutie\Refirinta neagra\referinta gri.txt,referinta gri,,500.0,510.0,505.069348,397.621739,392.58,42.607323,23.0
in cutie\Refirinta neagra,dark_reference,dark_reference,referinta gri.txt,in cutie\Refirinta neagra\referinta gri.txt,referinta gri,,510.0,520.0,514.973652,384.69,392.58,34.080167,23.0
in cutie\Refirinta neagra,dark_reference,dark_reference,referinta gri.txt,in cutie\Refirinta neagra\referinta gri.txt,referinta gri,,520.0,530.0,525.066167,393.315,393.84,27.510678,24.0
in cutie\Refirinta neagra,dark_reference,dark_reference,referinta gri.txt,in cutie\Refirinta neagra\referinta gri.txt,referinta gri,,530.0,540.0,535.131478,403.53913,407.7,31.433593,23.0
in cutie\Refirinta neagra,dark_reference,dark_reference,referinta gri.txt,in cutie\Refirinta neagra\referinta gri.txt,referinta gri,,540.0,550.0,544.956,416.033043,415.27,37.352491,23.0
in cutie\Refirinta neagra,dark_reference,dark_reference,referinta gri.txt,in cutie\Refirinta neagra\referinta gri.txt,referinta gri,,550.0,560.0,554.966667,419.675417,405.18,38.214898,24.0
in cutie\Refirinta neagra,dark_reference,dark_reference,referinta gri.txt,in cutie\Refirinta neagra\referinta gri.txt,referinta gri,,560.0,570.0,564.949739,426.553043,435.43,33.799286,23.0
in cutie\Refirinta neagra,dark_reference,dark_reference,referinta gri.txt,in cutie\Refirinta neagra\referinta gri.txt,referinta gri,,570.0,580.0,574.905,437.635417,436.69,37.429571,24.0
in cutie\Refirinta neagra,dark_reference,dark_reference,referinta gri.txt,in cutie\Refirinta neagra\referinta gri.txt,referinta gri,,580.0,590.0,585.043208,437.425833,432.91,35.985103,24.0
in cutie\Refirinta neagra,dark_reference,dark_reference,referinta gri.txt,in cutie\Refirinta neagra\referinta gri.txt,referinta gri,,590.0,600.0,595.152042,433.959167,436.69,32.172484,24.0
in cutie\Refirinta neagra,dark_reference,dark_reference,referinta gri.txt,in cutie\Refirinta neagra\referinta gri.txt,referinta gri,,600.0,610.0,605.02213,454.937391,460.64,31.93622,23.0
in cutie\Refirinta neagra,dark_reference,dark_reference,referinta gri.txt,in cutie\Refirinta neagra\referinta gri.txt,referinta gri,,610.0,620.0,614.863458,442.782083,431.65,30.149254,24.0
in cutie\Refirinta neagra,dark_reference,dark_reference,referinta gri.txt,in cutie\Refirinta neagra\referinta gri.txt,referinta gri,,620.0,630.0,624.885125,438.370417,437.95,30.103995,24.0
in cutie\Refirinta neagra,dark_reference,dark_reference,referinta gri.txt,in cutie\Refirinta neagra\referinta gri.txt,referinta gri,,630.0,640.0,634.876917,447.5075,445.51,44.723804,24.0
in cutie\Refirinta neagra,dark_reference,dark_reference,referinta gri.txt,in cutie\Refirinta neagra\referinta gri.txt,referinta gri,,640.0,650.0,644.83875,444.986667,436.69,30.810849,24.0
in cutie\Refirinta neagra,dark_reference,dark_reference,referinta gri.txt,in cutie\Refirinta neagra\referinta gri.txt,referinta gri,,650.0,660.0,654.97728,436.64,432.91,34.012956,25.0
in cutie\Refirinta neagra,dark_reference,dark_reference,referinta gri.txt,in cutie\Refirinta neagra\referinta gri.txt,referinta gri,,660.0,670.0,665.084458,432.700417,431.65,36.117096,24.0
in cutie\Refirinta neagra,dark_reference,dark_reference,referinta gri.txt,in cutie\Refirinta neagra\referinta gri.txt,referinta gri,,670.0,680.0,674.95475,426.397083,434.17,32.726873,24.0
in cutie\Refirinta neagra,dark_reference,dark_reference,referinta gri.txt,in cutie\Refirinta neagra\referinta gri.txt,referinta gri,,680.0,690.0,684.9992,422.8272,420.31,32.623903,25.0
in cutie\Refirinta neagra,dark_reference,dark_reference,referinta gri.txt,in cutie\Refirinta neagra\referinta gri.txt,referinta gri,,690.0,700.0,695.012,422.3025,424.09,28.858314,24.0
in cutie\Refirinta neagra,dark_reference,dark_reference,referinta gri.txt,in cutie\Refirinta neagra\referinta gri.txt,referinta gri,,700.0,710.0,704.99268,425.7492,422.83,35.75737,25.0
in cutie\Refirinta neagra,dark_reference,dark_reference,referinta gri.txt,in cutie\Refirinta neagra\referinta gri.txt,referinta gri,,710.0,720.0,714.9415,403.397083,405.18,33.442359,24.0
in cutie\Refirinta neagra,dark_reference,dark_reference,referinta gri.txt,in cutie\Refirinta neagra\referinta gri.txt,referinta gri,,720.0,730.0,724.85784,414.2572,420.31,31.569961,25.0
in cutie\Refirinta neagra,dark_reference,dark_reference,referinta gri.txt,in cutie\Refirinta neagra\referinta gri.txt,referinta gri,,730.0,740.0,734.94336,422.826,410.22,34.657131,25.0
in cutie\Refirinta neagra,dark_reference,dark_reference,referinta gri.txt,in cutie\Refirinta neagra\referinta gri.txt,referinta gri,,740.0,750.0,744.99528,413.8532,412.74,32.256355,25.0
in cutie\Refirinta neagra,dark_reference,dark_reference,referinta gri.txt,in cutie\Refirinta neagra\referinta gri.txt,referinta gri,,750.0,760.0,755.01288,400.3432,405.18,32.701719,25.0
in cutie\Refirinta neagra,dark_reference,dark_reference,referinta gri.txt,in cutie\Refirinta neagra\referinta gri.txt,referinta gri,,760.0,770.0,764.99664,392.3784,392.58,41.600053,25.0
in cutie\Refirinta neagra,dark_reference,dark_reference,referinta gri.txt,in cutie\Refirinta neagra\referinta gri.txt,referinta gri,,770.0,780.0,774.94604,399.2344,402.66,35.085413,25.0
in cutie\Refirinta neagra,dark_reference,dark_reference,referinta gri.txt,in cutie\Refirinta neagra\referinta gri.txt,referinta gri,,780.0,790.0,784.86132,378.666,372.42,35.354567,25.0
in cutie\Refirinta neagra,dark_reference,dark_reference,referinta gri.txt,in cutie\Refirinta neagra\referinta gri.txt,referinta gri,,790.0,800.0,794.938962,380.17,383.76,34.189929,26.0
in cutie\Refirinta neagra,dark_reference,dark_reference,referinta gri.txt,in cutie\Refirinta neagra\referinta gri.txt,referinta gri,,800.0,810.0,804.98072,369.1892,372.42,39.318832,25.0
in cutie\Refirinta neagra,dark_reference,dark_reference,referinta gri.txt,in cutie\Refirinta neagra\referinta gri.txt,referinta gri,,810.0,820.0,814.986231,363.012308,358.55,41.27879,26.0
in cutie\Refirinta neagra,dark_reference,dark_reference,referinta gri.txt,in cutie\Refirinta neagra\referinta gri.txt,referinta gri,,820.0,830.0,824.95548,357.896,357.29,32.758304,25.0
in cutie\Refirinta neagra,dark_reference,dark_reference,referinta gri.txt,in cutie\Refirinta neagra\referinta gri.txt,referinta gri,,830.0,840.0,834.888115,361.945769,359.81,34.952848,26.0
in cutie\Refirinta neagra,dark_reference,dark_reference,referinta gri.txt,in cutie\Refirinta neagra\referinta gri.txt,referinta gri,,840.0,850.0,844.977846,349.342308,354.77,36.146971,26.0
in cutie\Refirinta neagra,dark_reference,dark_reference,referinta gri.txt,in cutie\Refirinta neagra\referinta gri.txt,referinta gri,,850.0,860.0,855.029308,342.653077,344.69,27.99741,26.0
in cutie\Refirinta neagra,dark_reference,dark_reference,referinta gri.txt,in cutie\Refirinta neagra\referinta gri.txt,referinta gri,,860.0,870.0,865.042308,334.800769,318.22,38.752744,26.0
in cutie\Refirinta neagra,dark_reference,dark_reference,referinta gri.txt,in cutie\Refirinta neagra\referinta gri.txt,referinta gri,,870.0,880.0,875.016731,351.572308,345.95,32.24579,26.0
in cutie\Refirinta neagra,dark_reference,dark_reference,referinta gri.txt,in cutie\Refirinta neagra\referinta gri.txt,referinta gri,,880.0,890.0,884.952385,337.029615,340.91,36.46953,26.0
in cutie\Refirinta neagra,dark_reference,dark_reference,referinta gri.txt,in cutie\Refirinta neagra\referinta gri.txt,referinta gri,,890.0,900.0,895.039037,371.295185,342.17,147.603522,27.0
in cutie\Refirinta neagra,dark_reference,dark_reference,referinta gri.txt,in cutie\Refirinta neagra\referinta gri.txt,referinta gri,,900.0,910.0,905.085308,333.927308,330.825,31.150448,26.0
in cutie\Refirinta neagra,dark_reference,dark_reference,referinta gri.txt,in cutie\Refirinta neagra\referinta gri.txt,referinta gri,,910.0,920.0,915.090519,326.111111,327.04,30.695727,27.0
in cutie\Refirinta neagra,dark_reference,dark_reference,referinta gri.txt,in cutie\Refirinta neagra\referinta gri.txt,referinta gri,,920.0,930.0,925.055154,315.023462,311.92,42.461437,26.0
in cutie\Refirinta neagra,dark_reference,dark_reference,referinta gri.txt,in cutie\Refirinta neagra\referinta gri.txt,referinta gri,,930.0,940.0,934.97837,327.418519,319.48,65.379142,27.0
in cutie\Refirinta neagra,dark_reference,dark_reference,referinta gri.txt,in cutie\Refirinta neagra\referinta gri.txt,referinta gri,,940.0,950.0,945.046519,313.881852,306.88,29.818424,27.0
in cutie\Refirinta neagra,dark_reference,dark_reference,referinta gri.txt,in cutie\Refirinta neagra\referinta gri.txt,referinta gri,,950.0,960.0,955.071815,306.692963,304.36,26.647897,27.0
in cutie\Refirinta neagra,dark_reference,dark_reference,referinta gri.txt,in cutie\Refirinta neagra\referinta gri.txt,referinta gri,,960.0,970.0,965.053815,310.147037,316.96,37.972178,27.0
in cutie\Refirinta neagra,dark_reference,dark_reference,referinta gri.txt,in cutie\Refirinta neagra\referinta gri.txt,referinta gri,,970.0,980.0,974.992481,300.998148,306.88,34.128684,27.0
in cutie\Refirinta neagra,dark_reference,dark_reference,referinta gri.txt,in cutie\Refirinta neagra\referinta gri.txt,referinta gri,,980.0,990.0,984.887556,304.267037,301.84,31.131531,27.0
in cutie\Refirinta neagra,dark_reference,dark_reference,referinta gri.txt,in cutie\Refirinta neagra\referinta gri.txt,referinta gri,,990.0,1000.0,994.920964,294.997143,293.02,28.443522,28.0
in cutie\Refirinta neagra,dark_reference,dark_reference,referinta gri.txt,in cutie\Refirinta neagra\referinta gri.txt,referinta gri,,1000.0,1010.0,1005.09,306.160357,299.32,32.773577,28.0
in cutie\Refirinta neagra,dark_reference,dark_reference,referinta gri.txt,in cutie\Refirinta neagra\referinta gri.txt,referinta gri,,1010.0,1020.0,1015.031556,293.810741,301.84,35.06051,27.0
in cutie\Refirinta neagra,dark_reference,dark_reference,referinta gri.txt,in cutie\Refirinta neagra\referinta gri.txt,referinta gri,,1020.0,1030.0,1024.926857,300.038929,301.84,28.730632,28.0
in cutie\Refirinta neagra,dark_reference,dark_reference,referinta gri.txt,in cutie\Refirinta neagra\referinta gri.txt,referinta gri,,1030.0,1040.0,1032.275,310.757692,309.4,42.241455,13.0
in cutie\Refirinta neagra,dark_reference,dark_reference,referinta neagra fara .txt,in cutie\Refirinta neagra\referinta neagra fara .txt,fara,,180.0,190.0,188.705167,-109.433333,-103.97,9.916876,6.0
in cutie\Refirinta neagra,dark_reference,dark_reference,referinta neagra fara .txt,in cutie\Refirinta neagra\referinta neagra fara .txt,fara,,190.0,200.0,194.959762,43.900476,39.7,110.558805,21.0
in cutie\Refirinta neagra,dark_reference,dark_reference,referinta neagra fara .txt,in cutie\Refirinta neagra\referinta neagra fara .txt,fara,,200.0,210.0,204.905818,302.183182,296.8,31.904337,22.0
in cutie\Refirinta neagra,dark_reference,dark_reference,referinta neagra fara .txt,in cutie\Refirinta neagra\referinta neagra fara .txt,fara,,210.0,220.0,215.0625,279.612727,274.11,38.141175,22.0
in cutie\Refirinta neagra,dark_reference,dark_reference,referinta neagra fara .txt,in cutie\Refirinta neagra\referinta neagra fara .txt,fara,,220.0,230.0,224.968333,270.752381,269.07,30.549436,21.0
in cutie\Refirinta neagra,dark_reference,dark_reference,referinta neagra fara .txt,in cutie\Refirinta neagra\referinta neagra fara .txt,fara,,230.0,240.0,234.853682,285.112273,285.46,25.922848,22.0
in cutie\Refirinta neagra,dark_reference,dark_reference,referinta neagra fara .txt,in cutie\Refirinta neagra\referinta neagra fara .txt,fara,,240.0,250.0,244.948455,301.035455,299.32,56.879948,22.0
in cutie\Refirinta neagra,dark_reference,dark_reference,referinta neagra fara .txt,in cutie\Refirinta neagra\referinta neagra fara .txt,fara,,250.0,260.0,255.021727,286.371818,286.72,38.137888,22.0
in cutie\Refirinta neagra,dark_reference,dark_reference,referinta neagra fara .txt,in cutie\Refirinta neagra\referinta neagra fara .txt,fara,,260.0,270.0,265.073818,290.037273,286.715,25.987846,22.0
in cutie\Refirinta neagra,dark_reference,dark_reference,referinta neagra fara .txt,in cutie\Refirinta neagra\referinta neagra fara .txt,fara,,270.0,280.0,275.104455,281.101818,281.67,29.40355,22.0
in cutie\Refirinta neagra,dark_reference,dark_reference,referinta neagra fara .txt,in cutie\Refirinta neagra\referinta neagra fara .txt,fara,,280.0,290.0,285.113545,306.994545,305.62,26.593701,22.0
in cutie\Refirinta neagra,dark_reference,dark_reference,referinta neagra fara .txt,in cutie\Refirinta neagra\referinta neagra fara .txt,fara,,290.0,300.0,295.101045,312.609091,306.88,34.006656,22.0
in cutie\Refirinta neagra,dark_reference,dark_reference,referinta neagra fara .txt,in cutie\Refirinta neagra\referinta neagra fara .txt,fara,,300.0,310.0,305.066727,302.986364,305.62,29.665273,22.0
in cutie\Refirinta neagra,dark_reference,dark_reference,referinta neagra fara .txt,in cutie\Refirinta neagra\referinta neagra fara .txt,fara,,310.0,320.0,315.010682,289.694091,282.935,35.464842,22.0
in cutie\Refirinta neagra,dark_reference,dark_reference,referinta neagra fara .txt,in cutie\Refirinta neagra\referinta neagra fara .txt,fara,,320.0,330.0,324.932818,308.140909,298.06,29.500233,22.0
in cutie\Refirinta neagra,dark_reference,dark_reference,referinta neagra fara .txt,in cutie\Refirinta neagra\referinta neagra fara .txt,fara,,330.0,340.0,334.832955,302.527273,306.88,29.337629,22.0
in cutie\Refirinta neagra,dark_reference,dark_reference,referinta neagra fara .txt,in cutie\Refirinta neagra\referinta neagra fara .txt,fara,,340.0,350.0,344.935087,311.703043,304.36,55.928923,23.0
in cutie\Refirinta neagra,dark_reference,dark_reference,referinta neagra fara .txt,in cutie\Refirinta neagra\referinta neagra fara .txt,fara,,350.0,360.0,355.014136,291.528182,294.28,41.901528,22.0
in cutie\Refirinta neagra,dark_reference,dark_reference,referinta neagra fara .txt,in cutie\Refirinta neagra\referinta neagra fara .txt,fara,,360.0,370.0,365.069739,320.25,314.44,29.021028,23.0
in cutie\Refirinta neagra,dark_reference,dark_reference,referinta neagra fara .txt,in cutie\Refirinta neagra\referinta neagra fara .txt,fara,,370.0,380.0,375.102227,313.525455,319.48,32.16797,22.0
in cutie\Refirinta neagra,dark_reference,dark_reference,referinta neagra fara .txt,in cutie\Refirinta neagra\referinta neagra fara .txt,fara,,380.0,390.0,385.110913,309.620435,301.84,51.220857,23.0
in cutie\Refirinta neagra,dark_reference,dark_reference,referinta neagra fara .txt,in cutie\Refirinta neagra\referinta neagra fara .txt,fara,,390.0,400.0,395.096045,312.036818,308.14,40.319008,22.0
in cutie\Refirinta neagra,dark_reference,dark_reference,referinta neagra fara .txt,in cutie\Refirinta neagra\referinta neagra fara .txt,fara,,400.0,410.0,405.057435,316.414348,322.0,30.654305,23.0
in cutie\Refirinta neagra,dark_reference,dark_reference,referinta neagra fara .txt,in cutie\Refirinta neagra\referinta neagra fara .txt,fara,,410.0,420.0,414.995091,308.140909,313.18,37.143512,22.0
in cutie\Refirinta neagra,dark_reference,dark_reference,referinta neagra fara .txt,in cutie\Refirinta neagra\referinta neagra fara .txt,fara,,420.0,430.0,424.908696,318.496522,319.48,32.803003,23.0
in cutie\Refirinta neagra,dark_reference,dark_reference,referinta neagra fara .txt,in cutie\Refirinta neagra\referinta neagra fara .txt,fara,,430.0,440.0,435.01787,315.1,314.44,38.163305,23.0
in cutie\Refirinta neagra,dark_reference,dark_reference,referinta neagra fara .txt,in cutie\Refirinta neagra\referinta neagra fara .txt,fara,,440.0,450.0,445.101783,327.701739,322.0,31.316114,23.0
in cutie\Refirinta neagra,dark_reference,dark_reference,referinta neagra fara .txt,in cutie\Refirinta neagra\referinta neagra fara .txt,fara,,450.0,460.0,455.160348,324.853043,324.52,34.546804,23.0
in cutie\Refirinta neagra,dark_reference,dark_reference,referinta neagra fara .txt,in cutie\Refirinta neagra\referinta neagra fara .txt,fara,,460.0,470.0,465.193435,329.017826,327.04,33.340144,23.0
in cutie\Refirinta neagra,dark_reference,dark_reference,referinta neagra fara .txt,in cutie\Refirinta neagra\referinta neagra fara .txt,fara,,470.0,480.0,475.201,319.593043,319.48,33.583796,23.0
in cutie\Refirinta neagra,dark_reference,dark_reference,referinta neagra fara .txt,in cutie\Refirinta neagra\referinta neagra fara .txt,fara,,480.0,490.0,485.182913,350.497391,344.69,28.666577,23.0
in cutie\Refirinta neagra,dark_reference,dark_reference,referinta neagra fara .txt,in cutie\Refirinta neagra\referinta neagra fara .txt,fara,,490.0,500.0,495.139043,345.783478,357.29,30.957409,23.0
in cutie\Refirinta neagra,dark_reference,dark_reference,referinta neagra fara .txt,in cutie\Refirinta neagra\referinta neagra fara .txt,fara,,500.0,510.0,505.069348,343.701304,352.25,43.636156,23.0
in cutie\Refirinta neagra,dark_reference,dark_reference,referinta neagra fara .txt,in cutie\Refirinta neagra\referinta neagra fara .txt,fara,,510.0,520.0,514.973652,349.620435,342.17,37.574299,23.0
in cutie\Refirinta neagra,dark_reference,dark_reference,referinta neagra fara .txt,in cutie\Refirinta neagra\referinta neagra fara .txt,fara,,520.0,530.0,525.066167,364.53875,357.29,29.764134,24.0
in cutie\Refirinta neagra,dark_reference,dark_reference,referinta neagra fara .txt,in cutie\Refirinta neagra\referinta neagra fara .txt,fara,,530.0,540.0,535.131478,358.934348,359.81,40.051255,23.0
in cutie\Refirinta neagra,dark_reference,dark_reference,referinta neagra fara .txt,in cutie\Refirinta neagra\referinta neagra fara .txt,fara,,540.0,550.0,544.956,363.977391,372.42,31.355811,23.0
in cutie\Refirinta neagra,dark_reference,dark_reference,referinta neagra fara .txt,in cutie\Refirinta neagra\referinta neagra fara .txt,fara,,550.0,560.0,554.966667,371.470417,374.94,35.346683,24.0
in cutie\Refirinta neagra,dark_reference,dark_reference,referinta neagra fara .txt,in cutie\Refirinta neagra\referinta neagra fara .txt,fara,,560.0,570.0,564.949739,362.552609,367.37,33.726883,23.0
in cutie\Refirinta neagra,dark_reference,dark_reference,referinta neagra fara .txt,in cutie\Refirinta neagra\referinta neagra fara .txt,fara,,570.0,580.0,574.905,363.6975,362.33,32.106087,24.0
in cutie\Refirinta neagra,dark_reference,dark_reference,referinta neagra fara .txt,in cutie\Refirinta neagra\referinta neagra fara .txt,fara,,580.0,590.0,585.043208,382.1825,386.28,44.093906,24.0
in cutie\Refirinta neagra,dark_reference,dark_reference,referinta neagra fara .txt,in cutie\Refirinta neagra\referinta neagra fara .txt,fara,,590.0,600.0,595.152042,389.743333,385.02,38.572313,24.0
in cutie\Refirinta neagra,dark_reference,dark_reference,referinta neagra fara .txt,in cutie\Refirinta neagra\referinta neagra fara .txt,fara,,600.0,610.0,605.02213,378.224348,379.98,35.811384,23.0
in cutie\Refirinta neagra,dark_reference,dark_reference,referinta neagra fara .txt,in cutie\Refirinta neagra\referinta neagra fara .txt,fara,,610.0,620.0,614.863458,384.493333,387.54,31.042408,24.0
in cutie\Refirinta neagra,dark_reference,dark_reference,referinta neagra fara .txt,in cutie\Refirinta neagra\referinta neagra fara .txt,fara,,620.0,630.0,624.885125,363.277917,354.77,27.067593,24.0
in cutie\Refirinta neagra,dark_reference,dark_reference,referinta neagra fara .txt,in cutie\Refirinta neagra\referinta neagra fara .txt,fara,,630.0,640.0,634.876917,376.82625,363.59,44.630377,24.0
in cutie\Refirinta neagra,dark_reference,dark_reference,referinta neagra fara .txt,in cutie\Refirinta neagra\referinta neagra fara .txt,fara,,640.0,650.0,644.83875,385.12375,387.54,31.029517,24.0
in cutie\Refirinta neagra,dark_reference,dark_reference,referinta neagra fara .txt,in cutie\Refirinta neagra\referinta neagra fara .txt,fara,,650.0,660.0,654.97728,368.8868,382.5,42.417703,25.0
in cutie\Refirinta neagra,dark_reference,dark_reference,referinta neagra fara .txt,in cutie\Refirinta neagra\referinta neagra fara .txt,fara,,660.0,670.0,665.084458,367.374167,361.07,35.332997,24.0
in cutie\Refirinta neagra,dark_reference,dark_reference,referinta neagra fara .txt,in cutie\Refirinta neagra\referinta neagra fara .txt,fara,,670.0,680.0,674.95475,366.009167,359.81,32.147747,24.0
in cutie\Refirinta neagra,dark_reference,dark_reference,referinta neagra fara .txt,in cutie\Refirinta neagra\referinta neagra fara .txt,fara,,680.0,690.0,684.9992,361.6272,359.81,34.031214,25.0
in cutie\Refirinta neagra,dark_reference,dark_reference,referinta neagra fara .txt,in cutie\Refirinta neagra\referinta neagra fara .txt,fara,,690.0,700.0,695.012,349.52,338.39,32.629935,24.0
in cutie\Refirinta neagra,dark_reference,dark_reference,referinta neagra fara .txt,in cutie\Refirinta neagra\referinta neagra fara .txt,fara,,700.0,710.0,704.99268,353.0568,362.33,35.401225,25.0
in cutie\Refirinta neagra,dark_reference,dark_reference,referinta neagra fara .txt,in cutie\Refirinta neagra\referinta neagra fara .txt,fara,,710.0,720.0,714.9415,350.99,350.99,35.040288,24.0
in cutie\Refirinta neagra,dark_reference,dark_reference,referinta neagra fara .txt,in cutie\Refirinta neagra\referinta neagra fara .txt,fara,,720.0,730.0,724.85784,352.1496,352.25,30.401967,25.0
in cutie\Refirinta neagra,dark_reference,dark_reference,referinta neagra fara .txt,in cutie\Refirinta neagra\referinta neagra fara .txt,fara,,730.0,740.0,734.94336,355.4768,349.73,30.394015,25.0
in cutie\Refirinta neagra,dark_reference,dark_reference,referinta neagra fara .txt,in cutie\Refirinta neagra\referinta neagra fara .txt,fara,,740.0,750.0,744.99528,347.8148,344.69,25.178935,25.0
in cutie\Refirinta neagra,dark_reference,dark_reference,referinta neagra fara .txt,in cutie\Refirinta neagra\referinta neagra fara .txt,fara,,750.0,760.0,755.01288,368.6856,372.42,30.921015,25.0
in cutie\Refirinta neagra,dark_reference,dark_reference,referinta neagra fara .txt,in cutie\Refirinta neagra\referinta neagra fara .txt,fara,,760.0,770.0,764.99664,354.5688,359.81,36.865651,25.0
in cutie\Refirinta neagra,dark_reference,dark_reference,referinta neagra fara .txt,in cutie\Refirinta neagra\referinta neagra fara .txt,fara,,770.0,780.0,774.94604,360.4172,357.29,29.620799,25.0
in cutie\Refirinta neagra,dark_reference,dark_reference,referinta neagra fara .txt,in cutie\Refirinta neagra\referinta neagra fara .txt,fara,,780.0,790.0,784.86132,335.2112,327.04,38.953099,25.0
in cutie\Refirinta neagra,dark_reference,dark_reference,referinta neagra fara .txt,in cutie\Refirinta neagra\referinta neagra fara .txt,fara,,790.0,800.0,794.938962,339.841538,339.65,33.64336,26.0
in cutie\Refirinta neagra,dark_reference,dark_reference,referinta neagra fara .txt,in cutie\Refirinta neagra\referinta neagra fara .txt,fara,,800.0,810.0,804.98072,324.424,329.57,30.318747,25.0
in cutie\Refirinta neagra,dark_reference,dark_reference,referinta neagra fara .txt,in cutie\Refirinta neagra\referinta neagra fara .txt,fara,,810.0,820.0,814.986231,335.479231,335.87,38.50623,26.0
in cutie\Refirinta neagra,dark_reference,dark_reference,referinta neagra fara .txt,in cutie\Refirinta neagra\referinta neagra fara .txt,fara,,820.0,830.0,824.95548,338.034,339.65,32.738198,25.0
in cutie\Refirinta neagra,dark_reference,dark_reference,referinta neagra fara .txt,in cutie\Refirinta neagra\referinta neagra fara .txt,fara,,830.0,840.0,834.888115,335.673077,335.87,33.947987,26.0
in cutie\Refirinta neagra,dark_reference,dark_reference,referinta neagra fara .txt,in cutie\Refirinta neagra\referinta neagra fara .txt,fara,,840.0,850.0,844.977846,323.456538,327.04,28.561174,26.0
in cutie\Refirinta neagra,dark_reference,dark_reference,referinta neagra fara .txt,in cutie\Refirinta neagra\referinta neagra fara .txt,fara,,850.0,860.0,855.029308,327.722692,332.09,38.72488,26.0
in cutie\Refirinta neagra,dark_reference,dark_reference,referinta neagra fara .txt,in cutie\Refirinta neagra\referinta neagra fara .txt,fara,,860.0,870.0,865.042308,324.620769,328.305,26.661387,26.0
in cutie\Refirinta neagra,dark_reference,dark_reference,referinta neagra fara .txt,in cutie\Refirinta neagra\referinta neagra fara .txt,fara,,870.0,880.0,875.016731,323.748462,320.74,29.042306,26.0
in cutie\Refirinta neagra,dark_reference,dark_reference,referinta neagra fara .txt,in cutie\Refirinta neagra\referinta neagra fara .txt,fara,,880.0,890.0,884.952385,319.289615,311.92,30.36603,26.0
in cutie\Refirinta neagra,dark_reference,dark_reference,referinta neagra fara .txt,in cutie\Refirinta neagra\referinta neagra fara .txt,fara,,890.0,900.0,895.039037,357.944815,319.48,157.913363,27.0
in cutie\Refirinta neagra,dark_reference,dark_reference,referinta neagra fara .txt,in cutie\Refirinta neagra\referinta neagra fara .txt,fara,,900.0,910.0,905.085308,314.054615,311.92,29.381711,26.0
in cutie\Refirinta neagra,dark_reference,dark_reference,referinta neagra fara .txt,in cutie\Refirinta neagra\referinta neagra fara .txt,fara,,910.0,920.0,915.090519,316.122593,311.92,25.205124,27.0
in cutie\Refirinta neagra,dark_reference,dark_reference,referinta neagra fara .txt,in cutie\Refirinta neagra\referinta neagra fara .txt,fara,,920.0,930.0,925.055154,327.045,329.57,33.468088,26.0
in cutie\Refirinta neagra,dark_reference,dark_reference,referinta neagra fara .txt,in cutie\Refirinta neagra\referinta neagra fara .txt,fara,,930.0,940.0,934.97837,335.25963,337.13,50.489975,27.0
in cutie\Refirinta neagra,dark_reference,dark_reference,referinta neagra fara .txt,in cutie\Refirinta neagra\referinta neagra fara .txt,fara,,940.0,950.0,945.046519,302.773333,291.76,39.498279,27.0
in cutie\Refirinta neagra,dark_reference,dark_reference,referinta neagra fara .txt,in cutie\Refirinta neagra\referinta neagra fara .txt,fara,,950.0,960.0,955.071815,314.722963,309.4,30.566269,27.0
in cutie\Refirinta neagra,dark_reference,dark_reference,referinta neagra fara .txt,in cutie\Refirinta neagra\referinta neagra fara .txt,fara,,960.0,970.0,965.053815,313.229259,311.92,40.021435,27.0
in cutie\Refirinta neagra,dark_reference,dark_reference,referinta neagra fara .txt,in cutie\Refirinta neagra\referinta neagra fara .txt,fara,,970.0,980.0,974.992481,319.109259,319.48,26.37899,27.0
in cutie\Refirinta neagra,dark_reference,dark_reference,referinta neagra fara .txt,in cutie\Refirinta neagra\referinta neagra fara .txt,fara,,980.0,990.0,984.887556,329.097778,327.04,32.242713,27.0
in cutie\Refirinta neagra,dark_reference,dark_reference,referinta neagra fara .txt,in cutie\Refirinta neagra\referinta neagra fara .txt,fara,,990.0,1000.0,994.920964,320.023214,322.0,44.803514,28.0
in cutie\Refirinta neagra,dark_reference,dark_reference,referinta neagra fara .txt,in cutie\Refirinta neagra\referinta neagra fara .txt,fara,,1000.0,1010.0,1005.09,310.661429,318.22,32.127662,28.0
in cutie\Refirinta neagra,dark_reference,dark_reference,referinta neagra fara .txt,in cutie\Refirinta neagra\referinta neagra fara .txt,fara,,1010.0,1020.0,1015.031556,310.428148,306.88,34.452728,27.0
in cutie\Refirinta neagra,dark_reference,dark_reference,referinta neagra fara .txt,in cutie\Refirinta neagra\referinta neagra fara .txt,fara,,1020.0,1030.0,1024.926857,307.33,314.44,34.886518,28.0
in cutie\Refirinta neagra,dark_reference,dark_reference,referinta neagra fara .txt,in cutie\Refirinta neagra\referinta neagra fara .txt,fara,,1030.0,1040.0,1032.275,316.189231,322.0,21.441643,13.0
in cutie\Set frunze 1\frunza nesanatoasa,leaf_sample,unhealthy,532.txt,in cutie\Set frunze 1\frunza nesanatoasa\spectru\532.txt,532,532,180.0,190.0,188.705167,-84.596667,-58.13,41.154388,6.0
in cutie\Set frunze 1\frunza nesanatoasa,leaf_sample,unhealthy,532.txt,in cutie\Set frunze 1\frunza nesanatoasa\spectru\532.txt,532,532,190.0,200.0,194.959762,47.013333,45.21,111.716168,21.0
in cutie\Set frunze 1\frunza nesanatoasa,leaf_sample,unhealthy,532.txt,in cutie\Set frunze 1\frunza nesanatoasa\spectru\532.txt,532,532,200.0,210.0,204.905818,284.095455,279.63,40.192581,22.0
in cutie\Set frunze 1\frunza nesanatoasa,leaf_sample,unhealthy,532.txt,in cutie\Set frunze 1\frunza nesanatoasa\spectru\532.txt,532,532,210.0,220.0,215.0625,297.498636,292.23,42.067207,22.0
in cutie\Set frunze 1\frunza nesanatoasa,leaf_sample,unhealthy,532.txt,in cutie\Set frunze 1\frunza nesanatoasa\spectru\532.txt,532,532,220.0,230.0,224.968333,283.348095,277.11,38.28702,21.0
in cutie\Set frunze 1\frunza nesanatoasa,leaf_sample,unhealthy,532.txt,in cutie\Set frunze 1\frunza nesanatoasa\spectru\532.txt,532,532,230.0,240.0,234.853682,284.209545,282.15,32.738436,22.0
in cutie\Set frunze 1\frunza nesanatoasa,leaf_sample,unhealthy,532.txt,in cutie\Set frunze 1\frunza nesanatoasa\spectru\532.txt,532,532,240.0,250.0,244.948455,328.090455,328.78,54.887329,22.0
in cutie\Set frunze 1\frunza nesanatoasa,leaf_sample,unhealthy,532.txt,in cutie\Set frunze 1\frunza nesanatoasa\spectru\532.txt,532,532,250.0,260.0,255.021727,287.188182,289.71,28.406944,22.0
in cutie\Set frunze 1\frunza nesanatoasa,leaf_sample,unhealthy,532.txt,in cutie\Set frunze 1\frunza nesanatoasa\spectru\532.txt,532,532,260.0,270.0,265.073818,297.498182,307.35,32.678966,22.0
in cutie\Set frunze 1\frunza nesanatoasa,leaf_sample,unhealthy,532.txt,in cutie\Set frunze 1\frunza nesanatoasa\spectru\532.txt,532,532,270.0,280.0,275.104455,284.209091,283.41,28.97515,22.0
in cutie\Set frunze 1\frunza nesanatoasa,leaf_sample,unhealthy,532.txt,in cutie\Set frunze 1\frunza nesanatoasa\spectru\532.txt,532,532,280.0,290.0,285.113545,300.249091,303.57,35.812796,22.0
in cutie\Set frunze 1\frunza nesanatoasa,leaf_sample,unhealthy,532.txt,in cutie\Set frunze 1\frunza nesanatoasa\spectru\532.txt,532,532,290.0,300.0,295.101045,296.125,287.19,29.451102,22.0
in cutie\Set frunze 1\frunza nesanatoasa,leaf_sample,unhealthy,532.txt,in cutie\Set frunze 1\frunza nesanatoasa\spectru\532.txt,532,532,300.0,310.0,305.066727,304.603636,307.35,31.46262,22.0
in cutie\Set frunze 1\frunza nesanatoasa,leaf_sample,unhealthy,532.txt,in cutie\Set frunze 1\frunza nesanatoasa\spectru\532.txt,532,532,310.0,320.0,315.010682,288.334545,289.71,24.505905,22.0
in cutie\Set frunze 1\frunza nesanatoasa,leaf_sample,unhealthy,532.txt,in cutie\Set frunze 1\frunza nesanatoasa\spectru\532.txt,532,532,320.0,330.0,324.932818,302.884091,309.87,29.521741,22.0
in cutie\Set frunze 1\frunza nesanatoasa,leaf_sample,unhealthy,532.txt,in cutie\Set frunze 1\frunza nesanatoasa\spectru\532.txt,532,532,330.0,340.0,334.832955,307.238636,313.65,33.235487,22.0
in cutie\Set frunze 1\frunza nesanatoasa,leaf_sample,unhealthy,532.txt,in cutie\Set frunze 1\frunza nesanatoasa\spectru\532.txt,532,532,340.0,350.0,344.935087,304.723043,299.79,34.779834,23.0
in cutie\Set frunze 1\frunza nesanatoasa,leaf_sample,unhealthy,532.txt,in cutie\Set frunze 1\frunza nesanatoasa\spectru\532.txt,532,532,350.0,360.0,355.014136,304.488636,306.09,30.439913,22.0
in cutie\Set frunze 1\frunza nesanatoasa,leaf_sample,unhealthy,532.txt,in cutie\Set frunze 1\frunza nesanatoasa\spectru\532.txt,532,532,360.0,370.0,365.069739,317.983043,314.91,35.584169,23.0
in cutie\Set frunze 1\frunza nesanatoasa,leaf_sample,unhealthy,532.txt,in cutie\Set frunze 1\frunza nesanatoasa\spectru\532.txt,532,532,370.0,380.0,375.102227,297.04,302.31,34.155754,22.0
in cutie\Set frunze 1\frunza nesanatoasa,leaf_sample,unhealthy,532.txt,in cutie\Set frunze 1\frunza nesanatoasa\spectru\532.txt,532,532,380.0,390.0,385.110913,318.422174,314.91,49.53189,23.0
in cutie\Set frunze 1\frunza nesanatoasa,leaf_sample,unhealthy,532.txt,in cutie\Set frunze 1\frunza nesanatoasa\spectru\532.txt,532,532,390.0,400.0,395.096045,311.706818,303.57,39.475337,22.0
in cutie\Set frunze 1\frunza nesanatoasa,leaf_sample,unhealthy,532.txt,in cutie\Set frunze 1\frunza nesanatoasa\spectru\532.txt,532,532,400.0,410.0,405.057435,304.283913,309.87,35.443563,23.0
in cutie\Set frunze 1\frunza nesanatoasa,leaf_sample,unhealthy,532.txt,in cutie\Set frunze 1\frunza nesanatoasa\spectru\532.txt,532,532,410.0,420.0,414.995091,304.259545,298.53,45.679431,22.0
in cutie\Set frunze 1\frunza nesanatoasa,leaf_sample,unhealthy,532.txt,in cutie\Set frunze 1\frunza nesanatoasa\spectru\532.txt,532,532,420.0,430.0,424.908696,311.845217,312.39,39.505013,23.0
in cutie\Set frunze 1\frunza nesanatoasa,leaf_sample,unhealthy,532.txt,in cutie\Set frunze 1\frunza nesanatoasa\spectru\532.txt,532,532,430.0,440.0,435.01787,284.12,289.71,31.101566,23.0
in cutie\Set frunze 1\frunza nesanatoasa,leaf_sample,unhealthy,532.txt,in cutie\Set frunze 1\frunza nesanatoasa\spectru\532.txt,532,532,440.0,450.0,445.101783,300.448261,304.83,34.039279,23.0
in cutie\Set frunze 1\frunza nesanatoasa,leaf_sample,unhealthy,532.txt,in cutie\Set frunze 1\frunza nesanatoasa\spectru\532.txt,532,532,450.0,460.0,455.160348,313.489565,312.39,28.37025,23.0
in cutie\Set frunze 1\frunza nesanatoasa,leaf_sample,unhealthy,532.txt,in cutie\Set frunze 1\frunza nesanatoasa\spectru\532.txt,532,532,460.0,470.0,465.193435,312.723478,317.44,36.316099,23.0
in cutie\Set frunze 1\frunza nesanatoasa,leaf_sample,unhealthy,532.txt,in cutie\Set frunze 1\frunza nesanatoasa\spectru\532.txt,532,532,470.0,480.0,475.201,306.037391,302.31,36.909148,23.0
in cutie\Set frunze 1\frunza nesanatoasa,leaf_sample,unhealthy,532.txt,in cutie\Set frunze 1\frunza nesanatoasa\spectru\532.txt,532,532,480.0,490.0,485.182913,303.736087,307.35,31.002451,23.0
in cutie\Set frunze 1\frunza nesanatoasa,leaf_sample,unhealthy,532.txt,in cutie\Set frunze 1\frunza nesanatoasa\spectru\532.txt,532,532,490.0,500.0,495.139043,305.161304,302.31,37.024774,23.0
in cutie\Set frunze 1\frunza nesanatoasa,leaf_sample,unhealthy,532.txt,in cutie\Set frunze 1\frunza nesanatoasa\spectru\532.txt,532,532,500.0,510.0,505.069348,316.340435,307.35,49.648248,23.0
in cutie\Set frunze 1\frunza nesanatoasa,leaf_sample,unhealthy,532.txt,in cutie\Set frunze 1\frunza nesanatoasa\spectru\532.txt,532,532,510.0,520.0,514.973652,331.901304,340.12,31.466679,23.0
in cutie\Set frunze 1\frunza nesanatoasa,leaf_sample,unhealthy,532.txt,in cutie\Set frunze 1\frunza nesanatoasa\spectru\532.txt,532,532,520.0,530.0,525.066167,367.005833,356.5,43.916397,24.0
in cutie\Set frunze 1\frunza nesanatoasa,leaf_sample,unhealthy,532.txt,in cutie\Set frunze 1\frunza nesanatoasa\spectru\532.txt,532,532,530.0,540.0,535.131478,381.655217,375.41,38.498764,23.0
in cutie\Set frunze 1\frunza nesanatoasa,leaf_sample,unhealthy,532.txt,in cutie\Set frunze 1\frunza nesanatoasa\spectru\532.txt,532,532,540.0,550.0,544.956,381.106957,380.45,36.339497,23.0
in cutie\Set frunze 1\frunza nesanatoasa,leaf_sample,unhealthy,532.txt,in cutie\Set frunze 1\frunza nesanatoasa\spectru\532.txt,532,532,550.0,560.0,554.966667,367.21625,366.59,32.16579,24.0
in cutie\Set frunze 1\frunza nesanatoasa,leaf_sample,unhealthy,532.txt,in cutie\Set frunze 1\frunza nesanatoasa\spectru\532.txt,532,532,560.0,570.0,564.949739,309.435217,294.75,36.067538,23.0
in cutie\Set frunze 1\frunza nesanatoasa,leaf_sample,unhealthy,532.txt,in cutie\Set frunze 1\frunza nesanatoasa\spectru\532.txt,532,532,570.0,580.0,574.905,303.676667,308.61,36.613478,24.0
in cutie\Set frunze 1\frunza nesanatoasa,leaf_sample,unhealthy,532.txt,in cutie\Set frunze 1\frunza nesanatoasa\spectru\532.txt,532,532,580.0,590.0,585.043208,299.05625,303.57,36.108041,24.0
in cutie\Set frunze 1\frunza nesanatoasa,leaf_sample,unhealthy,532.txt,in cutie\Set frunze 1\frunza nesanatoasa\spectru\532.txt,532,532,590.0,600.0,595.152042,320.270833,318.7,35.752022,24.0
in cutie\Set frunze 1\frunza nesanatoasa,leaf_sample,unhealthy,532.txt,in cutie\Set frunze 1\frunza nesanatoasa\spectru\532.txt,532,532,600.0,610.0,605.02213,311.845652,307.35,33.05608,23.0
in cutie\Set frunze 1\frunza nesanatoasa,leaf_sample,unhealthy,532.txt,in cutie\Set frunze 1\frunza nesanatoasa\spectru\532.txt,532,532,610.0,620.0,614.863458,309.453333,306.09,30.209163,24.0
in cutie\Set frunze 1\frunza nesanatoasa,leaf_sample,unhealthy,532.txt,in cutie\Set frunze 1\frunza nesanatoasa\spectru\532.txt,532,532,620.0,630.0,624.885125,313.234583,316.175,31.209405,24.0
in cutie\Set frunze 1\frunza nesanatoasa,leaf_sample,unhealthy,532.txt,in cutie\Set frunze 1\frunza nesanatoasa\spectru\532.txt,532,532,630.0,640.0,634.876917,340.330833,330.04,42.713856,24.0
in cutie\Set frunze 1\frunza nesanatoasa,leaf_sample,unhealthy,532.txt,in cutie\Set frunze 1\frunza nesanatoasa\spectru\532.txt,532,532,640.0,650.0,644.83875,315.23,308.61,39.828496,24.0
in cutie\Set frunze 1\frunza nesanatoasa,leaf_sample,unhealthy,532.txt,in cutie\Set frunze 1\frunza nesanatoasa\spectru\532.txt,532,532,650.0,660.0,654.97728,306.7476,302.31,39.135142,25.0
in cutie\Set frunze 1\frunza nesanatoasa,leaf_sample,unhealthy,532.txt,in cutie\Set frunze 1\frunza nesanatoasa\spectru\532.txt,532,532,660.0,670.0,665.084458,315.965833,316.175,34.520643,24.0
in cutie\Set frunze 1\frunza nesanatoasa,leaf_sample,unhealthy,532.txt,in cutie\Set frunze 1\frunza nesanatoasa\spectru\532.txt,532,532,670.0,680.0,674.95475,310.084583,312.39,33.706491,24.0
in cutie\Set frunze 1\frunza nesanatoasa,leaf_sample,unhealthy,532.txt,in cutie\Set frunze 1\frunza nesanatoasa\spectru\532.txt,532,532,680.0,690.0,684.9992,326.1048,327.52,32.75648,25.0
in cutie\Set frunze 1\frunza nesanatoasa,leaf_sample,unhealthy,532.txt,in cutie\Set frunze 1\frunza nesanatoasa\spectru\532.txt,532,532,690.0,700.0,695.012,302.310833,307.35,38.946907,24.0
in cutie\Set frunze 1\frunza nesanatoasa,leaf_sample,unhealthy,532.txt,in cutie\Set frunze 1\frunza nesanatoasa\spectru\532.txt,532,532,700.0,710.0,704.99268,309.672,309.87,29.306958,25.0
in cutie\Set frunze 1\frunza nesanatoasa,leaf_sample,unhealthy,532.txt,in cutie\Set frunze 1\frunza nesanatoasa\spectru\532.txt,532,532,710.0,720.0,714.9415,298.740833,301.05,34.483688,24.0
in cutie\Set frunze 1\frunza nesanatoasa,leaf_sample,unhealthy,532.txt,in cutie\Set frunze 1\frunza nesanatoasa\spectru\532.txt,532,532,720.0,730.0,724.85784,302.5136,302.31,28.675688,25.0
in cutie\Set frunze 1\frunza nesanatoasa,leaf_sample,unhealthy,532.txt,in cutie\Set frunze 1\frunza nesanatoasa\spectru\532.txt,532,532,730.0,740.0,734.94336,313.9068,307.35,34.241658,25.0
in cutie\Set frunze 1\frunza nesanatoasa,leaf_sample,unhealthy,532.txt,in cutie\Set frunze 1\frunza nesanatoasa\spectru\532.txt,532,532,740.0,750.0,744.99528,313.1992,309.87,30.278183,25.0
in cutie\Set frunze 1\frunza nesanatoasa,leaf_sample,unhealthy,532.txt,in cutie\Set frunze 1\frunza nesanatoasa\spectru\532.txt,532,532,750.0,760.0,755.01288,311.0828,312.39,42.231811,25.0
in cutie\Set frunze 1\frunza nesanatoasa,leaf_sample,unhealthy,532.txt,in cutie\Set frunze 1\frunza nesanatoasa\spectru\532.txt,532,532,760.0,770.0,764.99664,316.7292,319.96,33.617498,25.0
in cutie\Set frunze 1\frunza nesanatoasa,leaf_sample,unhealthy,532.txt,in cutie\Set frunze 1\frunza nesanatoasa\spectru\532.txt,532,532,770.0,780.0,774.94604,306.2444,304.83,25.912165,25.0
in cutie\Set frunze 1\frunza nesanatoasa,leaf_sample,unhealthy,532.txt,in cutie\Set frunze 1\frunza nesanatoasa\spectru\532.txt,532,532,780.0,790.0,784.86132,309.974,307.35,39.039096,25.0
in cutie\Set frunze 1\frunza nesanatoasa,leaf_sample,unhealthy,532.txt,in cutie\Set frunze 1\frunza nesanatoasa\spectru\532.txt,532,532,790.0,800.0,794.938962,311.716154,316.175,35.006849,26.0
in cutie\Set frunze 1\frunza nesanatoasa,leaf_sample,unhealthy,532.txt,in cutie\Set frunze 1\frunza nesanatoasa\spectru\532.txt,532,532,800.0,810.0,804.98072,311.7892,302.31,38.782797,25.0
in cutie\Set frunze 1\frunza nesanatoasa,leaf_sample,unhealthy,532.txt,in cutie\Set frunze 1\frunza nesanatoasa\spectru\532.txt,532,532,810.0,820.0,814.986231,297.852692,309.87,43.198543,26.0
in cutie\Set frunze 1\frunza nesanatoasa,leaf_sample,unhealthy,532.txt,in cutie\Set frunze 1\frunza nesanatoasa\spectru\532.txt,532,532,820.0,830.0,824.95548,313.4024,309.87,27.073279,25.0
in cutie\Set frunze 1\frunza nesanatoasa,leaf_sample,unhealthy,532.txt,in cutie\Set frunze 1\frunza nesanatoasa\spectru\532.txt,532,532,830.0,840.0,834.888115,306.575769,312.39,31.145009,26.0
in cutie\Set frunze 1\frunza nesanatoasa,leaf_sample,unhealthy,532.txt,in cutie\Set frunze 1\frunza nesanatoasa\spectru\532.txt,532,532,840.0,850.0,844.977846,319.471154,323.74,37.208859,26.0
in cutie\Set frunze 1\frunza nesanatoasa,leaf_sample,unhealthy,532.txt,in cutie\Set frunze 1\frunza nesanatoasa\spectru\532.txt,532,532,850.0,860.0,855.029308,311.133462,311.13,29.693378,26.0
in cutie\Set frunze 1\frunza nesanatoasa,leaf_sample,unhealthy,532.txt,in cutie\Set frunze 1\frunza nesanatoasa\spectru\532.txt,532,532,860.0,870.0,865.042308,311.327308,313.65,32.31054,26.0
in cutie\Set frunze 1\frunza nesanatoasa,leaf_sample,unhealthy,532.txt,in cutie\Set frunze 1\frunza nesanatoasa\spectru\532.txt,532,532,870.0,880.0,875.016731,321.507692,318.7,42.741433,26.0
in cutie\Set frunze 1\frunza nesanatoasa,leaf_sample,unhealthy,532.txt,in cutie\Set frunze 1\frunza nesanatoasa\spectru\532.txt,532,532,880.0,890.0,884.952385,303.766923,304.83,37.479566,26.0
in cutie\Set frunze 1\frunza nesanatoasa,leaf_sample,unhealthy,532.txt,in cutie\Set frunze 1\frunza nesanatoasa\spectru\532.txt,532,532,890.0,900.0,895.039037,350.201481,317.44,158.80252,27.0
in cutie\Set frunze 1\frunza nesanatoasa,leaf_sample,unhealthy,532.txt,in cutie\Set frunze 1\frunza nesanatoasa\spectru\532.txt,532,532,900.0,910.0,905.085308,308.419615,303.57,38.163937,26.0
in cutie\Set frunze 1\frunza nesanatoasa,leaf_sample,unhealthy,532.txt,in cutie\Set frunze 1\frunza nesanatoasa\spectru\532.txt,532,532,910.0,920.0,915.090519,311.553704,312.39,34.328012,27.0
in cutie\Set frunze 1\frunza nesanatoasa,leaf_sample,unhealthy,532.txt,in cutie\Set frunze 1\frunza nesanatoasa\spectru\532.txt,532,532,920.0,930.0,925.055154,310.553077,312.39,28.803487,26.0
in cutie\Set frunze 1\frunza nesanatoasa,leaf_sample,unhealthy,532.txt,in cutie\Set frunze 1\frunza nesanatoasa\spectru\532.txt,532,532,930.0,940.0,934.97837,317.528889,304.83,58.71589,27.0
in cutie\Set frunze 1\frunza nesanatoasa,leaf_sample,unhealthy,532.txt,in cutie\Set frunze 1\frunza nesanatoasa\spectru\532.txt,532,532,940.0,950.0,945.046519,312.392593,309.87,33.000062,27.0
in cutie\Set frunze 1\frunza nesanatoasa,leaf_sample,unhealthy,532.txt,in cutie\Set frunze 1\frunza nesanatoasa\spectru\532.txt,532,532,950.0,960.0,955.071815,315.007778,312.39,37.640997,27.0
in cutie\Set frunze 1\frunza nesanatoasa,leaf_sample,unhealthy,532.txt,in cutie\Set frunze 1\frunza nesanatoasa\spectru\532.txt,532,532,960.0,970.0,965.053815,304.646667,304.83,34.155219,27.0
in cutie\Set frunze 1\frunza nesanatoasa,leaf_sample,unhealthy,532.txt,in cutie\Set frunze 1\frunza nesanatoasa\spectru\532.txt,532,532,970.0,980.0,974.992481,308.847037,309.87,31.365102,27.0
in cutie\Set frunze 1\frunza nesanatoasa,leaf_sample,unhealthy,532.txt,in cutie\Set frunze 1\frunza nesanatoasa\spectru\532.txt,532,532,980.0,990.0,984.887556,314.914444,322.48,33.886144,27.0
in cutie\Set frunze 1\frunza nesanatoasa,leaf_sample,unhealthy,532.txt,in cutie\Set frunze 1\frunza nesanatoasa\spectru\532.txt,532,532,990.0,1000.0,994.920964,314.645,312.39,40.471213,28.0
in cutie\Set frunze 1\frunza nesanatoasa,leaf_sample,unhealthy,532.txt,in cutie\Set frunze 1\frunza nesanatoasa\spectru\532.txt,532,532,1000.0,1010.0,1005.09,315.185,319.96,35.820001,28.0
in cutie\Set frunze 1\frunza nesanatoasa,leaf_sample,unhealthy,532.txt,in cutie\Set frunze 1\frunza nesanatoasa\spectru\532.txt,532,532,1010.0,1020.0,1015.031556,295.216296,294.75,27.882639,27.0
in cutie\Set frunze 1\frunza nesanatoasa,leaf_sample,unhealthy,532.txt,in cutie\Set frunze 1\frunza nesanatoasa\spectru\532.txt,532,532,1020.0,1030.0,1024.926857,304.2025,298.53,31.965737,28.0
in cutie\Set frunze 1\frunza nesanatoasa,leaf_sample,unhealthy,532.txt,in cutie\Set frunze 1\frunza nesanatoasa\spectru\532.txt,532,532,1030.0,1040.0,1032.275,320.342308,299.79,50.408397,13.0
in cutie\Set frunze 1\frunza nesanatoasa,leaf_sample,unhealthy,556.txt,in cutie\Set frunze 1\frunza nesanatoasa\spectru\556.txt,556,556,180.0,190.0,188.705167,-85.961667,-83.02,10.334225,6.0
in cutie\Set frunze 1\frunza nesanatoasa,leaf_sample,unhealthy,556.txt,in cutie\Set frunze 1\frunza nesanatoasa\spectru\556.txt,556,556,190.0,200.0,194.959762,47.808571,17.8,122.30724,21.0
in cutie\Set frunze 1\frunza nesanatoasa,leaf_sample,unhealthy,556.txt,in cutie\Set frunze 1\frunza nesanatoasa\spectru\556.txt,556,556,200.0,210.0,204.905818,297.814545,298.85,44.747405,22.0
in cutie\Set frunze 1\frunza nesanatoasa,leaf_sample,unhealthy,556.txt,in cutie\Set frunze 1\frunza nesanatoasa\spectru\556.txt,556,556,210.0,220.0,215.0625,290.825455,287.5,27.447288,22.0
in cutie\Set frunze 1\frunza nesanatoasa,leaf_sample,unhealthy,556.txt,in cutie\Set frunze 1\frunza nesanatoasa\spectru\556.txt,556,556,220.0,230.0,224.968333,271.778571,274.9,48.240979,21.0
in cutie\Set frunze 1\frunza nesanatoasa,leaf_sample,unhealthy,556.txt,in cutie\Set frunze 1\frunza nesanatoasa\spectru\556.txt,556,556,230.0,240.0,234.853682,286.587273,291.285,42.54213,22.0
in cutie\Set frunze 1\frunza nesanatoasa,leaf_sample,unhealthy,556.txt,in cutie\Set frunze 1\frunza nesanatoasa\spectru\556.txt,556,556,240.0,250.0,244.948455,301.938636,288.76,64.94696,22.0
in cutie\Set frunze 1\frunza nesanatoasa,leaf_sample,unhealthy,556.txt,in cutie\Set frunze 1\frunza nesanatoasa\spectru\556.txt,556,556,250.0,260.0,255.021727,310.073182,307.67,35.512032,22.0
in cutie\Set frunze 1\frunza nesanatoasa,leaf_sample,unhealthy,556.txt,in cutie\Set frunze 1\frunza nesanatoasa\spectru\556.txt,556,556,260.0,270.0,265.073818,294.607727,298.85,36.246083,22.0
in cutie\Set frunze 1\frunza nesanatoasa,leaf_sample,unhealthy,556.txt,in cutie\Set frunze 1\frunza nesanatoasa\spectru\556.txt,556,556,270.0,280.0,275.104455,302.627273,307.67,30.09389,22.0
in cutie\Set frunze 1\frunza nesanatoasa,leaf_sample,unhealthy,556.txt,in cutie\Set frunze 1\frunza nesanatoasa\spectru\556.txt,556,556,280.0,290.0,285.113545,309.157273,310.19,30.348347,22.0
in cutie\Set frunze 1\frunza nesanatoasa,leaf_sample,unhealthy,556.txt,in cutie\Set frunze 1\frunza nesanatoasa\spectru\556.txt,556,556,290.0,300.0,295.101045,311.219545,316.49,28.45321,22.0
in cutie\Set frunze 1\frunza nesanatoasa,leaf_sample,unhealthy,556.txt,in cutie\Set frunze 1\frunza nesanatoasa\spectru\556.txt,556,556,300.0,310.0,305.066727,305.261818,293.805,37.041406,22.0
in cutie\Set frunze 1\frunza nesanatoasa,leaf_sample,unhealthy,556.txt,in cutie\Set frunze 1\frunza nesanatoasa\spectru\556.txt,556,556,310.0,320.0,315.010682,312.709545,321.53,31.010008,22.0
in cutie\Set frunze 1\frunza nesanatoasa,leaf_sample,unhealthy,556.txt,in cutie\Set frunze 1\frunza nesanatoasa\spectru\556.txt,556,556,320.0,330.0,324.932818,315.687273,319.01,28.935885,22.0
in cutie\Set frunze 1\frunza nesanatoasa,leaf_sample,unhealthy,556.txt,in cutie\Set frunze 1\frunza nesanatoasa\spectru\556.txt,556,556,330.0,340.0,334.832955,317.865,322.79,40.246674,22.0
in cutie\Set frunze 1\frunza nesanatoasa,leaf_sample,unhealthy,556.txt,in cutie\Set frunze 1\frunza nesanatoasa\spectru\556.txt,556,556,340.0,350.0,344.935087,324.545217,312.71,46.963077,23.0
in cutie\Set frunze 1\frunza nesanatoasa,leaf_sample,unhealthy,556.txt,in cutie\Set frunze 1\frunza nesanatoasa\spectru\556.txt,556,556,350.0,360.0,355.014136,326.572273,313.97,35.064489,22.0
in cutie\Set frunze 1\frunza nesanatoasa,leaf_sample,unhealthy,556.txt,in cutie\Set frunze 1\frunza nesanatoasa\spectru\556.txt,556,556,360.0,370.0,365.069739,305.914348,302.63,31.573442,23.0
in cutie\Set frunze 1\frunza nesanatoasa,leaf_sample,unhealthy,556.txt,in cutie\Set frunze 1\frunza nesanatoasa\spectru\556.txt,556,556,370.0,380.0,375.102227,325.312273,317.75,36.114071,22.0
in cutie\Set frunze 1\frunza nesanatoasa,leaf_sample,unhealthy,556.txt,in cutie\Set frunze 1\frunza nesanatoasa\spectru\556.txt,556,556,380.0,390.0,385.110913,323.010435,322.79,33.832409,23.0
in cutie\Set frunze 1\frunza nesanatoasa,leaf_sample,unhealthy,556.txt,in cutie\Set frunze 1\frunza nesanatoasa\spectru\556.txt,556,556,390.0,400.0,395.096045,328.977727,321.53,48.738266,22.0
in cutie\Set frunze 1\frunza nesanatoasa,leaf_sample,unhealthy,556.txt,in cutie\Set frunze 1\frunza nesanatoasa\spectru\556.txt,556,556,400.0,410.0,405.057435,328.27087,325.31,34.252181,23.0
in cutie\Set frunze 1\frunza nesanatoasa,leaf_sample,unhealthy,556.txt,in cutie\Set frunze 1\frunza nesanatoasa\spectru\556.txt,556,556,410.0,420.0,414.995091,314.540909,313.97,46.602104,22.0
in cutie\Set frunze 1\frunza nesanatoasa,leaf_sample,unhealthy,556.txt,in cutie\Set frunze 1\frunza nesanatoasa\spectru\556.txt,556,556,420.0,430.0,424.908696,325.421304,322.79,30.892751,23.0
in cutie\Set frunze 1\frunza nesanatoasa,leaf_sample,unhealthy,556.txt,in cutie\Set frunze 1\frunza nesanatoasa\spectru\556.txt,556,556,430.0,440.0,435.01787,311.065217,315.23,31.670632,23.0
in cutie\Set frunze 1\frunza nesanatoasa,leaf_sample,unhealthy,556.txt,in cutie\Set frunze 1\frunza nesanatoasa\spectru\556.txt,556,556,440.0,450.0,445.101783,326.408261,320.27,23.171183,23.0
in cutie\Set frunze 1\frunza nesanatoasa,leaf_sample,unhealthy,556.txt,in cutie\Set frunze 1\frunza nesanatoasa\spectru\556.txt,556,556,450.0,460.0,455.160348,314.901304,315.23,28.52014,23.0
in cutie\Set frunze 1\frunza nesanatoasa,leaf_sample,unhealthy,556.txt,in cutie\Set frunze 1\frunza nesanatoasa\spectru\556.txt,556,556,460.0,470.0,465.193435,326.627391,325.31,31.777888,23.0
in cutie\Set frunze 1\frunza nesanatoasa,leaf_sample,unhealthy,556.txt,in cutie\Set frunze 1\frunza nesanatoasa\spectru\556.txt,556,556,470.0,480.0,475.201,320.927826,320.27,31.130882,23.0
in cutie\Set frunze 1\frunza nesanatoasa,leaf_sample,unhealthy,556.txt,in cutie\Set frunze 1\frunza nesanatoasa\spectru\556.txt,556,556,480.0,490.0,485.182913,319.833043,325.31,44.644623,23.0
in cutie\Set frunze 1\frunza nesanatoasa,leaf_sample,unhealthy,556.txt,in cutie\Set frunze 1\frunza nesanatoasa\spectru\556.txt,556,556,490.0,500.0,495.139043,304.051739,300.11,32.088762,23.0
in cutie\Set frunze 1\frunza nesanatoasa,leaf_sample,unhealthy,556.txt,in cutie\Set frunze 1\frunza nesanatoasa\spectru\556.txt,556,556,500.0,510.0,505.069348,319.284783,327.83,45.527086,23.0
in cutie\Set frunze 1\frunza nesanatoasa,leaf_sample,unhealthy,556.txt,in cutie\Set frunze 1\frunza nesanatoasa\spectru\556.txt,556,556,510.0,520.0,514.973652,327.175217,330.35,39.057248,23.0
in cutie\Set frunze 1\frunza nesanatoasa,leaf_sample,unhealthy,556.txt,in cutie\Set frunze 1\frunza nesanatoasa\spectru\556.txt,556,556,520.0,530.0,525.066167,319.850833,315.23,38.064529,24.0
in cutie\Set frunze 1\frunza nesanatoasa,leaf_sample,unhealthy,556.txt,in cutie\Set frunze 1\frunza nesanatoasa\spectru\556.txt,556,556,530.0,540.0,535.131478,377.806522,378.24,34.017288,23.0
in cutie\Set frunze 1\frunza nesanatoasa,leaf_sample,unhealthy,556.txt,in cutie\Set frunze 1\frunza nesanatoasa\spectru\556.txt,556,556,540.0,550.0,544.956,392.380435,380.76,41.555478,23.0
in cutie\Set frunze 1\frunza nesanatoasa,leaf_sample,unhealthy,556.txt,in cutie\Set frunze 1\frunza nesanatoasa\spectru\556.txt,556,556,550.0,560.0,554.966667,405.024583,400.93,26.821788,24.0
in cutie\Set frunze 1\frunza nesanatoasa,leaf_sample,unhealthy,556.txt,in cutie\Set frunze 1\frunza nesanatoasa\spectru\556.txt,556,556,560.0,570.0,564.949739,395.34087,390.85,49.554593,23.0
in cutie\Set frunze 1\frunza nesanatoasa,leaf_sample,unhealthy,556.txt,in cutie\Set frunze 1\frunza nesanatoasa\spectru\556.txt,556,556,570.0,580.0,574.905,319.852083,313.97,36.509524,24.0
in cutie\Set frunze 1\frunza nesanatoasa,leaf_sample,unhealthy,556.txt,in cutie\Set frunze 1\frunza nesanatoasa\spectru\556.txt,556,556,580.0,590.0,585.043208,308.5075,305.15,31.259382,24.0
in cutie\Set frunze 1\frunza nesanatoasa,leaf_sample,unhealthy,556.txt,in cutie\Set frunze 1\frunza nesanatoasa\spectru\556.txt,556,556,590.0,600.0,595.152042,319.325417,320.27,22.949196,24.0
in cutie\Set frunze 1\frunza nesanatoasa,leaf_sample,unhealthy,556.txt,in cutie\Set frunze 1\frunza nesanatoasa\spectru\556.txt,556,556,600.0,610.0,605.02213,315.558261,325.31,25.317935,23.0
in cutie\Set frunze 1\frunza nesanatoasa,leaf_sample,unhealthy,556.txt,in cutie\Set frunze 1\frunza nesanatoasa\spectru\556.txt,556,556,610.0,620.0,614.863458,319.220833,315.23,34.019656,24.0
in cutie\Set frunze 1\frunza nesanatoasa,leaf_sample,unhealthy,556.txt,in cutie\Set frunze 1\frunza nesanatoasa\spectru\556.txt,556,556,620.0,630.0,624.885125,312.91875,315.23,37.703608,24.0
in cutie\Set frunze 1\frunza nesanatoasa,leaf_sample,unhealthy,556.txt,in cutie\Set frunze 1\frunza nesanatoasa\spectru\556.txt,556,556,630.0,640.0,634.876917,320.27125,316.49,33.77747,24.0
in cutie\Set frunze 1\frunza nesanatoasa,leaf_sample,unhealthy,556.txt,in cutie\Set frunze 1\frunza nesanatoasa\spectru\556.txt,556,556,640.0,650.0,644.83875,323.00125,327.83,33.40697,24.0
in cutie\Set frunze 1\frunza nesanatoasa,leaf_sample,unhealthy,556.txt,in cutie\Set frunze 1\frunza nesanatoasa\spectru\556.txt,556,556,650.0,660.0,654.97728,326.4204,327.83,36.707586,25.0
in cutie\Set frunze 1\frunza nesanatoasa,leaf_sample,unhealthy,556.txt,in cutie\Set frunze 1\frunza nesanatoasa\spectru\556.txt,556,556,660.0,670.0,665.084458,323.525833,327.83,28.119552,24.0
in cutie\Set frunze 1\frunza nesanatoasa,leaf_sample,unhealthy,556.txt,in cutie\Set frunze 1\frunza nesanatoasa\spectru\556.txt,556,556,670.0,680.0,674.95475,315.23,320.27,35.363088,24.0
in cutie\Set frunze 1\frunza nesanatoasa,leaf_sample,unhealthy,556.txt,in cutie\Set frunze 1\frunza nesanatoasa\spectru\556.txt,556,556,680.0,690.0,684.9992,321.9832,322.79,34.12135,25.0
in cutie\Set frunze 1\frunza nesanatoasa,leaf_sample,unhealthy,556.txt,in cutie\Set frunze 1\frunza nesanatoasa\spectru\556.txt,556,556,690.0,700.0,695.012,319.64125,315.23,31.263505,24.0
in cutie\Set frunze 1\frunza nesanatoasa,leaf_sample,unhealthy,556.txt,in cutie\Set frunze 1\frunza nesanatoasa\spectru\556.txt,556,556,700.0,710.0,704.99268,321.4812,322.79,31.385483,25.0
in cutie\Set frunze 1\frunza nesanatoasa,leaf_sample,unhealthy,556.txt,in cutie\Set frunze 1\frunza nesanatoasa\spectru\556.txt,556,556,710.0,720.0,714.9415,313.02375,313.97,26.218187,24.0
in cutie\Set frunze 1\frunza nesanatoasa,leaf_sample,unhealthy,556.txt,in cutie\Set frunze 1\frunza nesanatoasa\spectru\556.txt,556,556,720.0,730.0,724.85784,305.4508,310.19,37.497218,25.0
in cutie\Set frunze 1\frunza nesanatoasa,leaf_sample,unhealthy,556.txt,in cutie\Set frunze 1\frunza nesanatoasa\spectru\556.txt,556,556,730.0,740.0,734.94336,325.412,325.31,32.447583,25.0
in cutie\Set frunze 1\frunza nesanatoasa,leaf_sample,unhealthy,556.txt,in cutie\Set frunze 1\frunza nesanatoasa\spectru\556.txt,556,556,740.0,750.0,744.99528,318.456,315.23,26.680124,25.0
in cutie\Set frunze 1\frunza nesanatoasa,leaf_sample,unhealthy,556.txt,in cutie\Set frunze 1\frunza nesanatoasa\spectru\556.txt,556,556,750.0,760.0,755.01288,319.3632,317.75,31.9374,25.0
in cutie\Set frunze 1\frunza nesanatoasa,leaf_sample,unhealthy,556.txt,in cutie\Set frunze 1\frunza nesanatoasa\spectru\556.txt,556,556,760.0,770.0,764.99664,317.7504,317.75,26.978296,25.0
in cutie\Set frunze 1\frunza nesanatoasa,leaf_sample,unhealthy,556.txt,in cutie\Set frunze 1\frunza nesanatoasa\spectru\556.txt,556,556,770.0,780.0,774.94604,310.0872,322.79,32.649685,25.0
in cutie\Set frunze 1\frunza nesanatoasa,leaf_sample,unhealthy,556.txt,in cutie\Set frunze 1\frunza nesanatoasa\spectru\556.txt,556,556,780.0,790.0,784.86132,319.7664,320.27,41.232163,25.0
in cutie\Set frunze 1\frunza nesanatoasa,leaf_sample,unhealthy,556.txt,in cutie\Set frunze 1\frunza nesanatoasa\spectru\556.txt,556,556,790.0,800.0,794.938962,322.111923,321.53,40.410736,26.0
in cutie\Set frunze 1\frunza nesanatoasa,leaf_sample,unhealthy,556.txt,in cutie\Set frunze 1\frunza nesanatoasa\spectru\556.txt,556,556,800.0,810.0,804.98072,310.2888,315.23,29.803219,25.0
in cutie\Set frunze 1\frunza nesanatoasa,leaf_sample,unhealthy,556.txt,in cutie\Set frunze 1\frunza nesanatoasa\spectru\556.txt,556,556,810.0,820.0,814.986231,324.439615,324.05,30.205821,26.0
in cutie\Set frunze 1\frunza nesanatoasa,leaf_sample,unhealthy,556.txt,in cutie\Set frunze 1\frunza nesanatoasa\spectru\556.txt,556,556,820.0,830.0,824.95548,315.028,317.75,35.717087,25.0
in cutie\Set frunze 1\frunza nesanatoasa,leaf_sample,unhealthy,556.txt,in cutie\Set frunze 1\frunza nesanatoasa\spectru\556.txt,556,556,830.0,840.0,834.888115,328.317308,325.31,32.460003,26.0
in cutie\Set frunze 1\frunza nesanatoasa,leaf_sample,unhealthy,556.txt,in cutie\Set frunze 1\frunza nesanatoasa\spectru\556.txt,556,556,840.0,850.0,844.977846,313.193462,311.45,34.241571,26.0
in cutie\Set frunze 1\frunza nesanatoasa,leaf_sample,unhealthy,556.txt,in cutie\Set frunze 1\frunza nesanatoasa\spectru\556.txt,556,556,850.0,860.0,855.029308,317.943846,322.79,31.535753,26.0
in cutie\Set frunze 1\frunza nesanatoasa,leaf_sample,unhealthy,556.txt,in cutie\Set frunze 1\frunza nesanatoasa\spectru\556.txt,556,556,860.0,870.0,865.042308,321.239231,325.31,31.528677,26.0
in cutie\Set frunze 1\frunza nesanatoasa,leaf_sample,unhealthy,556.txt,in cutie\Set frunze 1\frunza nesanatoasa\spectru\556.txt,556,556,870.0,880.0,875.016731,320.077308,313.97,35.932372,26.0
in cutie\Set frunze 1\frunza nesanatoasa,leaf_sample,unhealthy,556.txt,in cutie\Set frunze 1\frunza nesanatoasa\spectru\556.txt,556,556,880.0,890.0,884.952385,328.995769,331.61,35.06691,26.0
in cutie\Set frunze 1\frunza nesanatoasa,leaf_sample,unhealthy,556.txt,in cutie\Set frunze 1\frunza nesanatoasa\spectru\556.txt,556,556,890.0,900.0,895.039037,356.119259,322.79,158.831584,27.0
in cutie\Set frunze 1\frunza nesanatoasa,leaf_sample,unhealthy,556.txt,in cutie\Set frunze 1\frunza nesanatoasa\spectru\556.txt,556,556,900.0,910.0,905.085308,312.030769,313.97,33.016776,26.0
in cutie\Set frunze 1\frunza nesanatoasa,leaf_sample,unhealthy,556.txt,in cutie\Set frunze 1\frunza nesanatoasa\spectru\556.txt,556,556,910.0,920.0,915.090519,325.966296,327.83,33.046448,27.0
in cutie\Set frunze 1\frunza nesanatoasa,leaf_sample,unhealthy,556.txt,in cutie\Set frunze 1\frunza nesanatoasa\spectru\556.txt,556,556,920.0,930.0,925.055154,314.260769,312.71,33.548771,26.0
in cutie\Set frunze 1\frunza nesanatoasa,leaf_sample,unhealthy,556.txt,in cutie\Set frunze 1\frunza nesanatoasa\spectru\556.txt,556,556,930.0,940.0,934.97837,327.458889,317.75,53.88079,27.0
in cutie\Set frunze 1\frunza nesanatoasa,leaf_sample,unhealthy,556.txt,in cutie\Set frunze 1\frunza nesanatoasa\spectru\556.txt,556,556,940.0,950.0,945.046519,315.136296,320.27,32.456783,27.0
in cutie\Set frunze 1\frunza nesanatoasa,leaf_sample,unhealthy,556.txt,in cutie\Set frunze 1\frunza nesanatoasa\spectru\556.txt,556,556,950.0,960.0,955.071815,315.603333,315.23,27.846324,27.0
in cutie\Set frunze 1\frunza nesanatoasa,leaf_sample,unhealthy,556.txt,in cutie\Set frunze 1\frunza nesanatoasa\spectru\556.txt,556,556,960.0,970.0,965.053815,321.671852,317.75,33.130223,27.0
in cutie\Set frunze 1\frunza nesanatoasa,leaf_sample,unhealthy,556.txt,in cutie\Set frunze 1\frunza nesanatoasa\spectru\556.txt,556,556,970.0,980.0,974.992481,317.096667,325.31,30.087311,27.0
in cutie\Set frunze 1\frunza nesanatoasa,leaf_sample,unhealthy,556.txt,in cutie\Set frunze 1\frunza nesanatoasa\spectru\556.txt,556,556,980.0,990.0,984.887556,315.043333,310.19,29.111805,27.0
in cutie\Set frunze 1\frunza nesanatoasa,leaf_sample,unhealthy,556.txt,in cutie\Set frunze 1\frunza nesanatoasa\spectru\556.txt,556,556,990.0,1000.0,994.920964,325.670714,327.83,32.854938,28.0
in cutie\Set frunze 1\frunza nesanatoasa,leaf_sample,unhealthy,556.txt,in cutie\Set frunze 1\frunza nesanatoasa\spectru\556.txt,556,556,1000.0,1010.0,1005.09,321.531786,321.53,31.992451,28.0
in cutie\Set frunze 1\frunza nesanatoasa,leaf_sample,unhealthy,556.txt,in cutie\Set frunze 1\frunza nesanatoasa\spectru\556.txt,556,556,1010.0,1020.0,1015.031556,330.352963,332.87,30.978153,27.0
in cutie\Set frunze 1\frunza nesanatoasa,leaf_sample,unhealthy,556.txt,in cutie\Set frunze 1\frunza nesanatoasa\spectru\556.txt,556,556,1020.0,1030.0,1024.926857,312.799286,315.23,33.859851,28.0
in cutie\Set frunze 1\frunza nesanatoasa,leaf_sample,unhealthy,556.txt,in cutie\Set frunze 1\frunza nesanatoasa\spectru\556.txt,556,556,1030.0,1040.0,1032.275,315.230769,315.23,33.672442,13.0
in cutie\Set frunze 1\frunza nesanatoasa,leaf_sample,unhealthy,680.txt,in cutie\Set frunze 1\frunza nesanatoasa\spectru\680.txt,680,680,180.0,190.0,188.705167,-123.036667,-135.64,18.735955,6.0
in cutie\Set frunze 1\frunza nesanatoasa,leaf_sample,unhealthy,680.txt,in cutie\Set frunze 1\frunza nesanatoasa\spectru\680.txt,680,680,190.0,200.0,194.959762,37.501429,39.54,110.025503,21.0
in cutie\Set frunze 1\frunza nesanatoasa,leaf_sample,unhealthy,680.txt,in cutie\Set frunze 1\frunza nesanatoasa\spectru\680.txt,680,680,200.0,210.0,204.905818,295.494545,294.12,39.031935,22.0
in cutie\Set frunze 1\frunza nesanatoasa,leaf_sample,unhealthy,680.txt,in cutie\Set frunze 1\frunza nesanatoasa\spectru\680.txt,680,680,210.0,220.0,215.0625,282.433182,279.0,37.142094,22.0
in cutie\Set frunze 1\frunza nesanatoasa,leaf_sample,unhealthy,680.txt,in cutie\Set frunze 1\frunza nesanatoasa\spectru\680.txt,680,680,220.0,230.0,224.968333,257.751429,251.27,23.677447,21.0
in cutie\Set frunze 1\frunza nesanatoasa,leaf_sample,unhealthy,680.txt,in cutie\Set frunze 1\frunza nesanatoasa\spectru\680.txt,680,680,230.0,240.0,234.853682,276.132273,272.695,30.039458,22.0
in cutie\Set frunze 1\frunza nesanatoasa,leaf_sample,unhealthy,680.txt,in cutie\Set frunze 1\frunza nesanatoasa\spectru\680.txt,680,680,240.0,250.0,244.948455,306.607727,296.64,68.302819,22.0
in cutie\Set frunze 1\frunza nesanatoasa,leaf_sample,unhealthy,680.txt,in cutie\Set frunze 1\frunza nesanatoasa\spectru\680.txt,680,680,250.0,260.0,255.021727,275.558182,268.91,35.210227,22.0
in cutie\Set frunze 1\frunza nesanatoasa,leaf_sample,unhealthy,680.txt,in cutie\Set frunze 1\frunza nesanatoasa\spectru\680.txt,680,680,260.0,270.0,265.073818,277.392273,276.48,30.346885,22.0
in cutie\Set frunze 1\frunza nesanatoasa,leaf_sample,unhealthy,680.txt,in cutie\Set frunze 1\frunza nesanatoasa\spectru\680.txt,680,680,270.0,280.0,275.104455,285.985,282.78,32.511389,22.0
in cutie\Set frunze 1\frunza nesanatoasa,leaf_sample,unhealthy,680.txt,in cutie\Set frunze 1\frunza nesanatoasa\spectru\680.txt,680,680,280.0,290.0,285.113545,297.558182,294.12,27.836162,22.0
in cutie\Set frunze 1\frunza nesanatoasa,leaf_sample,unhealthy,680.txt,in cutie\Set frunze 1\frunza nesanatoasa\spectru\680.txt,680,680,290.0,300.0,295.101045,290.453182,296.64,33.470852,22.0
in cutie\Set frunze 1\frunza nesanatoasa,leaf_sample,unhealthy,680.txt,in cutie\Set frunze 1\frunza nesanatoasa\spectru\680.txt,680,680,300.0,310.0,305.066727,297.441364,297.9,34.320515,22.0
in cutie\Set frunze 1\frunza nesanatoasa,leaf_sample,unhealthy,680.txt,in cutie\Set frunze 1\frunza nesanatoasa\spectru\680.txt,680,680,310.0,320.0,315.010682,298.015,299.16,28.311691,22.0
in cutie\Set frunze 1\frunza nesanatoasa,leaf_sample,unhealthy,680.txt,in cutie\Set frunze 1\frunza nesanatoasa\spectru\680.txt,680,680,320.0,330.0,324.932818,288.277273,287.82,33.363935,22.0
in cutie\Set frunze 1\frunza nesanatoasa,leaf_sample,unhealthy,680.txt,in cutie\Set frunze 1\frunza nesanatoasa\spectru\680.txt,680,680,330.0,340.0,334.832955,288.276818,290.34,27.989493,22.0
in cutie\Set frunze 1\frunza nesanatoasa,leaf_sample,unhealthy,680.txt,in cutie\Set frunze 1\frunza nesanatoasa\spectru\680.txt,680,680,340.0,350.0,344.935087,327.653913,316.81,53.442181,23.0
in cutie\Set frunze 1\frunza nesanatoasa,leaf_sample,unhealthy,680.txt,in cutie\Set frunze 1\frunza nesanatoasa\spectru\680.txt,680,680,350.0,360.0,355.014136,310.389545,309.24,34.280692,22.0
in cutie\Set frunze 1\frunza nesanatoasa,leaf_sample,unhealthy,680.txt,in cutie\Set frunze 1\frunza nesanatoasa\spectru\680.txt,680,680,360.0,370.0,365.069739,312.64087,326.89,33.045709,23.0
in cutie\Set frunze 1\frunza nesanatoasa,leaf_sample,unhealthy,680.txt,in cutie\Set frunze 1\frunza nesanatoasa\spectru\680.txt,680,680,370.0,380.0,375.102227,305.577727,299.16,40.854259,22.0
in cutie\Set frunze 1\frunza nesanatoasa,leaf_sample,unhealthy,680.txt,in cutie\Set frunze 1\frunza nesanatoasa\spectru\680.txt,680,680,380.0,390.0,385.110913,315.270435,319.33,46.172183,23.0
in cutie\Set frunze 1\frunza nesanatoasa,leaf_sample,unhealthy,680.txt,in cutie\Set frunze 1\frunza nesanatoasa\spectru\680.txt,680,680,390.0,400.0,395.096045,293.432273,284.04,29.980193,22.0
in cutie\Set frunze 1\frunza nesanatoasa,leaf_sample,unhealthy,680.txt,in cutie\Set frunze 1\frunza nesanatoasa\spectru\680.txt,680,680,400.0,410.0,405.057435,293.682609,289.08,31.416383,23.0
in cutie\Set frunze 1\frunza nesanatoasa,leaf_sample,unhealthy,680.txt,in cutie\Set frunze 1\frunza nesanatoasa\spectru\680.txt,680,680,410.0,420.0,414.995091,301.911818,294.12,34.434498,22.0
in cutie\Set frunze 1\frunza nesanatoasa,leaf_sample,unhealthy,680.txt,in cutie\Set frunze 1\frunza nesanatoasa\spectru\680.txt,680,680,420.0,430.0,424.908696,295.106957,299.16,22.455483,23.0
in cutie\Set frunze 1\frunza nesanatoasa,leaf_sample,unhealthy,680.txt,in cutie\Set frunze 1\frunza nesanatoasa\spectru\680.txt,680,680,430.0,440.0,435.01787,311.434783,306.72,36.642593,23.0
in cutie\Set frunze 1\frunza nesanatoasa,leaf_sample,unhealthy,680.txt,in cutie\Set frunze 1\frunza nesanatoasa\spectru\680.txt,680,680,440.0,450.0,445.101783,312.859565,309.24,29.83116,23.0
in cutie\Set frunze 1\frunza nesanatoasa,leaf_sample,unhealthy,680.txt,in cutie\Set frunze 1\frunza nesanatoasa\spectru\680.txt,680,680,450.0,460.0,455.160348,303.325217,306.72,39.795166,23.0
in cutie\Set frunze 1\frunza nesanatoasa,leaf_sample,unhealthy,680.txt,in cutie\Set frunze 1\frunza nesanatoasa\spectru\680.txt,680,680,460.0,470.0,465.193435,296.858696,301.68,34.149888,23.0
in cutie\Set frunze 1\frunza nesanatoasa,leaf_sample,unhealthy,680.txt,in cutie\Set frunze 1\frunza nesanatoasa\spectru\680.txt,680,680,470.0,480.0,475.201,290.722609,296.64,37.235546,23.0
in cutie\Set frunze 1\frunza nesanatoasa,leaf_sample,unhealthy,680.txt,in cutie\Set frunze 1\frunza nesanatoasa\spectru\680.txt,680,680,480.0,490.0,485.182913,290.941739,294.12,26.636504,23.0
in cutie\Set frunze 1\frunza nesanatoasa,leaf_sample,unhealthy,680.txt,in cutie\Set frunze 1\frunza nesanatoasa\spectru\680.txt,680,680,490.0,500.0,495.139043,301.79087,301.68,31.000348,23.0
in cutie\Set frunze 1\frunza nesanatoasa,leaf_sample,unhealthy,680.txt,in cutie\Set frunze 1\frunza nesanatoasa\spectru\680.txt,680,680,500.0,510.0,505.069348,314.066087,294.12,59.965168,23.0
in cutie\Set frunze 1\frunza nesanatoasa,leaf_sample,unhealthy,680.txt,in cutie\Set frunze 1\frunza nesanatoasa\spectru\680.txt,680,680,510.0,520.0,514.973652,314.722174,314.28,30.939157,23.0
in cutie\Set frunze 1\frunza nesanatoasa,leaf_sample,unhealthy,680.txt,in cutie\Set frunze 1\frunza nesanatoasa\spectru\680.txt,680,680,520.0,530.0,525.066167,303.047083,297.9,26.113367,24.0
in cutie\Set frunze 1\frunza nesanatoasa,leaf_sample,unhealthy,680.txt,in cutie\Set frunze 1\frunza nesanatoasa\spectru\680.txt,680,680,530.0,540.0,535.131478,298.613043,296.64,38.508449,23.0
in cutie\Set frunze 1\frunza nesanatoasa,leaf_sample,unhealthy,680.txt,in cutie\Set frunze 1\frunza nesanatoasa\spectru\680.txt,680,680,540.0,550.0,544.956,294.887391,289.08,36.248819,23.0
in cutie\Set frunze 1\frunza nesanatoasa,leaf_sample,unhealthy,680.txt,in cutie\Set frunze 1\frunza nesanatoasa\spectru\680.txt,680,680,550.0,560.0,554.966667,312.60375,309.24,25.012974,24.0
in cutie\Set frunze 1\frunza nesanatoasa,leaf_sample,unhealthy,680.txt,in cutie\Set frunze 1\frunza nesanatoasa\spectru\680.txt,680,680,560.0,570.0,564.949739,289.956087,296.64,33.302852,23.0
in cutie\Set frunze 1\frunza nesanatoasa,leaf_sample,unhealthy,680.txt,in cutie\Set frunze 1\frunza nesanatoasa\spectru\680.txt,680,680,570.0,580.0,574.905,304.097083,300.42,31.494733,24.0
in cutie\Set frunze 1\frunza nesanatoasa,leaf_sample,unhealthy,680.txt,in cutie\Set frunze 1\frunza nesanatoasa\spectru\680.txt,680,680,580.0,590.0,585.043208,313.549167,313.02,44.572038,24.0
in cutie\Set frunze 1\frunza nesanatoasa,leaf_sample,unhealthy,680.txt,in cutie\Set frunze 1\frunza nesanatoasa\spectru\680.txt,680,680,590.0,600.0,595.152042,305.3575,296.64,30.896486,24.0
in cutie\Set frunze 1\frunza nesanatoasa,leaf_sample,unhealthy,680.txt,in cutie\Set frunze 1\frunza nesanatoasa\spectru\680.txt,680,680,600.0,610.0,605.02213,320.860435,319.33,28.572586,23.0
in cutie\Set frunze 1\frunza nesanatoasa,leaf_sample,unhealthy,680.txt,in cutie\Set frunze 1\frunza nesanatoasa\spectru\680.txt,680,680,610.0,620.0,614.863458,309.033333,305.46,37.921242,24.0
in cutie\Set frunze 1\frunza nesanatoasa,leaf_sample,unhealthy,680.txt,in cutie\Set frunze 1\frunza nesanatoasa\spectru\680.txt,680,680,620.0,630.0,624.885125,309.662917,302.94,33.539786,24.0
in cutie\Set frunze 1\frunza nesanatoasa,leaf_sample,unhealthy,680.txt,in cutie\Set frunze 1\frunza nesanatoasa\spectru\680.txt,680,680,630.0,640.0,634.876917,305.881667,307.98,30.773228,24.0
in cutie\Set frunze 1\frunza nesanatoasa,leaf_sample,unhealthy,680.txt,in cutie\Set frunze 1\frunza nesanatoasa\spectru\680.txt,680,680,640.0,650.0,644.83875,327.307083,328.15,32.028932,24.0
in cutie\Set frunze 1\frunza nesanatoasa,leaf_sample,unhealthy,680.txt,in cutie\Set frunze 1\frunza nesanatoasa\spectru\680.txt,680,680,650.0,660.0,654.97728,314.2856,306.72,43.14835,25.0
in cutie\Set frunze 1\frunza nesanatoasa,leaf_sample,unhealthy,680.txt,in cutie\Set frunze 1\frunza nesanatoasa\spectru\680.txt,680,680,660.0,670.0,665.084458,345.686667,355.87,42.725926,24.0
in cutie\Set frunze 1\frunza nesanatoasa,leaf_sample,unhealthy,680.txt,in cutie\Set frunze 1\frunza nesanatoasa\spectru\680.txt,680,680,670.0,680.0,674.95475,328.568333,325.63,25.794353,24.0
in cutie\Set frunze 1\frunza nesanatoasa,leaf_sample,unhealthy,680.txt,in cutie\Set frunze 1\frunza nesanatoasa\spectru\680.txt,680,680,680.0,690.0,684.9992,355.7216,359.65,33.568939,25.0
in cutie\Set frunze 1\frunza nesanatoasa,leaf_sample,unhealthy,680.txt,in cutie\Set frunze 1\frunza nesanatoasa\spectru\680.txt,680,680,690.0,700.0,695.012,384.860833,383.6,30.904947,24.0
in cutie\Set frunze 1\frunza nesanatoasa,leaf_sample,unhealthy,680.txt,in cutie\Set frunze 1\frunza nesanatoasa\spectru\680.txt,680,680,700.0,710.0,704.99268,336.1636,329.41,42.04856,25.0
in cutie\Set frunze 1\frunza nesanatoasa,leaf_sample,unhealthy,680.txt,in cutie\Set frunze 1\frunza nesanatoasa\spectru\680.txt,680,680,710.0,720.0,714.9415,320.480833,319.33,27.068494,24.0
in cutie\Set frunze 1\frunza nesanatoasa,leaf_sample,unhealthy,680.txt,in cutie\Set frunze 1\frunza nesanatoasa\spectru\680.txt,680,680,720.0,730.0,724.85784,313.8812,314.28,28.363447,25.0
in cutie\Set frunze 1\frunza nesanatoasa,leaf_sample,unhealthy,680.txt,in cutie\Set frunze 1\frunza nesanatoasa\spectru\680.txt,680,680,730.0,740.0,734.94336,310.2524,316.81,27.730493,25.0
in cutie\Set frunze 1\frunza nesanatoasa,leaf_sample,unhealthy,680.txt,in cutie\Set frunze 1\frunza nesanatoasa\spectru\680.txt,680,680,740.0,750.0,744.99528,314.0812,314.28,40.423204,25.0
in cutie\Set frunze 1\frunza nesanatoasa,leaf_sample,unhealthy,680.txt,in cutie\Set frunze 1\frunza nesanatoasa\spectru\680.txt,680,680,750.0,760.0,755.01288,307.8316,306.72,24.983433,25.0
in cutie\Set frunze 1\frunza nesanatoasa,leaf_sample,unhealthy,680.txt,in cutie\Set frunze 1\frunza nesanatoasa\spectru\680.txt,680,680,760.0,770.0,764.99664,317.1084,321.85,41.889645,25.0
in cutie\Set frunze 1\frunza nesanatoasa,leaf_sample,unhealthy,680.txt,in cutie\Set frunze 1\frunza nesanatoasa\spectru\680.txt,680,680,770.0,780.0,774.94604,301.9848,301.68,34.103792,25.0
in cutie\Set frunze 1\frunza nesanatoasa,leaf_sample,unhealthy,680.txt,in cutie\Set frunze 1\frunza nesanatoasa\spectru\680.txt,680,680,780.0,790.0,784.86132,311.2592,309.24,29.333157,25.0
in cutie\Set frunze 1\frunza nesanatoasa,leaf_sample,unhealthy,680.txt,in cutie\Set frunze 1\frunza nesanatoasa\spectru\680.txt,680,680,790.0,800.0,794.938962,308.467692,309.24,29.268277,26.0
in cutie\Set frunze 1\frunza nesanatoasa,leaf_sample,unhealthy,680.txt,in cutie\Set frunze 1\frunza nesanatoasa\spectru\680.txt,680,680,800.0,810.0,804.98072,298.3544,299.16,30.436598,25.0
in cutie\Set frunze 1\frunza nesanatoasa,leaf_sample,unhealthy,680.txt,in cutie\Set frunze 1\frunza nesanatoasa\spectru\680.txt,680,680,810.0,820.0,814.986231,309.631538,311.76,31.704443,26.0
in cutie\Set frunze 1\frunza nesanatoasa,leaf_sample,unhealthy,680.txt,in cutie\Set frunze 1\frunza nesanatoasa\spectru\680.txt,680,680,820.0,830.0,824.95548,323.2572,326.89,33.416975,25.0
in cutie\Set frunze 1\frunza nesanatoasa,leaf_sample,unhealthy,680.txt,in cutie\Set frunze 1\frunza nesanatoasa\spectru\680.txt,680,680,830.0,840.0,834.888115,315.932692,316.81,32.968126,26.0
in cutie\Set frunze 1\frunza nesanatoasa,leaf_sample,unhealthy,680.txt,in cutie\Set frunze 1\frunza nesanatoasa\spectru\680.txt,680,680,840.0,850.0,844.977846,299.258846,299.16,31.017411,26.0
in cutie\Set frunze 1\frunza nesanatoasa,leaf_sample,unhealthy,680.txt,in cutie\Set frunze 1\frunza nesanatoasa\spectru\680.txt,680,680,850.0,860.0,855.029308,306.431538,307.98,38.510531,26.0
in cutie\Set frunze 1\frunza nesanatoasa,leaf_sample,unhealthy,680.txt,in cutie\Set frunze 1\frunza nesanatoasa\spectru\680.txt,680,680,860.0,870.0,865.042308,304.978077,296.64,32.344697,26.0
in cutie\Set frunze 1\frunza nesanatoasa,leaf_sample,unhealthy,680.txt,in cutie\Set frunze 1\frunza nesanatoasa\spectru\680.txt,680,680,870.0,880.0,875.016731,312.733846,313.02,33.803838,26.0
in cutie\Set frunze 1\frunza nesanatoasa,leaf_sample,unhealthy,680.txt,in cutie\Set frunze 1\frunza nesanatoasa\spectru\680.txt,680,680,880.0,890.0,884.952385,305.462308,306.72,38.437976,26.0
in cutie\Set frunze 1\frunza nesanatoasa,leaf_sample,unhealthy,680.txt,in cutie\Set frunze 1\frunza nesanatoasa\spectru\680.txt,680,680,890.0,900.0,895.039037,336.222222,301.68,168.538699,27.0
in cutie\Set frunze 1\frunza nesanatoasa,leaf_sample,unhealthy,680.txt,in cutie\Set frunze 1\frunza nesanatoasa\spectru\680.txt,680,680,900.0,910.0,905.085308,303.620769,304.2,45.683334,26.0
in cutie\Set frunze 1\frunza nesanatoasa,leaf_sample,unhealthy,680.txt,in cutie\Set frunze 1\frunza nesanatoasa\spectru\680.txt,680,680,910.0,920.0,915.090519,309.803333,306.72,41.419613,27.0
in cutie\Set frunze 1\frunza nesanatoasa,leaf_sample,unhealthy,680.txt,in cutie\Set frunze 1\frunza nesanatoasa\spectru\680.txt,680,680,920.0,930.0,925.055154,300.226923,299.16,33.404077,26.0
in cutie\Set frunze 1\frunza nesanatoasa,leaf_sample,unhealthy,680.txt,in cutie\Set frunze 1\frunza nesanatoasa\spectru\680.txt,680,680,930.0,940.0,934.97837,322.686296,316.81,63.198952,27.0
in cutie\Set frunze 1\frunza nesanatoasa,leaf_sample,unhealthy,680.txt,in cutie\Set frunze 1\frunza nesanatoasa\spectru\680.txt,680,680,940.0,950.0,945.046519,303.82963,301.68,35.657545,27.0
in cutie\Set frunze 1\frunza nesanatoasa,leaf_sample,unhealthy,680.txt,in cutie\Set frunze 1\frunza nesanatoasa\spectru\680.txt,680,680,950.0,960.0,955.071815,296.453704,296.64,29.007103,27.0
in cutie\Set frunze 1\frunza nesanatoasa,leaf_sample,unhealthy,680.txt,in cutie\Set frunze 1\frunza nesanatoasa\spectru\680.txt,680,680,960.0,970.0,965.053815,311.576667,311.76,39.167964,27.0
in cutie\Set frunze 1\frunza nesanatoasa,leaf_sample,unhealthy,680.txt,in cutie\Set frunze 1\frunza nesanatoasa\spectru\680.txt,680,680,970.0,980.0,974.992481,314.844074,311.76,35.911091,27.0
in cutie\Set frunze 1\frunza nesanatoasa,leaf_sample,unhealthy,680.txt,in cutie\Set frunze 1\frunza nesanatoasa\spectru\680.txt,680,680,980.0,990.0,984.887556,302.521111,291.6,35.546455,27.0
in cutie\Set frunze 1\frunza nesanatoasa,leaf_sample,unhealthy,680.txt,in cutie\Set frunze 1\frunza nesanatoasa\spectru\680.txt,680,680,990.0,1000.0,994.920964,296.73,291.6,28.585468,28.0
in cutie\Set frunze 1\frunza nesanatoasa,leaf_sample,unhealthy,680.txt,in cutie\Set frunze 1\frunza nesanatoasa\spectru\680.txt,680,680,1000.0,1010.0,1005.09,312.303929,313.025,36.924789,28.0
in cutie\Set frunze 1\frunza nesanatoasa,leaf_sample,unhealthy,680.txt,in cutie\Set frunze 1\frunza nesanatoasa\spectru\680.txt,680,680,1010.0,1020.0,1015.031556,294.492222,289.08,31.976874,27.0
in cutie\Set frunze 1\frunza nesanatoasa,leaf_sample,unhealthy,680.txt,in cutie\Set frunze 1\frunza nesanatoasa\spectru\680.txt,680,680,1020.0,1030.0,1024.926857,288.899286,295.38,38.679597,28.0
in cutie\Set frunze 1\frunza nesanatoasa,leaf_sample,unhealthy,680.txt,in cutie\Set frunze 1\frunza nesanatoasa\spectru\680.txt,680,680,1030.0,1040.0,1032.275,309.049231,314.28,18.456344,13.0
in cutie\Set frunze 1\frunza nesanatoasa,leaf_sample,unhealthy,725.txt,in cutie\Set frunze 1\frunza nesanatoasa\spectru\725.txt,725,725,180.0,190.0,188.705167,-131.49,-134.85,38.904746,6.0
in cutie\Set frunze 1\frunza nesanatoasa,leaf_sample,unhealthy,725.txt,in cutie\Set frunze 1\frunza nesanatoasa\spectru\725.txt,725,725,190.0,200.0,194.959762,47.590476,61.75,117.342973,21.0
in cutie\Set frunze 1\frunza nesanatoasa,leaf_sample,unhealthy,725.txt,in cutie\Set frunze 1\frunza nesanatoasa\spectru\725.txt,725,725,200.0,210.0,204.905818,309.573636,316.33,35.697629,22.0
in cutie\Set frunze 1\frunza nesanatoasa,leaf_sample,unhealthy,725.txt,in cutie\Set frunze 1\frunza nesanatoasa\spectru\725.txt,725,725,210.0,220.0,215.0625,300.98,302.47,30.284245,22.0
in cutie\Set frunze 1\frunza nesanatoasa,leaf_sample,unhealthy,725.txt,in cutie\Set frunze 1\frunza nesanatoasa\spectru\725.txt,725,725,220.0,230.0,224.968333,286.685238,278.52,36.567573,21.0
in cutie\Set frunze 1\frunza nesanatoasa,leaf_sample,unhealthy,725.txt,in cutie\Set frunze 1\frunza nesanatoasa\spectru\725.txt,725,725,230.0,240.0,234.853682,307.509545,310.03,33.823558,22.0
in cutie\Set frunze 1\frunza nesanatoasa,leaf_sample,unhealthy,725.txt,in cutie\Set frunze 1\frunza nesanatoasa\spectru\725.txt,725,725,240.0,250.0,244.948455,322.748636,312.55,56.005738,22.0
in cutie\Set frunze 1\frunza nesanatoasa,leaf_sample,unhealthy,725.txt,in cutie\Set frunze 1\frunza nesanatoasa\spectru\725.txt,725,725,250.0,260.0,255.021727,281.502273,278.52,37.798175,22.0
in cutie\Set frunze 1\frunza nesanatoasa,leaf_sample,unhealthy,725.txt,in cutie\Set frunze 1\frunza nesanatoasa\spectru\725.txt,725,725,260.0,270.0,265.073818,295.595455,289.87,29.028021,22.0
in cutie\Set frunze 1\frunza nesanatoasa,leaf_sample,unhealthy,725.txt,in cutie\Set frunze 1\frunza nesanatoasa\spectru\725.txt,725,725,270.0,280.0,275.104455,307.396364,303.73,34.433228,22.0
in cutie\Set frunze 1\frunza nesanatoasa,leaf_sample,unhealthy,725.txt,in cutie\Set frunze 1\frunza nesanatoasa\spectru\725.txt,725,725,280.0,290.0,285.113545,302.240455,302.47,33.68643,22.0
in cutie\Set frunze 1\frunza nesanatoasa,leaf_sample,unhealthy,725.txt,in cutie\Set frunze 1\frunza nesanatoasa\spectru\725.txt,725,725,290.0,300.0,295.101045,295.023182,302.47,33.917014,22.0
in cutie\Set frunze 1\frunza nesanatoasa,leaf_sample,unhealthy,725.txt,in cutie\Set frunze 1\frunza nesanatoasa\spectru\725.txt,725,725,300.0,310.0,305.066727,313.467727,311.29,33.260681,22.0
in cutie\Set frunze 1\frunza nesanatoasa,leaf_sample,unhealthy,725.txt,in cutie\Set frunze 1\frunza nesanatoasa\spectru\725.txt,725,725,310.0,320.0,315.010682,303.500909,308.77,36.989961,22.0
in cutie\Set frunze 1\frunza nesanatoasa,leaf_sample,unhealthy,725.txt,in cutie\Set frunze 1\frunza nesanatoasa\spectru\725.txt,725,725,320.0,330.0,324.932818,313.812273,323.89,45.300391,22.0
in cutie\Set frunze 1\frunza nesanatoasa,leaf_sample,unhealthy,725.txt,in cutie\Set frunze 1\frunza nesanatoasa\spectru\725.txt,725,725,330.0,340.0,334.832955,333.862273,331.46,32.185166,22.0
in cutie\Set frunze 1\frunza nesanatoasa,leaf_sample,unhealthy,725.txt,in cutie\Set frunze 1\frunza nesanatoasa\spectru\725.txt,725,725,340.0,350.0,344.935087,318.195652,313.81,46.920959,23.0
in cutie\Set frunze 1\frunza nesanatoasa,leaf_sample,unhealthy,725.txt,in cutie\Set frunze 1\frunza nesanatoasa\spectru\725.txt,725,725,350.0,360.0,355.014136,318.280455,323.89,40.349235,22.0
in cutie\Set frunze 1\frunza nesanatoasa,leaf_sample,unhealthy,725.txt,in cutie\Set frunze 1\frunza nesanatoasa\spectru\725.txt,725,725,360.0,370.0,365.069739,326.853043,328.94,22.331155,23.0
in cutie\Set frunze 1\frunza nesanatoasa,leaf_sample,unhealthy,725.txt,in cutie\Set frunze 1\frunza nesanatoasa\spectru\725.txt,725,725,370.0,380.0,375.102227,311.864091,308.77,30.455187,22.0
in cutie\Set frunze 1\frunza nesanatoasa,leaf_sample,unhealthy,725.txt,in cutie\Set frunze 1\frunza nesanatoasa\spectru\725.txt,725,725,380.0,390.0,385.110913,334.415652,318.85,39.405872,23.0
in cutie\Set frunze 1\frunza nesanatoasa,leaf_sample,unhealthy,725.txt,in cutie\Set frunze 1\frunza nesanatoasa\spectru\725.txt,725,725,390.0,400.0,395.096045,329.851818,326.415,46.542396,22.0
in cutie\Set frunze 1\frunza nesanatoasa,leaf_sample,unhealthy,725.txt,in cutie\Set frunze 1\frunza nesanatoasa\spectru\725.txt,725,725,400.0,410.0,405.057435,327.073478,331.46,33.785655,23.0
in cutie\Set frunze 1\frunza nesanatoasa,leaf_sample,unhealthy,725.txt,in cutie\Set frunze 1\frunza nesanatoasa\spectru\725.txt,725,725,410.0,420.0,414.995091,328.247273,326.415,44.815178,22.0
in cutie\Set frunze 1\frunza nesanatoasa,leaf_sample,unhealthy,725.txt,in cutie\Set frunze 1\frunza nesanatoasa\spectru\725.txt,725,725,420.0,430.0,424.908696,312.606522,316.33,28.225008,23.0
in cutie\Set frunze 1\frunza nesanatoasa,leaf_sample,unhealthy,725.txt,in cutie\Set frunze 1\frunza nesanatoasa\spectru\725.txt,725,725,430.0,440.0,435.01787,320.386957,321.37,32.785743,23.0
in cutie\Set frunze 1\frunza nesanatoasa,leaf_sample,unhealthy,725.txt,in cutie\Set frunze 1\frunza nesanatoasa\spectru\725.txt,725,725,440.0,450.0,445.101783,325.647391,326.41,34.10534,23.0
in cutie\Set frunze 1\frunza nesanatoasa,leaf_sample,unhealthy,725.txt,in cutie\Set frunze 1\frunza nesanatoasa\spectru\725.txt,725,725,450.0,460.0,455.160348,320.277826,318.85,23.42013,23.0
in cutie\Set frunze 1\frunza nesanatoasa,leaf_sample,unhealthy,725.txt,in cutie\Set frunze 1\frunza nesanatoasa\spectru\725.txt,725,725,460.0,470.0,465.193435,318.743478,321.37,45.652028,23.0
in cutie\Set frunze 1\frunza nesanatoasa,leaf_sample,unhealthy,725.txt,in cutie\Set frunze 1\frunza nesanatoasa\spectru\725.txt,725,725,470.0,480.0,475.201,319.73,318.85,36.713476,23.0
in cutie\Set frunze 1\frunza nesanatoasa,leaf_sample,unhealthy,725.txt,in cutie\Set frunze 1\frunza nesanatoasa\spectru\725.txt,725,725,480.0,490.0,485.182913,316.113478,316.33,25.853425,23.0
in cutie\Set frunze 1\frunza nesanatoasa,leaf_sample,unhealthy,725.txt,in cutie\Set frunze 1\frunza nesanatoasa\spectru\725.txt,725,725,490.0,500.0,495.139043,326.303913,323.89,35.048555,23.0
in cutie\Set frunze 1\frunza nesanatoasa,leaf_sample,unhealthy,725.txt,in cutie\Set frunze 1\frunza nesanatoasa\spectru\725.txt,725,725,500.0,510.0,505.069348,329.702174,318.85,47.631276,23.0
in cutie\Set frunze 1\frunza nesanatoasa,leaf_sample,unhealthy,725.txt,in cutie\Set frunze 1\frunza nesanatoasa\spectru\725.txt,725,725,510.0,520.0,514.973652,320.277391,316.33,24.094546,23.0
in cutie\Set frunze 1\frunza nesanatoasa,leaf_sample,unhealthy,725.txt,in cutie\Set frunze 1\frunza nesanatoasa\spectru\725.txt,725,725,520.0,530.0,525.066167,326.730417,333.98,50.129654,24.0
in cutie\Set frunze 1\frunza nesanatoasa,leaf_sample,unhealthy,725.txt,in cutie\Set frunze 1\frunza nesanatoasa\spectru\725.txt,725,725,530.0,540.0,535.131478,323.017826,318.85,35.363377,23.0
in cutie\Set frunze 1\frunza nesanatoasa,leaf_sample,unhealthy,725.txt,in cutie\Set frunze 1\frunza nesanatoasa\spectru\725.txt,725,725,540.0,550.0,544.956,331.455652,331.46,34.41556,23.0
in cutie\Set frunze 1\frunza nesanatoasa,leaf_sample,unhealthy,725.txt,in cutie\Set frunze 1\frunza nesanatoasa\spectru\725.txt,725,725,550.0,560.0,554.966667,316.2275,317.59,34.234142,24.0
in cutie\Set frunze 1\frunza nesanatoasa,leaf_sample,unhealthy,725.txt,in cutie\Set frunze 1\frunza nesanatoasa\spectru\725.txt,725,725,560.0,570.0,564.949739,314.03087,313.81,29.971042,23.0
in cutie\Set frunze 1\frunza nesanatoasa,leaf_sample,unhealthy,725.txt,in cutie\Set frunze 1\frunza nesanatoasa\spectru\725.txt,725,725,570.0,580.0,574.905,310.660833,315.07,28.220725,24.0
in cutie\Set frunze 1\frunza nesanatoasa,leaf_sample,unhealthy,725.txt,in cutie\Set frunze 1\frunza nesanatoasa\spectru\725.txt,725,725,580.0,590.0,585.043208,320.64,331.46,30.373188,24.0
in cutie\Set frunze 1\frunza nesanatoasa,leaf_sample,unhealthy,725.txt,in cutie\Set frunze 1\frunza nesanatoasa\spectru\725.txt,725,725,590.0,600.0,595.152042,326.94,318.85,29.673382,24.0
in cutie\Set frunze 1\frunza nesanatoasa,leaf_sample,unhealthy,725.txt,in cutie\Set frunze 1\frunza nesanatoasa\spectru\725.txt,725,725,600.0,610.0,605.02213,325.538261,318.85,32.50598,23.0
in cutie\Set frunze 1\frunza nesanatoasa,leaf_sample,unhealthy,725.txt,in cutie\Set frunze 1\frunza nesanatoasa\spectru\725.txt,725,725,610.0,620.0,614.863458,316.752917,322.63,35.990286,24.0
in cutie\Set frunze 1\frunza nesanatoasa,leaf_sample,unhealthy,725.txt,in cutie\Set frunze 1\frunza nesanatoasa\spectru\725.txt,725,725,620.0,630.0,624.885125,316.963333,320.11,39.562654,24.0
in cutie\Set frunze 1\frunza nesanatoasa,leaf_sample,unhealthy,725.txt,in cutie\Set frunze 1\frunza nesanatoasa\spectru\725.txt,725,725,630.0,640.0,634.876917,316.332083,318.85,45.282435,24.0
in cutie\Set frunze 1\frunza nesanatoasa,leaf_sample,unhealthy,725.txt,in cutie\Set frunze 1\frunza nesanatoasa\spectru\725.txt,725,725,640.0,650.0,644.83875,324.942917,326.41,29.991938,24.0
in cutie\Set frunze 1\frunza nesanatoasa,leaf_sample,unhealthy,725.txt,in cutie\Set frunze 1\frunza nesanatoasa\spectru\725.txt,725,725,650.0,660.0,654.97728,332.5652,331.46,36.666448,25.0
in cutie\Set frunze 1\frunza nesanatoasa,leaf_sample,unhealthy,725.txt,in cutie\Set frunze 1\frunza nesanatoasa\spectru\725.txt,725,725,660.0,670.0,665.084458,321.478333,313.81,28.752931,24.0
in cutie\Set frunze 1\frunza nesanatoasa,leaf_sample,unhealthy,725.txt,in cutie\Set frunze 1\frunza nesanatoasa\spectru\725.txt,725,725,670.0,680.0,674.95475,311.396667,312.55,31.11436,24.0
in cutie\Set frunze 1\frunza nesanatoasa,leaf_sample,unhealthy,725.txt,in cutie\Set frunze 1\frunza nesanatoasa\spectru\725.txt,725,725,680.0,690.0,684.9992,344.9652,346.58,30.770205,25.0
in cutie\Set frunze 1\frunza nesanatoasa,leaf_sample,unhealthy,725.txt,in cutie\Set frunze 1\frunza nesanatoasa\spectru\725.txt,725,725,690.0,700.0,695.012,331.560833,336.5,40.893171,24.0
in cutie\Set frunze 1\frunza nesanatoasa,leaf_sample,unhealthy,725.txt,in cutie\Set frunze 1\frunza nesanatoasa\spectru\725.txt,725,725,700.0,710.0,704.99268,437.4216,447.4,39.414403,25.0
in cutie\Set frunze 1\frunza nesanatoasa,leaf_sample,unhealthy,725.txt,in cutie\Set frunze 1\frunza nesanatoasa\spectru\725.txt,725,725,710.0,720.0,714.9415,502.644583,496.55,33.965232,24.0
in cutie\Set frunze 1\frunza nesanatoasa,leaf_sample,unhealthy,725.txt,in cutie\Set frunze 1\frunza nesanatoasa\spectru\725.txt,725,725,720.0,730.0,724.85784,552.6624,553.27,32.035777,25.0
in cutie\Set frunze 1\frunza nesanatoasa,leaf_sample,unhealthy,725.txt,in cutie\Set frunze 1\frunza nesanatoasa\spectru\725.txt,725,725,730.0,740.0,734.94336,497.31,490.25,57.887713,25.0
in cutie\Set frunze 1\frunza nesanatoasa,leaf_sample,unhealthy,725.txt,in cutie\Set frunze 1\frunza nesanatoasa\spectru\725.txt,725,725,740.0,750.0,744.99528,364.526,371.79,36.896061,25.0
in cutie\Set frunze 1\frunza nesanatoasa,leaf_sample,unhealthy,725.txt,in cutie\Set frunze 1\frunza nesanatoasa\spectru\725.txt,725,725,750.0,760.0,755.01288,327.4236,333.98,36.901083,25.0
in cutie\Set frunze 1\frunza nesanatoasa,leaf_sample,unhealthy,725.txt,in cutie\Set frunze 1\frunza nesanatoasa\spectru\725.txt,725,725,760.0,770.0,764.99664,332.7664,323.89,42.525587,25.0
in cutie\Set frunze 1\frunza nesanatoasa,leaf_sample,unhealthy,725.txt,in cutie\Set frunze 1\frunza nesanatoasa\spectru\725.txt,725,725,770.0,780.0,774.94604,317.8448,313.81,29.636234,25.0
in cutie\Set frunze 1\frunza nesanatoasa,leaf_sample,unhealthy,725.txt,in cutie\Set frunze 1\frunza nesanatoasa\spectru\725.txt,725,725,780.0,790.0,784.86132,325.2052,331.46,33.249786,25.0
in cutie\Set frunze 1\frunza nesanatoasa,leaf_sample,unhealthy,725.txt,in cutie\Set frunze 1\frunza nesanatoasa\spectru\725.txt,725,725,790.0,800.0,794.938962,322.828077,323.89,37.013676,26.0
in cutie\Set frunze 1\frunza nesanatoasa,leaf_sample,unhealthy,725.txt,in cutie\Set frunze 1\frunza nesanatoasa\spectru\725.txt,725,725,800.0,810.0,804.98072,327.524,326.41,40.399159,25.0
in cutie\Set frunze 1\frunza nesanatoasa,leaf_sample,unhealthy,725.txt,in cutie\Set frunze 1\frunza nesanatoasa\spectru\725.txt,725,725,810.0,820.0,814.986231,336.594231,339.02,27.241266,26.0
in cutie\Set frunze 1\frunza nesanatoasa,leaf_sample,unhealthy,725.txt,in cutie\Set frunze 1\frunza nesanatoasa\spectru\725.txt,725,725,820.0,830.0,824.95548,321.576,316.33,33.561218,25.0
in cutie\Set frunze 1\frunza nesanatoasa,leaf_sample,unhealthy,725.txt,in cutie\Set frunze 1\frunza nesanatoasa\spectru\725.txt,725,725,830.0,840.0,834.888115,327.190385,317.59,30.81221,26.0
in cutie\Set frunze 1\frunza nesanatoasa,leaf_sample,unhealthy,725.txt,in cutie\Set frunze 1\frunza nesanatoasa\spectru\725.txt,725,725,840.0,850.0,844.977846,334.655385,340.28,26.310888,26.0
in cutie\Set frunze 1\frunza nesanatoasa,leaf_sample,unhealthy,725.txt,in cutie\Set frunze 1\frunza nesanatoasa\spectru\725.txt,725,725,850.0,860.0,855.029308,310.903846,320.11,32.832881,26.0
in cutie\Set frunze 1\frunza nesanatoasa,leaf_sample,unhealthy,725.txt,in cutie\Set frunze 1\frunza nesanatoasa\spectru\725.txt,725,725,860.0,870.0,865.042308,327.675,328.935,36.056605,26.0
in cutie\Set frunze 1\frunza nesanatoasa,leaf_sample,unhealthy,725.txt,in cutie\Set frunze 1\frunza nesanatoasa\spectru\725.txt,725,725,870.0,880.0,875.016731,321.47,310.03,38.838925,26.0
in cutie\Set frunze 1\frunza nesanatoasa,leaf_sample,unhealthy,725.txt,in cutie\Set frunze 1\frunza nesanatoasa\spectru\725.txt,725,725,880.0,890.0,884.952385,323.7,326.41,29.692199,26.0
in cutie\Set frunze 1\frunza nesanatoasa,leaf_sample,unhealthy,725.txt,in cutie\Set frunze 1\frunza nesanatoasa\spectru\725.txt,725,725,890.0,900.0,895.039037,360.20963,321.37,172.350238,27.0
in cutie\Set frunze 1\frunza nesanatoasa,leaf_sample,unhealthy,725.txt,in cutie\Set frunze 1\frunza nesanatoasa\spectru\725.txt,725,725,900.0,910.0,905.085308,325.833462,330.2,35.407533,26.0
in cutie\Set frunze 1\frunza nesanatoasa,leaf_sample,unhealthy,725.txt,in cutie\Set frunze 1\frunza nesanatoasa\spectru\725.txt,725,725,910.0,920.0,915.090519,323.521481,328.94,37.678652,27.0
in cutie\Set frunze 1\frunza nesanatoasa,leaf_sample,unhealthy,725.txt,in cutie\Set frunze 1\frunza nesanatoasa\spectru\725.txt,725,725,920.0,930.0,925.055154,333.491154,325.15,34.113313,26.0
in cutie\Set frunze 1\frunza nesanatoasa,leaf_sample,unhealthy,725.txt,in cutie\Set frunze 1\frunza nesanatoasa\spectru\725.txt,725,725,930.0,940.0,934.97837,326.601481,321.37,55.128205,27.0
in cutie\Set frunze 1\frunza nesanatoasa,leaf_sample,unhealthy,725.txt,in cutie\Set frunze 1\frunza nesanatoasa\spectru\725.txt,725,725,940.0,950.0,945.046519,315.492963,316.33,36.590647,27.0
in cutie\Set frunze 1\frunza nesanatoasa,leaf_sample,unhealthy,725.txt,in cutie\Set frunze 1\frunza nesanatoasa\spectru\725.txt,725,725,950.0,960.0,955.071815,327.908519,333.98,43.96463,27.0
in cutie\Set frunze 1\frunza nesanatoasa,leaf_sample,unhealthy,725.txt,in cutie\Set frunze 1\frunza nesanatoasa\spectru\725.txt,725,725,960.0,970.0,965.053815,328.282222,316.33,43.519476,27.0
in cutie\Set frunze 1\frunza nesanatoasa,leaf_sample,unhealthy,725.txt,in cutie\Set frunze 1\frunza nesanatoasa\spectru\725.txt,725,725,970.0,980.0,974.992481,326.228148,321.37,38.151681,27.0
in cutie\Set frunze 1\frunza nesanatoasa,leaf_sample,unhealthy,725.txt,in cutie\Set frunze 1\frunza nesanatoasa\spectru\725.txt,725,725,980.0,990.0,984.887556,325.107407,331.46,30.039616,27.0
in cutie\Set frunze 1\frunza nesanatoasa,leaf_sample,unhealthy,725.txt,in cutie\Set frunze 1\frunza nesanatoasa\spectru\725.txt,725,725,990.0,1000.0,994.920964,321.733929,322.63,34.742033,28.0
in cutie\Set frunze 1\frunza nesanatoasa,leaf_sample,unhealthy,725.txt,in cutie\Set frunze 1\frunza nesanatoasa\spectru\725.txt,725,725,1000.0,1010.0,1005.09,320.113214,321.37,27.829218,28.0
in cutie\Set frunze 1\frunza nesanatoasa,leaf_sample,unhealthy,725.txt,in cutie\Set frunze 1\frunza nesanatoasa\spectru\725.txt,725,725,1010.0,1020.0,1015.031556,332.388889,323.89,31.795923,27.0
in cutie\Set frunze 1\frunza nesanatoasa,leaf_sample,unhealthy,725.txt,in cutie\Set frunze 1\frunza nesanatoasa\spectru\725.txt,725,725,1020.0,1030.0,1024.926857,332.986071,330.2,28.867677,28.0
in cutie\Set frunze 1\frunza nesanatoasa,leaf_sample,unhealthy,725.txt,in cutie\Set frunze 1\frunza nesanatoasa\spectru\725.txt,725,725,1030.0,1040.0,1032.275,311.485385,318.85,35.486711,13.0
in cutie\Set frunze 1\frunza nesanatoasa,leaf_sample,unhealthy,850 1 nes.txt,in cutie\Set frunze 1\frunza nesanatoasa\spectru\850 1 nes.txt,850,850,180.0,190.0,188.705167,-126.61,-123.67,4.695743,6.0
in cutie\Set frunze 1\frunza nesanatoasa,leaf_sample,unhealthy,850 1 nes.txt,in cutie\Set frunze 1\frunza nesanatoasa\spectru\850 1 nes.txt,850,850,190.0,200.0,194.959762,46.05381,67.9,118.660146,21.0
in cutie\Set frunze 1\frunza nesanatoasa,leaf_sample,unhealthy,850 1 nes.txt,in cutie\Set frunze 1\frunza nesanatoasa\spectru\850 1 nes.txt,850,850,200.0,210.0,204.905818,291.885455,301.05,44.021468,22.0
in cutie\Set frunze 1\frunza nesanatoasa,leaf_sample,unhealthy,850 1 nes.txt,in cutie\Set frunze 1\frunza nesanatoasa\spectru\850 1 nes.txt,850,850,210.0,220.0,215.0625,306.435909,303.57,36.70453,22.0
in cutie\Set frunze 1\frunza nesanatoasa,leaf_sample,unhealthy,850 1 nes.txt,in cutie\Set frunze 1\frunza nesanatoasa\spectru\850 1 nes.txt,850,850,220.0,230.0,224.968333,274.344762,269.54,34.943222,21.0
in cutie\Set frunze 1\frunza nesanatoasa,leaf_sample,unhealthy,850 1 nes.txt,in cutie\Set frunze 1\frunza nesanatoasa\spectru\850 1 nes.txt,850,850,230.0,240.0,234.853682,283.750909,283.41,42.174274,22.0
in cutie\Set frunze 1\frunza nesanatoasa,leaf_sample,unhealthy,850 1 nes.txt,in cutie\Set frunze 1\frunza nesanatoasa\spectru\850 1 nes.txt,850,850,240.0,250.0,244.948455,300.365,283.41,68.93585,22.0
in cutie\Set frunze 1\frunza nesanatoasa,leaf_sample,unhealthy,850 1 nes.txt,in cutie\Set frunze 1\frunza nesanatoasa\spectru\850 1 nes.txt,850,850,250.0,260.0,255.021727,289.594545,289.71,32.246934,22.0
in cutie\Set frunze 1\frunza nesanatoasa,leaf_sample,unhealthy,850 1 nes.txt,in cutie\Set frunze 1\frunza nesanatoasa\spectru\850 1 nes.txt,850,850,260.0,270.0,265.073818,303.915,304.83,37.089245,22.0
in cutie\Set frunze 1\frunza nesanatoasa,leaf_sample,unhealthy,850 1 nes.txt,in cutie\Set frunze 1\frunza nesanatoasa\spectru\850 1 nes.txt,850,850,270.0,280.0,275.104455,306.779091,311.13,28.056419,22.0
in cutie\Set frunze 1\frunza nesanatoasa,leaf_sample,unhealthy,850 1 nes.txt,in cutie\Set frunze 1\frunza nesanatoasa\spectru\850 1 nes.txt,850,850,280.0,290.0,285.113545,305.519545,301.05,28.62884,22.0
in cutie\Set frunze 1\frunza nesanatoasa,leaf_sample,unhealthy,850 1 nes.txt,in cutie\Set frunze 1\frunza nesanatoasa\spectru\850 1 nes.txt,850,850,290.0,300.0,295.101045,312.277727,308.61,31.228155,22.0
in cutie\Set frunze 1\frunza nesanatoasa,leaf_sample,unhealthy,850 1 nes.txt,in cutie\Set frunze 1\frunza nesanatoasa\spectru\850 1 nes.txt,850,850,300.0,310.0,305.066727,302.083182,299.79,26.31469,22.0
in cutie\Set frunze 1\frunza nesanatoasa,leaf_sample,unhealthy,850 1 nes.txt,in cutie\Set frunze 1\frunza nesanatoasa\spectru\850 1 nes.txt,850,850,310.0,320.0,315.010682,304.145,307.35,29.229723,22.0
in cutie\Set frunze 1\frunza nesanatoasa,leaf_sample,unhealthy,850 1 nes.txt,in cutie\Set frunze 1\frunza nesanatoasa\spectru\850 1 nes.txt,850,850,320.0,330.0,324.932818,306.895,311.13,38.941953,22.0
in cutie\Set frunze 1\frunza nesanatoasa,leaf_sample,unhealthy,850 1 nes.txt,in cutie\Set frunze 1\frunza nesanatoasa\spectru\850 1 nes.txt,850,850,330.0,340.0,334.832955,322.935455,325.0,28.83376,22.0
in cutie\Set frunze 1\frunza nesanatoasa,leaf_sample,unhealthy,850 1 nes.txt,in cutie\Set frunze 1\frunza nesanatoasa\spectru\850 1 nes.txt,850,850,340.0,350.0,344.935087,320.614348,304.83,53.892222,23.0
in cutie\Set frunze 1\frunza nesanatoasa,leaf_sample,unhealthy,850 1 nes.txt,in cutie\Set frunze 1\frunza nesanatoasa\spectru\850 1 nes.txt,850,850,350.0,360.0,355.014136,311.706818,317.435,30.09569,22.0
in cutie\Set frunze 1\frunza nesanatoasa,leaf_sample,unhealthy,850 1 nes.txt,in cutie\Set frunze 1\frunza nesanatoasa\spectru\850 1 nes.txt,850,850,360.0,370.0,365.069739,313.490435,317.44,29.83245,23.0
in cutie\Set frunze 1\frunza nesanatoasa,leaf_sample,unhealthy,850 1 nes.txt,in cutie\Set frunze 1\frunza nesanatoasa\spectru\850 1 nes.txt,850,850,370.0,380.0,375.102227,316.404091,306.09,31.762096,22.0
in cutie\Set frunze 1\frunza nesanatoasa,leaf_sample,unhealthy,850 1 nes.txt,in cutie\Set frunze 1\frunza nesanatoasa\spectru\850 1 nes.txt,850,850,380.0,390.0,385.110913,322.585217,312.39,37.278048,23.0
in cutie\Set frunze 1\frunza nesanatoasa,leaf_sample,unhealthy,850 1 nes.txt,in cutie\Set frunze 1\frunza nesanatoasa\spectru\850 1 nes.txt,850,850,390.0,400.0,395.096045,323.391818,317.435,39.705722,22.0
in cutie\Set frunze 1\frunza nesanatoasa,leaf_sample,unhealthy,850 1 nes.txt,in cutie\Set frunze 1\frunza nesanatoasa\spectru\850 1 nes.txt,850,850,400.0,410.0,405.057435,312.393913,307.35,30.301315,23.0
in cutie\Set frunze 1\frunza nesanatoasa,leaf_sample,unhealthy,850 1 nes.txt,in cutie\Set frunze 1\frunza nesanatoasa\spectru\850 1 nes.txt,850,850,410.0,420.0,414.995091,322.134091,325.0,47.047398,22.0
in cutie\Set frunze 1\frunza nesanatoasa,leaf_sample,unhealthy,850 1 nes.txt,in cutie\Set frunze 1\frunza nesanatoasa\spectru\850 1 nes.txt,850,850,420.0,430.0,424.908696,315.681304,314.91,26.948088,23.0
in cutie\Set frunze 1\frunza nesanatoasa,leaf_sample,unhealthy,850 1 nes.txt,in cutie\Set frunze 1\frunza nesanatoasa\spectru\850 1 nes.txt,850,850,430.0,440.0,435.01787,302.639565,309.87,30.403415,23.0
in cutie\Set frunze 1\frunza nesanatoasa,leaf_sample,unhealthy,850 1 nes.txt,in cutie\Set frunze 1\frunza nesanatoasa\spectru\850 1 nes.txt,850,850,440.0,450.0,445.101783,308.667826,312.39,33.189278,23.0
in cutie\Set frunze 1\frunza nesanatoasa,leaf_sample,unhealthy,850 1 nes.txt,in cutie\Set frunze 1\frunza nesanatoasa\spectru\850 1 nes.txt,850,850,450.0,460.0,455.160348,305.818696,294.75,36.143226,23.0
in cutie\Set frunze 1\frunza nesanatoasa,leaf_sample,unhealthy,850 1 nes.txt,in cutie\Set frunze 1\frunza nesanatoasa\spectru\850 1 nes.txt,850,850,460.0,470.0,465.193435,323.244348,319.96,30.76659,23.0
in cutie\Set frunze 1\frunza nesanatoasa,leaf_sample,unhealthy,850 1 nes.txt,in cutie\Set frunze 1\frunza nesanatoasa\spectru\850 1 nes.txt,850,850,470.0,480.0,475.201,317.435217,317.44,34.367326,23.0
in cutie\Set frunze 1\frunza nesanatoasa,leaf_sample,unhealthy,850 1 nes.txt,in cutie\Set frunze 1\frunza nesanatoasa\spectru\850 1 nes.txt,850,850,480.0,490.0,485.182913,314.586522,314.91,31.98009,23.0
in cutie\Set frunze 1\frunza nesanatoasa,leaf_sample,unhealthy,850 1 nes.txt,in cutie\Set frunze 1\frunza nesanatoasa\spectru\850 1 nes.txt,850,850,490.0,500.0,495.139043,325.763043,312.39,36.409176,23.0
in cutie\Set frunze 1\frunza nesanatoasa,leaf_sample,unhealthy,850 1 nes.txt,in cutie\Set frunze 1\frunza nesanatoasa\spectru\850 1 nes.txt,850,850,500.0,510.0,505.069348,327.517826,325.0,55.527225,23.0
in cutie\Set frunze 1\frunza nesanatoasa,leaf_sample,unhealthy,850 1 nes.txt,in cutie\Set frunze 1\frunza nesanatoasa\spectru\850 1 nes.txt,850,850,510.0,520.0,514.973652,322.367826,319.96,36.439195,23.0
in cutie\Set frunze 1\frunza nesanatoasa,leaf_sample,unhealthy,850 1 nes.txt,in cutie\Set frunze 1\frunza nesanatoasa\spectru\850 1 nes.txt,850,850,520.0,530.0,525.066167,327.832917,328.78,30.065448,24.0
in cutie\Set frunze 1\frunza nesanatoasa,leaf_sample,unhealthy,850 1 nes.txt,in cutie\Set frunze 1\frunza nesanatoasa\spectru\850 1 nes.txt,850,850,530.0,540.0,535.131478,320.723478,317.44,23.963673,23.0
in cutie\Set frunze 1\frunza nesanatoasa,leaf_sample,unhealthy,850 1 nes.txt,in cutie\Set frunze 1\frunza nesanatoasa\spectru\850 1 nes.txt,850,850,540.0,550.0,544.956,326.421304,332.56,29.506509,23.0
in cutie\Set frunze 1\frunza nesanatoasa,leaf_sample,unhealthy,850 1 nes.txt,in cutie\Set frunze 1\frunza nesanatoasa\spectru\850 1 nes.txt,850,850,550.0,560.0,554.966667,328.043333,322.48,39.183638,24.0
in cutie\Set frunze 1\frunza nesanatoasa,leaf_sample,unhealthy,850 1 nes.txt,in cutie\Set frunze 1\frunza nesanatoasa\spectru\850 1 nes.txt,850,850,560.0,570.0,564.949739,317.983913,319.96,31.803805,23.0
in cutie\Set frunze 1\frunza nesanatoasa,leaf_sample,unhealthy,850 1 nes.txt,in cutie\Set frunze 1\frunza nesanatoasa\spectru\850 1 nes.txt,850,850,570.0,580.0,574.905,319.43125,319.96,37.145074,24.0
in cutie\Set frunze 1\frunza nesanatoasa,leaf_sample,unhealthy,850 1 nes.txt,in cutie\Set frunze 1\frunza nesanatoasa\spectru\850 1 nes.txt,850,850,580.0,590.0,585.043208,311.239167,309.87,36.37328,24.0
in cutie\Set frunze 1\frunza nesanatoasa,leaf_sample,unhealthy,850 1 nes.txt,in cutie\Set frunze 1\frunza nesanatoasa\spectru\850 1 nes.txt,850,850,590.0,600.0,595.152042,324.787917,322.48,31.244887,24.0
in cutie\Set frunze 1\frunza nesanatoasa,leaf_sample,unhealthy,850 1 nes.txt,in cutie\Set frunze 1\frunza nesanatoasa\spectru\850 1 nes.txt,850,850,600.0,610.0,605.02213,321.160435,319.96,36.563349,23.0
in cutie\Set frunze 1\frunza nesanatoasa,leaf_sample,unhealthy,850 1 nes.txt,in cutie\Set frunze 1\frunza nesanatoasa\spectru\850 1 nes.txt,850,850,610.0,620.0,614.863458,326.256667,321.22,28.339925,24.0
in cutie\Set frunze 1\frunza nesanatoasa,leaf_sample,unhealthy,850 1 nes.txt,in cutie\Set frunze 1\frunza nesanatoasa\spectru\850 1 nes.txt,850,850,620.0,630.0,624.885125,317.54,311.13,28.109023,24.0
in cutie\Set frunze 1\frunza nesanatoasa,leaf_sample,unhealthy,850 1 nes.txt,in cutie\Set frunze 1\frunza nesanatoasa\spectru\850 1 nes.txt,850,850,630.0,640.0,634.876917,337.705,337.6,48.584441,24.0
in cutie\Set frunze 1\frunza nesanatoasa,leaf_sample,unhealthy,850 1 nes.txt,in cutie\Set frunze 1\frunza nesanatoasa\spectru\850 1 nes.txt,850,850,640.0,650.0,644.83875,314.284167,308.61,44.106251,24.0
in cutie\Set frunze 1\frunza nesanatoasa,leaf_sample,unhealthy,850 1 nes.txt,in cutie\Set frunze 1\frunza nesanatoasa\spectru\850 1 nes.txt,850,850,650.0,660.0,654.97728,326.308,319.96,37.583014,25.0
in cutie\Set frunze 1\frunza nesanatoasa,leaf_sample,unhealthy,850 1 nes.txt,in cutie\Set frunze 1\frunza nesanatoasa\spectru\850 1 nes.txt,850,850,660.0,670.0,665.084458,339.280417,335.08,35.00642,24.0
in cutie\Set frunze 1\frunza nesanatoasa,leaf_sample,unhealthy,850 1 nes.txt,in cutie\Set frunze 1\frunza nesanatoasa\spectru\850 1 nes.txt,850,850,670.0,680.0,674.95475,328.672917,330.04,36.678676,24.0
in cutie\Set frunze 1\frunza nesanatoasa,leaf_sample,unhealthy,850 1 nes.txt,in cutie\Set frunze 1\frunza nesanatoasa\spectru\850 1 nes.txt,850,850,680.0,690.0,684.9992,315.0148,319.96,29.785436,25.0
in cutie\Set frunze 1\frunza nesanatoasa,leaf_sample,unhealthy,850 1 nes.txt,in cutie\Set frunze 1\frunza nesanatoasa\spectru\850 1 nes.txt,850,850,690.0,700.0,695.012,323.84125,317.435,32.105306,24.0
in cutie\Set frunze 1\frunza nesanatoasa,leaf_sample,unhealthy,850 1 nes.txt,in cutie\Set frunze 1\frunza nesanatoasa\spectru\850 1 nes.txt,850,850,700.0,710.0,704.99268,299.5896,299.79,31.271898,25.0
in cutie\Set frunze 1\frunza nesanatoasa,leaf_sample,unhealthy,850 1 nes.txt,in cutie\Set frunze 1\frunza nesanatoasa\spectru\850 1 nes.txt,850,850,710.0,720.0,714.9415,332.138333,323.74,40.816433,24.0
in cutie\Set frunze 1\frunza nesanatoasa,leaf_sample,unhealthy,850 1 nes.txt,in cutie\Set frunze 1\frunza nesanatoasa\spectru\850 1 nes.txt,850,850,720.0,730.0,724.85784,324.1904,325.0,30.901593,25.0
in cutie\Set frunze 1\frunza nesanatoasa,leaf_sample,unhealthy,850 1 nes.txt,in cutie\Set frunze 1\frunza nesanatoasa\spectru\850 1 nes.txt,850,850,730.0,740.0,734.94336,331.1464,330.04,32.608413,25.0
in cutie\Set frunze 1\frunza nesanatoasa,leaf_sample,unhealthy,850 1 nes.txt,in cutie\Set frunze 1\frunza nesanatoasa\spectru\850 1 nes.txt,850,850,740.0,750.0,744.99528,338.0044,332.56,28.912597,25.0
in cutie\Set frunze 1\frunza nesanatoasa,leaf_sample,unhealthy,850 1 nes.txt,in cutie\Set frunze 1\frunza nesanatoasa\spectru\850 1 nes.txt,850,850,750.0,760.0,755.01288,350.3032,350.2,29.484897,25.0
in cutie\Set frunze 1\frunza nesanatoasa,leaf_sample,unhealthy,850 1 nes.txt,in cutie\Set frunze 1\frunza nesanatoasa\spectru\850 1 nes.txt,850,850,760.0,770.0,764.99664,349.5984,342.64,32.548378,25.0
in cutie\Set frunze 1\frunza nesanatoasa,leaf_sample,unhealthy,850 1 nes.txt,in cutie\Set frunze 1\frunza nesanatoasa\spectru\850 1 nes.txt,850,850,770.0,780.0,774.94604,338.5076,335.08,36.574851,25.0
in cutie\Set frunze 1\frunza nesanatoasa,leaf_sample,unhealthy,850 1 nes.txt,in cutie\Set frunze 1\frunza nesanatoasa\spectru\850 1 nes.txt,850,850,780.0,790.0,784.86132,364.418,355.24,34.765317,25.0
in cutie\Set frunze 1\frunza nesanatoasa,leaf_sample,unhealthy,850 1 nes.txt,in cutie\Set frunze 1\frunza nesanatoasa\spectru\850 1 nes.txt,850,850,790.0,800.0,794.938962,353.498462,353.98,33.496034,26.0
in cutie\Set frunze 1\frunza nesanatoasa,leaf_sample,unhealthy,850 1 nes.txt,in cutie\Set frunze 1\frunza nesanatoasa\spectru\850 1 nes.txt,850,850,800.0,810.0,804.98072,350.8072,345.16,34.920025,25.0
in cutie\Set frunze 1\frunza nesanatoasa,leaf_sample,unhealthy,850 1 nes.txt,in cutie\Set frunze 1\frunza nesanatoasa\spectru\850 1 nes.txt,850,850,810.0,820.0,814.986231,376.862692,377.93,44.491197,26.0
in cutie\Set frunze 1\frunza nesanatoasa,leaf_sample,unhealthy,850 1 nes.txt,in cutie\Set frunze 1\frunza nesanatoasa\spectru\850 1 nes.txt,850,850,820.0,830.0,824.95548,466.4532,463.63,35.39061,25.0
in cutie\Set frunze 1\frunza nesanatoasa,leaf_sample,unhealthy,850 1 nes.txt,in cutie\Set frunze 1\frunza nesanatoasa\spectru\850 1 nes.txt,850,850,830.0,840.0,834.888115,486.411154,486.31,33.565793,26.0
in cutie\Set frunze 1\frunza nesanatoasa,leaf_sample,unhealthy,850 1 nes.txt,in cutie\Set frunze 1\frunza nesanatoasa\spectru\850 1 nes.txt,850,850,840.0,850.0,844.977846,473.517308,476.23,33.373657,26.0
in cutie\Set frunze 1\frunza nesanatoasa,leaf_sample,unhealthy,850 1 nes.txt,in cutie\Set frunze 1\frunza nesanatoasa\spectru\850 1 nes.txt,850,850,850.0,860.0,855.029308,430.764231,428.34,46.463278,26.0
in cutie\Set frunze 1\frunza nesanatoasa,leaf_sample,unhealthy,850 1 nes.txt,in cutie\Set frunze 1\frunza nesanatoasa\spectru\850 1 nes.txt,850,850,860.0,870.0,865.042308,373.856923,374.15,37.789915,26.0
in cutie\Set frunze 1\frunza nesanatoasa,leaf_sample,unhealthy,850 1 nes.txt,in cutie\Set frunze 1\frunza nesanatoasa\spectru\850 1 nes.txt,850,850,870.0,880.0,875.016731,334.206154,330.04,39.981369,26.0
in cutie\Set frunze 1\frunza nesanatoasa,leaf_sample,unhealthy,850 1 nes.txt,in cutie\Set frunze 1\frunza nesanatoasa\spectru\850 1 nes.txt,850,850,880.0,890.0,884.952385,329.844231,333.82,32.767196,26.0
in cutie\Set frunze 1\frunza nesanatoasa,leaf_sample,unhealthy,850 1 nes.txt,in cutie\Set frunze 1\frunza nesanatoasa\spectru\850 1 nes.txt,850,850,890.0,900.0,895.039037,357.578148,330.04,168.321299,27.0
in cutie\Set frunze 1\frunza nesanatoasa,leaf_sample,unhealthy,850 1 nes.txt,in cutie\Set frunze 1\frunza nesanatoasa\spectru\850 1 nes.txt,850,850,900.0,910.0,905.085308,324.609231,330.04,31.001979,26.0
in cutie\Set frunze 1\frunza nesanatoasa,leaf_sample,unhealthy,850 1 nes.txt,in cutie\Set frunze 1\frunza nesanatoasa\spectru\850 1 nes.txt,850,850,910.0,920.0,915.090519,326.022963,319.96,23.457155,27.0
in cutie\Set frunze 1\frunza nesanatoasa,leaf_sample,unhealthy,850 1 nes.txt,in cutie\Set frunze 1\frunza nesanatoasa\spectru\850 1 nes.txt,850,850,920.0,930.0,925.055154,316.466538,313.655,30.207649,26.0
in cutie\Set frunze 1\frunza nesanatoasa,leaf_sample,unhealthy,850 1 nes.txt,in cutie\Set frunze 1\frunza nesanatoasa\spectru\850 1 nes.txt,850,850,930.0,940.0,934.97837,321.542593,317.44,50.225333,27.0
in cutie\Set frunze 1\frunza nesanatoasa,leaf_sample,unhealthy,850 1 nes.txt,in cutie\Set frunze 1\frunza nesanatoasa\spectru\850 1 nes.txt,850,850,940.0,950.0,945.046519,327.424815,330.04,37.155272,27.0
in cutie\Set frunze 1\frunza nesanatoasa,leaf_sample,unhealthy,850 1 nes.txt,in cutie\Set frunze 1\frunza nesanatoasa\spectru\850 1 nes.txt,850,850,950.0,960.0,955.071815,317.621852,314.91,32.791817,27.0
in cutie\Set frunze 1\frunza nesanatoasa,leaf_sample,unhealthy,850 1 nes.txt,in cutie\Set frunze 1\frunza nesanatoasa\spectru\850 1 nes.txt,850,850,960.0,970.0,965.053815,330.039259,325.0,35.026737,27.0
in cutie\Set frunze 1\frunza nesanatoasa,leaf_sample,unhealthy,850 1 nes.txt,in cutie\Set frunze 1\frunza nesanatoasa\spectru\850 1 nes.txt,850,850,970.0,980.0,974.992481,324.343333,327.52,32.238499,27.0
in cutie\Set frunze 1\frunza nesanatoasa,leaf_sample,unhealthy,850 1 nes.txt,in cutie\Set frunze 1\frunza nesanatoasa\spectru\850 1 nes.txt,850,850,980.0,990.0,984.887556,318.368519,307.35,42.267243,27.0
in cutie\Set frunze 1\frunza nesanatoasa,leaf_sample,unhealthy,850 1 nes.txt,in cutie\Set frunze 1\frunza nesanatoasa\spectru\850 1 nes.txt,850,850,990.0,1000.0,994.920964,321.845714,316.175,37.66231,28.0
in cutie\Set frunze 1\frunza nesanatoasa,leaf_sample,unhealthy,850 1 nes.txt,in cutie\Set frunze 1\frunza nesanatoasa\spectru\850 1 nes.txt,850,850,1000.0,1010.0,1005.09,324.186786,322.48,32.36333,28.0
in cutie\Set frunze 1\frunza nesanatoasa,leaf_sample,unhealthy,850 1 nes.txt,in cutie\Set frunze 1\frunza nesanatoasa\spectru\850 1 nes.txt,850,850,1010.0,1020.0,1015.031556,318.088519,325.0,41.52221,27.0
in cutie\Set frunze 1\frunza nesanatoasa,leaf_sample,unhealthy,850 1 nes.txt,in cutie\Set frunze 1\frunza nesanatoasa\spectru\850 1 nes.txt,850,850,1020.0,1030.0,1024.926857,309.692857,308.61,30.870061,28.0
in cutie\Set frunze 1\frunza nesanatoasa,leaf_sample,unhealthy,850 1 nes.txt,in cutie\Set frunze 1\frunza nesanatoasa\spectru\850 1 nes.txt,850,850,1030.0,1040.0,1032.275,313.363846,325.0,40.251307,13.0
in cutie\Set frunze 1\frunza nesanatoasa,leaf_sample,unhealthy,940 1 nes.txt,in cutie\Set frunze 1\frunza nesanatoasa\spectru\940 1 nes.txt,940,940,180.0,190.0,188.705167,-109.276667,-112.64,13.933844,6.0
in cutie\Set frunze 1\frunza nesanatoasa,leaf_sample,unhealthy,940 1 nes.txt,in cutie\Set frunze 1\frunza nesanatoasa\spectru\940 1 nes.txt,940,940,190.0,200.0,194.959762,47.357143,23.47,111.18577,21.0
in cutie\Set frunze 1\frunza nesanatoasa,leaf_sample,unhealthy,940 1 nes.txt,in cutie\Set frunze 1\frunza nesanatoasa\spectru\940 1 nes.txt,940,940,200.0,210.0,204.905818,299.819545,314.6,53.500651,22.0
in cutie\Set frunze 1\frunza nesanatoasa,leaf_sample,unhealthy,940 1 nes.txt,in cutie\Set frunze 1\frunza nesanatoasa\spectru\940 1 nes.txt,940,940,210.0,220.0,215.0625,279.884091,278.05,38.401567,22.0
in cutie\Set frunze 1\frunza nesanatoasa,leaf_sample,unhealthy,940 1 nes.txt,in cutie\Set frunze 1\frunza nesanatoasa\spectru\940 1 nes.txt,940,940,220.0,230.0,224.968333,273.610476,275.53,36.880004,21.0
in cutie\Set frunze 1\frunza nesanatoasa,leaf_sample,unhealthy,940 1 nes.txt,in cutie\Set frunze 1\frunza nesanatoasa\spectru\940 1 nes.txt,940,940,230.0,240.0,234.853682,285.841364,290.65,37.090761,22.0
in cutie\Set frunze 1\frunza nesanatoasa,leaf_sample,unhealthy,940 1 nes.txt,in cutie\Set frunze 1\frunza nesanatoasa\spectru\940 1 nes.txt,940,940,240.0,250.0,244.948455,310.015909,296.96,66.11135,22.0
in cutie\Set frunze 1\frunza nesanatoasa,leaf_sample,unhealthy,940 1 nes.txt,in cutie\Set frunze 1\frunza nesanatoasa\spectru\940 1 nes.txt,940,940,250.0,260.0,255.021727,291.455455,296.955,30.80896,22.0
in cutie\Set frunze 1\frunza nesanatoasa,leaf_sample,unhealthy,940 1 nes.txt,in cutie\Set frunze 1\frunza nesanatoasa\spectru\940 1 nes.txt,940,940,260.0,270.0,265.073818,296.610909,299.475,35.633227,22.0
in cutie\Set frunze 1\frunza nesanatoasa,leaf_sample,unhealthy,940 1 nes.txt,in cutie\Set frunze 1\frunza nesanatoasa\spectru\940 1 nes.txt,940,940,270.0,280.0,275.104455,295.007273,295.695,31.197624,22.0
in cutie\Set frunze 1\frunza nesanatoasa,leaf_sample,unhealthy,940 1 nes.txt,in cutie\Set frunze 1\frunza nesanatoasa\spectru\940 1 nes.txt,940,940,280.0,290.0,285.113545,302.684091,308.3,29.09677,22.0
in cutie\Set frunze 1\frunza nesanatoasa,leaf_sample,unhealthy,940 1 nes.txt,in cutie\Set frunze 1\frunza nesanatoasa\spectru\940 1 nes.txt,940,940,290.0,300.0,295.101045,297.298636,294.435,26.233554,22.0
in cutie\Set frunze 1\frunza nesanatoasa,leaf_sample,unhealthy,940 1 nes.txt,in cutie\Set frunze 1\frunza nesanatoasa\spectru\940 1 nes.txt,940,940,300.0,310.0,305.066727,314.484545,310.82,42.059283,22.0
in cutie\Set frunze 1\frunza nesanatoasa,leaf_sample,unhealthy,940 1 nes.txt,in cutie\Set frunze 1\frunza nesanatoasa\spectru\940 1 nes.txt,940,940,310.0,320.0,315.010682,308.183182,319.64,31.182402,22.0
in cutie\Set frunze 1\frunza nesanatoasa,leaf_sample,unhealthy,940 1 nes.txt,in cutie\Set frunze 1\frunza nesanatoasa\spectru\940 1 nes.txt,940,940,320.0,330.0,324.932818,312.537273,315.86,25.346924,22.0
in cutie\Set frunze 1\frunza nesanatoasa,leaf_sample,unhealthy,940 1 nes.txt,in cutie\Set frunze 1\frunza nesanatoasa\spectru\940 1 nes.txt,940,940,330.0,340.0,334.832955,315.86,314.6,32.341807,22.0
in cutie\Set frunze 1\frunza nesanatoasa,leaf_sample,unhealthy,940 1 nes.txt,in cutie\Set frunze 1\frunza nesanatoasa\spectru\940 1 nes.txt,940,940,340.0,350.0,344.935087,308.078696,298.22,68.937062,23.0
in cutie\Set frunze 1\frunza nesanatoasa,leaf_sample,unhealthy,940 1 nes.txt,in cutie\Set frunze 1\frunza nesanatoasa\spectru\940 1 nes.txt,940,940,350.0,360.0,355.014136,311.047727,310.82,22.117643,22.0
in cutie\Set frunze 1\frunza nesanatoasa,leaf_sample,unhealthy,940 1 nes.txt,in cutie\Set frunze 1\frunza nesanatoasa\spectru\940 1 nes.txt,940,940,360.0,370.0,365.069739,301.831304,293.17,32.566874,23.0
in cutie\Set frunze 1\frunza nesanatoasa,leaf_sample,unhealthy,940 1 nes.txt,in cutie\Set frunze 1\frunza nesanatoasa\spectru\940 1 nes.txt,940,940,370.0,380.0,375.102227,304.975455,310.82,35.422067,22.0
in cutie\Set frunze 1\frunza nesanatoasa,leaf_sample,unhealthy,940 1 nes.txt,in cutie\Set frunze 1\frunza nesanatoasa\spectru\940 1 nes.txt,940,940,380.0,390.0,385.110913,317.064783,315.86,43.357707,23.0
in cutie\Set frunze 1\frunza nesanatoasa,leaf_sample,unhealthy,940 1 nes.txt,in cutie\Set frunze 1\frunza nesanatoasa\spectru\940 1 nes.txt,940,940,390.0,400.0,395.096045,331.441818,327.2,43.707158,22.0
in cutie\Set frunze 1\frunza nesanatoasa,leaf_sample,unhealthy,940 1 nes.txt,in cutie\Set frunze 1\frunza nesanatoasa\spectru\940 1 nes.txt,940,940,400.0,410.0,405.057435,314.106087,320.9,31.582768,23.0
in cutie\Set frunze 1\frunza nesanatoasa,leaf_sample,unhealthy,940 1 nes.txt,in cutie\Set frunze 1\frunza nesanatoasa\spectru\940 1 nes.txt,940,940,410.0,420.0,414.995091,329.035,330.98,40.235215,22.0
in cutie\Set frunze 1\frunza nesanatoasa,leaf_sample,unhealthy,940 1 nes.txt,in cutie\Set frunze 1\frunza nesanatoasa\spectru\940 1 nes.txt,940,940,420.0,430.0,424.908696,318.927826,320.9,29.121228,23.0
in cutie\Set frunze 1\frunza nesanatoasa,leaf_sample,unhealthy,940 1 nes.txt,in cutie\Set frunze 1\frunza nesanatoasa\spectru\940 1 nes.txt,940,940,430.0,440.0,435.01787,308.955217,310.82,38.851692,23.0
in cutie\Set frunze 1\frunza nesanatoasa,leaf_sample,unhealthy,940 1 nes.txt,in cutie\Set frunze 1\frunza nesanatoasa\spectru\940 1 nes.txt,940,940,440.0,450.0,445.101783,314.982174,318.38,32.017587,23.0
in cutie\Set frunze 1\frunza nesanatoasa,leaf_sample,unhealthy,940 1 nes.txt,in cutie\Set frunze 1\frunza nesanatoasa\spectru\940 1 nes.txt,940,940,450.0,460.0,455.160348,317.394348,320.9,28.152969,23.0
in cutie\Set frunze 1\frunza nesanatoasa,leaf_sample,unhealthy,940 1 nes.txt,in cutie\Set frunze 1\frunza nesanatoasa\spectru\940 1 nes.txt,940,940,460.0,470.0,465.193435,307.97,310.82,26.048806,23.0
in cutie\Set frunze 1\frunza nesanatoasa,leaf_sample,unhealthy,940 1 nes.txt,in cutie\Set frunze 1\frunza nesanatoasa\spectru\940 1 nes.txt,940,940,470.0,480.0,475.201,308.18913,308.3,32.265547,23.0
in cutie\Set frunze 1\frunza nesanatoasa,leaf_sample,unhealthy,940 1 nes.txt,in cutie\Set frunze 1\frunza nesanatoasa\spectru\940 1 nes.txt,940,940,480.0,490.0,485.182913,304.132609,303.26,34.226684,23.0
in cutie\Set frunze 1\frunza nesanatoasa,leaf_sample,unhealthy,940 1 nes.txt,in cutie\Set frunze 1\frunza nesanatoasa\spectru\940 1 nes.txt,940,940,490.0,500.0,495.139043,310.16087,313.34,30.111057,23.0
in cutie\Set frunze 1\frunza nesanatoasa,leaf_sample,unhealthy,940 1 nes.txt,in cutie\Set frunze 1\frunza nesanatoasa\spectru\940 1 nes.txt,940,940,500.0,510.0,505.069348,311.913913,305.78,29.393475,23.0
in cutie\Set frunze 1\frunza nesanatoasa,leaf_sample,unhealthy,940 1 nes.txt,in cutie\Set frunze 1\frunza nesanatoasa\spectru\940 1 nes.txt,940,940,510.0,520.0,514.973652,310.818261,310.82,36.969871,23.0
in cutie\Set frunze 1\frunza nesanatoasa,leaf_sample,unhealthy,940 1 nes.txt,in cutie\Set frunze 1\frunza nesanatoasa\spectru\940 1 nes.txt,940,940,520.0,530.0,525.066167,321.00625,320.9,37.177448,24.0
in cutie\Set frunze 1\frunza nesanatoasa,leaf_sample,unhealthy,940 1 nes.txt,in cutie\Set frunze 1\frunza nesanatoasa\spectru\940 1 nes.txt,940,940,530.0,540.0,535.131478,319.147826,320.9,28.06243,23.0
in cutie\Set frunze 1\frunza nesanatoasa,leaf_sample,unhealthy,940 1 nes.txt,in cutie\Set frunze 1\frunza nesanatoasa\spectru\940 1 nes.txt,940,940,540.0,550.0,544.956,317.064783,313.34,32.559239,23.0
in cutie\Set frunze 1\frunza nesanatoasa,leaf_sample,unhealthy,940 1 nes.txt,in cutie\Set frunze 1\frunza nesanatoasa\spectru\940 1 nes.txt,940,940,550.0,560.0,554.966667,320.060833,315.86,39.639352,24.0
in cutie\Set frunze 1\frunza nesanatoasa,leaf_sample,unhealthy,940 1 nes.txt,in cutie\Set frunze 1\frunza nesanatoasa\spectru\940 1 nes.txt,940,940,560.0,570.0,564.949739,319.694783,323.42,44.086077,23.0
in cutie\Set frunze 1\frunza nesanatoasa,leaf_sample,unhealthy,940 1 nes.txt,in cutie\Set frunze 1\frunza nesanatoasa\spectru\940 1 nes.txt,940,940,570.0,580.0,574.905,321.634583,320.9,32.601703,24.0
in cutie\Set frunze 1\frunza nesanatoasa,leaf_sample,unhealthy,940 1 nes.txt,in cutie\Set frunze 1\frunza nesanatoasa\spectru\940 1 nes.txt,940,940,580.0,590.0,585.043208,329.720833,332.24,38.129978,24.0
in cutie\Set frunze 1\frunza nesanatoasa,leaf_sample,unhealthy,940 1 nes.txt,in cutie\Set frunze 1\frunza nesanatoasa\spectru\940 1 nes.txt,940,940,590.0,600.0,595.152042,316.385,325.94,36.357526,24.0
in cutie\Set frunze 1\frunza nesanatoasa,leaf_sample,unhealthy,940 1 nes.txt,in cutie\Set frunze 1\frunza nesanatoasa\spectru\940 1 nes.txt,940,940,600.0,610.0,605.02213,324.407826,323.42,31.576124,23.0
in cutie\Set frunze 1\frunza nesanatoasa,leaf_sample,unhealthy,940 1 nes.txt,in cutie\Set frunze 1\frunza nesanatoasa\spectru\940 1 nes.txt,940,940,610.0,620.0,614.863458,311.44875,315.86,30.562268,24.0
in cutie\Set frunze 1\frunza nesanatoasa,leaf_sample,unhealthy,940 1 nes.txt,in cutie\Set frunze 1\frunza nesanatoasa\spectru\940 1 nes.txt,940,940,620.0,630.0,624.885125,308.403333,304.52,31.952942,24.0
in cutie\Set frunze 1\frunza nesanatoasa,leaf_sample,unhealthy,940 1 nes.txt,in cutie\Set frunze 1\frunza nesanatoasa\spectru\940 1 nes.txt,940,940,630.0,640.0,634.876917,325.520833,325.94,33.868625,24.0
in cutie\Set frunze 1\frunza nesanatoasa,leaf_sample,unhealthy,940 1 nes.txt,in cutie\Set frunze 1\frunza nesanatoasa\spectru\940 1 nes.txt,940,940,640.0,650.0,644.83875,313.33875,313.34,34.206281,24.0
in cutie\Set frunze 1\frunza nesanatoasa,leaf_sample,unhealthy,940 1 nes.txt,in cutie\Set frunze 1\frunza nesanatoasa\spectru\940 1 nes.txt,940,940,650.0,660.0,654.97728,312.1288,313.34,33.386512,25.0
in cutie\Set frunze 1\frunza nesanatoasa,leaf_sample,unhealthy,940 1 nes.txt,in cutie\Set frunze 1\frunza nesanatoasa\spectru\940 1 nes.txt,940,940,660.0,670.0,665.084458,334.029167,330.98,34.105039,24.0
in cutie\Set frunze 1\frunza nesanatoasa,leaf_sample,unhealthy,940 1 nes.txt,in cutie\Set frunze 1\frunza nesanatoasa\spectru\940 1 nes.txt,940,940,670.0,680.0,674.95475,310.29375,304.52,27.331603,24.0
in cutie\Set frunze 1\frunza nesanatoasa,leaf_sample,unhealthy,940 1 nes.txt,in cutie\Set frunze 1\frunza nesanatoasa\spectru\940 1 nes.txt,940,940,680.0,690.0,684.9992,318.5836,318.38,38.191558,25.0
in cutie\Set frunze 1\frunza nesanatoasa,leaf_sample,unhealthy,940 1 nes.txt,in cutie\Set frunze 1\frunza nesanatoasa\spectru\940 1 nes.txt,940,940,690.0,700.0,695.012,310.923333,307.04,31.452028,24.0
in cutie\Set frunze 1\frunza nesanatoasa,leaf_sample,unhealthy,940 1 nes.txt,in cutie\Set frunze 1\frunza nesanatoasa\spectru\940 1 nes.txt,940,940,700.0,710.0,704.99268,315.0532,313.34,25.850685,25.0
in cutie\Set frunze 1\frunza nesanatoasa,leaf_sample,unhealthy,940 1 nes.txt,in cutie\Set frunze 1\frunza nesanatoasa\spectru\940 1 nes.txt,940,940,710.0,720.0,714.9415,324.57625,322.16,31.582505,24.0
in cutie\Set frunze 1\frunza nesanatoasa,leaf_sample,unhealthy,940 1 nes.txt,in cutie\Set frunze 1\frunza nesanatoasa\spectru\940 1 nes.txt,940,940,720.0,730.0,724.85784,316.4644,310.82,35.304216,25.0
in cutie\Set frunze 1\frunza nesanatoasa,leaf_sample,unhealthy,940 1 nes.txt,in cutie\Set frunze 1\frunza nesanatoasa\spectru\940 1 nes.txt,940,940,730.0,740.0,734.94336,322.514,323.42,34.220281,25.0
in cutie\Set frunze 1\frunza nesanatoasa,leaf_sample,unhealthy,940 1 nes.txt,in cutie\Set frunze 1\frunza nesanatoasa\spectru\940 1 nes.txt,940,940,740.0,750.0,744.99528,321.8088,336.02,38.759147,25.0
in cutie\Set frunze 1\frunza nesanatoasa,leaf_sample,unhealthy,940 1 nes.txt,in cutie\Set frunze 1\frunza nesanatoasa\spectru\940 1 nes.txt,940,940,750.0,760.0,755.01288,324.1268,320.9,39.883923,25.0
in cutie\Set frunze 1\frunza nesanatoasa,leaf_sample,unhealthy,940 1 nes.txt,in cutie\Set frunze 1\frunza nesanatoasa\spectru\940 1 nes.txt,940,940,760.0,770.0,764.99664,320.9008,320.9,29.533515,25.0
in cutie\Set frunze 1\frunza nesanatoasa,leaf_sample,unhealthy,940 1 nes.txt,in cutie\Set frunze 1\frunza nesanatoasa\spectru\940 1 nes.txt,940,940,770.0,780.0,774.94604,312.8352,305.78,35.367966,25.0
in cutie\Set frunze 1\frunza nesanatoasa,leaf_sample,unhealthy,940 1 nes.txt,in cutie\Set frunze 1\frunza nesanatoasa\spectru\940 1 nes.txt,940,940,780.0,790.0,784.86132,328.1604,320.9,30.766402,25.0
in cutie\Set frunze 1\frunza nesanatoasa,leaf_sample,unhealthy,940 1 nes.txt,in cutie\Set frunze 1\frunza nesanatoasa\spectru\940 1 nes.txt,940,940,790.0,800.0,794.938962,324.973462,320.9,29.527244,26.0
in cutie\Set frunze 1\frunza nesanatoasa,leaf_sample,unhealthy,940 1 nes.txt,in cutie\Set frunze 1\frunza nesanatoasa\spectru\940 1 nes.txt,940,940,800.0,810.0,804.98072,309.9116,308.3,32.637794,25.0
in cutie\Set frunze 1\frunza nesanatoasa,leaf_sample,unhealthy,940 1 nes.txt,in cutie\Set frunze 1\frunza nesanatoasa\spectru\940 1 nes.txt,940,940,810.0,820.0,814.986231,319.252308,320.9,31.403467,26.0
in cutie\Set frunze 1\frunza nesanatoasa,leaf_sample,unhealthy,940 1 nes.txt,in cutie\Set frunze 1\frunza nesanatoasa\spectru\940 1 nes.txt,940,940,820.0,830.0,824.95548,325.4376,336.02,30.229826,25.0
in cutie\Set frunze 1\frunza nesanatoasa,leaf_sample,unhealthy,940 1 nes.txt,in cutie\Set frunze 1\frunza nesanatoasa\spectru\940 1 nes.txt,940,940,830.0,840.0,834.888115,310.431154,310.82,31.47168,26.0
in cutie\Set frunze 1\frunza nesanatoasa,leaf_sample,unhealthy,940 1 nes.txt,in cutie\Set frunze 1\frunza nesanatoasa\spectru\940 1 nes.txt,940,940,840.0,850.0,844.977846,316.441923,310.82,32.530359,26.0
in cutie\Set frunze 1\frunza nesanatoasa,leaf_sample,unhealthy,940 1 nes.txt,in cutie\Set frunze 1\frunza nesanatoasa\spectru\940 1 nes.txt,940,940,850.0,860.0,855.029308,315.277308,320.9,33.192029,26.0
in cutie\Set frunze 1\frunza nesanatoasa,leaf_sample,unhealthy,940 1 nes.txt,in cutie\Set frunze 1\frunza nesanatoasa\spectru\940 1 nes.txt,940,940,860.0,870.0,865.042308,323.228846,317.12,40.152011,26.0
in cutie\Set frunze 1\frunza nesanatoasa,leaf_sample,unhealthy,940 1 nes.txt,in cutie\Set frunze 1\frunza nesanatoasa\spectru\940 1 nes.txt,940,940,870.0,880.0,875.016731,319.640769,330.98,39.343686,26.0
in cutie\Set frunze 1\frunza nesanatoasa,leaf_sample,unhealthy,940 1 nes.txt,in cutie\Set frunze 1\frunza nesanatoasa\spectru\940 1 nes.txt,940,940,880.0,890.0,884.952385,320.998077,324.68,42.190991,26.0
in cutie\Set frunze 1\frunza nesanatoasa,leaf_sample,unhealthy,940 1 nes.txt,in cutie\Set frunze 1\frunza nesanatoasa\spectru\940 1 nes.txt,940,940,890.0,900.0,895.039037,350.307778,313.34,168.880503,27.0
in cutie\Set frunze 1\frunza nesanatoasa,leaf_sample,unhealthy,940 1 nes.txt,in cutie\Set frunze 1\frunza nesanatoasa\spectru\940 1 nes.txt,940,940,900.0,910.0,905.085308,328.56,328.46,26.245093,26.0
in cutie\Set frunze 1\frunza nesanatoasa,leaf_sample,unhealthy,940 1 nes.txt,in cutie\Set frunze 1\frunza nesanatoasa\spectru\940 1 nes.txt,940,940,910.0,920.0,915.090519,331.916667,330.98,29.950778,27.0
in cutie\Set frunze 1\frunza nesanatoasa,leaf_sample,unhealthy,940 1 nes.txt,in cutie\Set frunze 1\frunza nesanatoasa\spectru\940 1 nes.txt,940,940,920.0,930.0,925.055154,440.215,455.815,35.954903,26.0
in cutie\Set frunze 1\frunza nesanatoasa,leaf_sample,unhealthy,940 1 nes.txt,in cutie\Set frunze 1\frunza nesanatoasa\spectru\940 1 nes.txt,940,940,930.0,940.0,934.97837,486.71037,488.17,10.750982,27.0
in cutie\Set frunze 1\frunza nesanatoasa,leaf_sample,unhealthy,940 1 nes.txt,in cutie\Set frunze 1\frunza nesanatoasa\spectru\940 1 nes.txt,940,940,940.0,950.0,945.046519,487.414444,490.91,8.41584,27.0
in cutie\Set frunze 1\frunza nesanatoasa,leaf_sample,unhealthy,940 1 nes.txt,in cutie\Set frunze 1\frunza nesanatoasa\spectru\940 1 nes.txt,940,940,950.0,960.0,955.071815,439.551111,460.5,38.615816,27.0
in cutie\Set frunze 1\frunza nesanatoasa,leaf_sample,unhealthy,940 1 nes.txt,in cutie\Set frunze 1\frunza nesanatoasa\spectru\940 1 nes.txt,940,940,960.0,970.0,965.053815,328.37,320.9,34.020966,27.0
in cutie\Set frunze 1\frunza nesanatoasa,leaf_sample,unhealthy,940 1 nes.txt,in cutie\Set frunze 1\frunza nesanatoasa\spectru\940 1 nes.txt,940,940,970.0,980.0,974.992481,315.392593,315.86,33.340806,27.0
in cutie\Set frunze 1\frunza nesanatoasa,leaf_sample,unhealthy,940 1 nes.txt,in cutie\Set frunze 1\frunza nesanatoasa\spectru\940 1 nes.txt,940,940,980.0,990.0,984.887556,319.126296,318.38,32.196512,27.0
in cutie\Set frunze 1\frunza nesanatoasa,leaf_sample,unhealthy,940 1 nes.txt,in cutie\Set frunze 1\frunza nesanatoasa\spectru\940 1 nes.txt,940,940,990.0,1000.0,994.920964,317.480714,312.08,36.159242,28.0
in cutie\Set frunze 1\frunza nesanatoasa,leaf_sample,unhealthy,940 1 nes.txt,in cutie\Set frunze 1\frunza nesanatoasa\spectru\940 1 nes.txt,940,940,1000.0,1010.0,1005.09,315.32,317.12,30.11507,28.0
in cutie\Set frunze 1\frunza nesanatoasa,leaf_sample,unhealthy,940 1 nes.txt,in cutie\Set frunze 1\frunza nesanatoasa\spectru\940 1 nes.txt,940,940,1010.0,1020.0,1015.031556,314.833333,313.34,31.83264,27.0
in cutie\Set frunze 1\frunza nesanatoasa,leaf_sample,unhealthy,940 1 nes.txt,in cutie\Set frunze 1\frunza nesanatoasa\spectru\940 1 nes.txt,940,940,1020.0,1030.0,1024.926857,314.6,314.6,33.30746,28.0
in cutie\Set frunze 1\frunza nesanatoasa,leaf_sample,unhealthy,940 1 nes.txt,in cutie\Set frunze 1\frunza nesanatoasa\spectru\940 1 nes.txt,940,940,1030.0,1040.0,1032.275,297.44,303.26,28.318716,13.0
in cutie\Set frunze 1\frunza nesanatoasa,leaf_sample,unhealthy,fara filtru 1 nes.txt,in cutie\Set frunze 1\frunza nesanatoasa\spectru\fara filtru 1 nes.txt,fara,,180.0,190.0,188.705167,-108.178333,-112.8,30.400984,6.0
in cutie\Set frunze 1\frunza nesanatoasa,leaf_sample,unhealthy,fara filtru 1 nes.txt,in cutie\Set frunze 1\frunza nesanatoasa\spectru\fara filtru 1 nes.txt,fara,,190.0,200.0,194.959762,46.840476,43.48,111.255586,21.0
in cutie\Set frunze 1\frunza nesanatoasa,leaf_sample,unhealthy,fara filtru 1 nes.txt,in cutie\Set frunze 1\frunza nesanatoasa\spectru\fara filtru 1 nes.txt,fara,,200.0,210.0,204.905818,302.068636,313.18,34.683024,22.0
in cutie\Set frunze 1\frunza nesanatoasa,leaf_sample,unhealthy,fara filtru 1 nes.txt,in cutie\Set frunze 1\frunza nesanatoasa\spectru\fara filtru 1 nes.txt,fara,,210.0,220.0,215.0625,291.529091,290.5,29.60677,22.0
in cutie\Set frunze 1\frunza nesanatoasa,leaf_sample,unhealthy,fara filtru 1 nes.txt,in cutie\Set frunze 1\frunza nesanatoasa\spectru\fara filtru 1 nes.txt,fara,,220.0,230.0,224.968333,275.85381,272.85,31.802887,21.0
in cutie\Set frunze 1\frunza nesanatoasa,leaf_sample,unhealthy,fara filtru 1 nes.txt,in cutie\Set frunze 1\frunza nesanatoasa\spectru\fara filtru 1 nes.txt,fara,,230.0,240.0,234.853682,285.568636,280.41,22.189281,22.0
in cutie\Set frunze 1\frunza nesanatoasa,leaf_sample,unhealthy,fara filtru 1 nes.txt,in cutie\Set frunze 1\frunza nesanatoasa\spectru\fara filtru 1 nes.txt,fara,,240.0,250.0,244.948455,310.89,298.06,62.095212,22.0
in cutie\Set frunze 1\frunza nesanatoasa,leaf_sample,unhealthy,fara filtru 1 nes.txt,in cutie\Set frunze 1\frunza nesanatoasa\spectru\fara filtru 1 nes.txt,fara,,250.0,260.0,255.021727,291.412273,282.93,38.38895,22.0
in cutie\Set frunze 1\frunza nesanatoasa,leaf_sample,unhealthy,fara filtru 1 nes.txt,in cutie\Set frunze 1\frunza nesanatoasa\spectru\fara filtru 1 nes.txt,fara,,260.0,270.0,265.073818,281.330455,280.41,27.532307,22.0
in cutie\Set frunze 1\frunza nesanatoasa,leaf_sample,unhealthy,fara filtru 1 nes.txt,in cutie\Set frunze 1\frunza nesanatoasa\spectru\fara filtru 1 nes.txt,fara,,270.0,280.0,275.104455,302.297273,300.58,25.232785,22.0
in cutie\Set frunze 1\frunza nesanatoasa,leaf_sample,unhealthy,fara filtru 1 nes.txt,in cutie\Set frunze 1\frunza nesanatoasa\spectru\fara filtru 1 nes.txt,fara,,280.0,290.0,285.113545,300.807727,305.62,32.730455,22.0
in cutie\Set frunze 1\frunza nesanatoasa,leaf_sample,unhealthy,fara filtru 1 nes.txt,in cutie\Set frunze 1\frunza nesanatoasa\spectru\fara filtru 1 nes.txt,fara,,290.0,300.0,295.101045,293.131818,291.76,35.796146,22.0
in cutie\Set frunze 1\frunza nesanatoasa,leaf_sample,unhealthy,fara filtru 1 nes.txt,in cutie\Set frunze 1\frunza nesanatoasa\spectru\fara filtru 1 nes.txt,fara,,300.0,310.0,305.066727,308.941364,299.32,29.691299,22.0
in cutie\Set frunze 1\frunza nesanatoasa,leaf_sample,unhealthy,fara filtru 1 nes.txt,in cutie\Set frunze 1\frunza nesanatoasa\spectru\fara filtru 1 nes.txt,fara,,310.0,320.0,315.010682,300.922727,300.58,33.189622,22.0
in cutie\Set frunze 1\frunza nesanatoasa,leaf_sample,unhealthy,fara filtru 1 nes.txt,in cutie\Set frunze 1\frunza nesanatoasa\spectru\fara filtru 1 nes.txt,fara,,320.0,330.0,324.932818,297.714545,294.28,32.699312,22.0
in cutie\Set frunze 1\frunza nesanatoasa,leaf_sample,unhealthy,fara filtru 1 nes.txt,in cutie\Set frunze 1\frunza nesanatoasa\spectru\fara filtru 1 nes.txt,fara,,330.0,340.0,334.832955,311.921364,305.62,35.7575,22.0
in cutie\Set frunze 1\frunza nesanatoasa,leaf_sample,unhealthy,fara filtru 1 nes.txt,in cutie\Set frunze 1\frunza nesanatoasa\spectru\fara filtru 1 nes.txt,fara,,340.0,350.0,344.935087,317.346087,310.66,75.451239,23.0
in cutie\Set frunze 1\frunza nesanatoasa,leaf_sample,unhealthy,fara filtru 1 nes.txt,in cutie\Set frunze 1\frunza nesanatoasa\spectru\fara filtru 1 nes.txt,fara,,350.0,360.0,355.014136,305.619545,304.36,30.4273,22.0
in cutie\Set frunze 1\frunza nesanatoasa,leaf_sample,unhealthy,fara filtru 1 nes.txt,in cutie\Set frunze 1\frunza nesanatoasa\spectru\fara filtru 1 nes.txt,fara,,360.0,370.0,365.069739,310.880435,313.18,19.858553,23.0
in cutie\Set frunze 1\frunza nesanatoasa,leaf_sample,unhealthy,fara filtru 1 nes.txt,in cutie\Set frunze 1\frunza nesanatoasa\spectru\fara filtru 1 nes.txt,fara,,370.0,380.0,375.102227,316.275455,325.785,27.612207,22.0
in cutie\Set frunze 1\frunza nesanatoasa,leaf_sample,unhealthy,fara filtru 1 nes.txt,in cutie\Set frunze 1\frunza nesanatoasa\spectru\fara filtru 1 nes.txt,fara,,380.0,390.0,385.110913,326.881304,328.31,40.709331,23.0
in cutie\Set frunze 1\frunza nesanatoasa,leaf_sample,unhealthy,fara filtru 1 nes.txt,in cutie\Set frunze 1\frunza nesanatoasa\spectru\fara filtru 1 nes.txt,fara,,390.0,400.0,395.096045,325.440455,320.74,36.56008,22.0
in cutie\Set frunze 1\frunza nesanatoasa,leaf_sample,unhealthy,fara filtru 1 nes.txt,in cutie\Set frunze 1\frunza nesanatoasa\spectru\fara filtru 1 nes.txt,fara,,400.0,410.0,405.057435,313.947391,313.18,31.930031,23.0
in cutie\Set frunze 1\frunza nesanatoasa,leaf_sample,unhealthy,fara filtru 1 nes.txt,in cutie\Set frunze 1\frunza nesanatoasa\spectru\fara filtru 1 nes.txt,fara,,410.0,420.0,414.995091,338.272727,334.61,48.14558,22.0
in cutie\Set frunze 1\frunza nesanatoasa,leaf_sample,unhealthy,fara filtru 1 nes.txt,in cutie\Set frunze 1\frunza nesanatoasa\spectru\fara filtru 1 nes.txt,fara,,420.0,430.0,424.908696,308.140435,308.14,26.300285,23.0
in cutie\Set frunze 1\frunza nesanatoasa,leaf_sample,unhealthy,fara filtru 1 nes.txt,in cutie\Set frunze 1\frunza nesanatoasa\spectru\fara filtru 1 nes.txt,fara,,430.0,440.0,435.01787,313.838696,310.66,30.384114,23.0
in cutie\Set frunze 1\frunza nesanatoasa,leaf_sample,unhealthy,fara filtru 1 nes.txt,in cutie\Set frunze 1\frunza nesanatoasa\spectru\fara filtru 1 nes.txt,fara,,440.0,450.0,445.101783,323.92087,318.22,37.085383,23.0
in cutie\Set frunze 1\frunza nesanatoasa,leaf_sample,unhealthy,fara filtru 1 nes.txt,in cutie\Set frunze 1\frunza nesanatoasa\spectru\fara filtru 1 nes.txt,fara,,450.0,460.0,455.160348,326.442609,328.31,34.312852,23.0
in cutie\Set frunze 1\frunza nesanatoasa,leaf_sample,unhealthy,fara filtru 1 nes.txt,in cutie\Set frunze 1\frunza nesanatoasa\spectru\fara filtru 1 nes.txt,fara,,460.0,470.0,465.193435,329.181739,330.83,31.214875,23.0
in cutie\Set frunze 1\frunza nesanatoasa,leaf_sample,unhealthy,fara filtru 1 nes.txt,in cutie\Set frunze 1\frunza nesanatoasa\spectru\fara filtru 1 nes.txt,fara,,470.0,480.0,475.201,320.633913,313.18,39.633999,23.0
in cutie\Set frunze 1\frunza nesanatoasa,leaf_sample,unhealthy,fara filtru 1 nes.txt,in cutie\Set frunze 1\frunza nesanatoasa\spectru\fara filtru 1 nes.txt,fara,,480.0,490.0,485.182913,333.894348,333.35,29.534666,23.0
in cutie\Set frunze 1\frunza nesanatoasa,leaf_sample,unhealthy,fara filtru 1 nes.txt,in cutie\Set frunze 1\frunza nesanatoasa\spectru\fara filtru 1 nes.txt,fara,,490.0,500.0,495.139043,336.743478,335.87,34.041583,23.0
in cutie\Set frunze 1\frunza nesanatoasa,leaf_sample,unhealthy,fara filtru 1 nes.txt,in cutie\Set frunze 1\frunza nesanatoasa\spectru\fara filtru 1 nes.txt,fara,,500.0,510.0,505.069348,348.798696,345.95,48.502583,23.0
in cutie\Set frunze 1\frunza nesanatoasa,leaf_sample,unhealthy,fara filtru 1 nes.txt,in cutie\Set frunze 1\frunza nesanatoasa\spectru\fara filtru 1 nes.txt,fara,,510.0,520.0,514.973652,359.976957,353.51,42.562293,23.0
in cutie\Set frunze 1\frunza nesanatoasa,leaf_sample,unhealthy,fara filtru 1 nes.txt,in cutie\Set frunze 1\frunza nesanatoasa\spectru\fara filtru 1 nes.txt,fara,,520.0,530.0,525.066167,393.419583,402.66,34.611793,24.0
in cutie\Set frunze 1\frunza nesanatoasa,leaf_sample,unhealthy,fara filtru 1 nes.txt,in cutie\Set frunze 1\frunza nesanatoasa\spectru\fara filtru 1 nes.txt,fara,,530.0,540.0,535.131478,397.566087,396.36,26.340837,23.0
in cutie\Set frunze 1\frunza nesanatoasa,leaf_sample,unhealthy,fara filtru 1 nes.txt,in cutie\Set frunze 1\frunza nesanatoasa\spectru\fara filtru 1 nes.txt,fara,,540.0,550.0,544.956,422.881304,421.57,28.948218,23.0
in cutie\Set frunze 1\frunza nesanatoasa,leaf_sample,unhealthy,fara filtru 1 nes.txt,in cutie\Set frunze 1\frunza nesanatoasa\spectru\fara filtru 1 nes.txt,fara,,550.0,560.0,554.966667,434.589583,431.65,32.465445,24.0
in cutie\Set frunze 1\frunza nesanatoasa,leaf_sample,unhealthy,fara filtru 1 nes.txt,in cutie\Set frunze 1\frunza nesanatoasa\spectru\fara filtru 1 nes.txt,fara,,560.0,570.0,564.949739,428.908696,426.61,29.813024,23.0
in cutie\Set frunze 1\frunza nesanatoasa,leaf_sample,unhealthy,fara filtru 1 nes.txt,in cutie\Set frunze 1\frunza nesanatoasa\spectru\fara filtru 1 nes.txt,fara,,570.0,580.0,574.905,434.485833,427.87,32.329918,24.0
in cutie\Set frunze 1\frunza nesanatoasa,leaf_sample,unhealthy,fara filtru 1 nes.txt,in cutie\Set frunze 1\frunza nesanatoasa\spectru\fara filtru 1 nes.txt,fara,,580.0,590.0,585.043208,431.333333,434.17,36.083711,24.0
in cutie\Set frunze 1\frunza nesanatoasa,leaf_sample,unhealthy,fara filtru 1 nes.txt,in cutie\Set frunze 1\frunza nesanatoasa\spectru\fara filtru 1 nes.txt,fara,,590.0,600.0,595.152042,420.620833,416.53,29.874774,24.0
in cutie\Set frunze 1\frunza nesanatoasa,leaf_sample,unhealthy,fara filtru 1 nes.txt,in cutie\Set frunze 1\frunza nesanatoasa\spectru\fara filtru 1 nes.txt,fara,,600.0,610.0,605.02213,436.361739,434.17,29.000838,23.0
in cutie\Set frunze 1\frunza nesanatoasa,leaf_sample,unhealthy,fara filtru 1 nes.txt,in cutie\Set frunze 1\frunza nesanatoasa\spectru\fara filtru 1 nes.txt,fara,,610.0,620.0,614.863458,430.282083,431.65,27.059401,24.0
in cutie\Set frunze 1\frunza nesanatoasa,leaf_sample,unhealthy,fara filtru 1 nes.txt,in cutie\Set frunze 1\frunza nesanatoasa\spectru\fara filtru 1 nes.txt,fara,,620.0,630.0,624.885125,408.858333,407.7,30.75496,24.0
in cutie\Set frunze 1\frunza nesanatoasa,leaf_sample,unhealthy,fara filtru 1 nes.txt,in cutie\Set frunze 1\frunza nesanatoasa\spectru\fara filtru 1 nes.txt,fara,,630.0,640.0,634.876917,411.27375,411.48,49.097884,24.0
in cutie\Set frunze 1\frunza nesanatoasa,leaf_sample,unhealthy,fara filtru 1 nes.txt,in cutie\Set frunze 1\frunza nesanatoasa\spectru\fara filtru 1 nes.txt,fara,,640.0,650.0,644.83875,399.405417,401.4,26.355929,24.0
in cutie\Set frunze 1\frunza nesanatoasa,leaf_sample,unhealthy,fara filtru 1 nes.txt,in cutie\Set frunze 1\frunza nesanatoasa\spectru\fara filtru 1 nes.txt,fara,,650.0,660.0,654.97728,392.832,391.32,37.999103,25.0
in cutie\Set frunze 1\frunza nesanatoasa,leaf_sample,unhealthy,fara filtru 1 nes.txt,in cutie\Set frunze 1\frunza nesanatoasa\spectru\fara filtru 1 nes.txt,fara,,660.0,670.0,665.084458,358.65625,357.29,31.878877,24.0
in cutie\Set frunze 1\frunza nesanatoasa,leaf_sample,unhealthy,fara filtru 1 nes.txt,in cutie\Set frunze 1\frunza nesanatoasa\spectru\fara filtru 1 nes.txt,fara,,670.0,680.0,674.95475,352.985833,348.47,40.184805,24.0
in cutie\Set frunze 1\frunza nesanatoasa,leaf_sample,unhealthy,fara filtru 1 nes.txt,in cutie\Set frunze 1\frunza nesanatoasa\spectru\fara filtru 1 nes.txt,fara,,680.0,690.0,684.9992,369.9448,378.72,47.924938,25.0
in cutie\Set frunze 1\frunza nesanatoasa,leaf_sample,unhealthy,fara filtru 1 nes.txt,in cutie\Set frunze 1\frunza nesanatoasa\spectru\fara filtru 1 nes.txt,fara,,690.0,700.0,695.012,436.48,432.91,41.735191,24.0
in cutie\Set frunze 1\frunza nesanatoasa,leaf_sample,unhealthy,fara filtru 1 nes.txt,in cutie\Set frunze 1\frunza nesanatoasa\spectru\fara filtru 1 nes.txt,fara,,700.0,710.0,704.99268,537.3108,540.03,40.892347,25.0
in cutie\Set frunze 1\frunza nesanatoasa,leaf_sample,unhealthy,fara filtru 1 nes.txt,in cutie\Set frunze 1\frunza nesanatoasa\spectru\fara filtru 1 nes.txt,fara,,710.0,720.0,714.9415,568.495,580.36,44.82192,24.0
in cutie\Set frunze 1\frunza nesanatoasa,leaf_sample,unhealthy,fara filtru 1 nes.txt,in cutie\Set frunze 1\frunza nesanatoasa\spectru\fara filtru 1 nes.txt,fara,,720.0,730.0,724.85784,600.9308,600.53,35.651229,25.0
in cutie\Set frunze 1\frunza nesanatoasa,leaf_sample,unhealthy,fara filtru 1 nes.txt,in cutie\Set frunze 1\frunza nesanatoasa\spectru\fara filtru 1 nes.txt,fara,,730.0,740.0,734.94336,615.55,610.61,40.814445,25.0
in cutie\Set frunze 1\frunza nesanatoasa,leaf_sample,unhealthy,fara filtru 1 nes.txt,in cutie\Set frunze 1\frunza nesanatoasa\spectru\fara filtru 1 nes.txt,fara,,740.0,750.0,744.99528,625.1268,625.73,39.200163,25.0
in cutie\Set frunze 1\frunza nesanatoasa,leaf_sample,unhealthy,fara filtru 1 nes.txt,in cutie\Set frunze 1\frunza nesanatoasa\spectru\fara filtru 1 nes.txt,fara,,750.0,760.0,755.01288,614.1384,613.13,36.48432,25.0
in cutie\Set frunze 1\frunza nesanatoasa,leaf_sample,unhealthy,fara filtru 1 nes.txt,in cutie\Set frunze 1\frunza nesanatoasa\spectru\fara filtru 1 nes.txt,fara,,760.0,770.0,764.99664,602.9472,595.49,34.900496,25.0
in cutie\Set frunze 1\frunza nesanatoasa,leaf_sample,unhealthy,fara filtru 1 nes.txt,in cutie\Set frunze 1\frunza nesanatoasa\spectru\fara filtru 1 nes.txt,fara,,770.0,780.0,774.94604,573.0036,567.76,41.569404,25.0
in cutie\Set frunze 1\frunza nesanatoasa,leaf_sample,unhealthy,fara filtru 1 nes.txt,in cutie\Set frunze 1\frunza nesanatoasa\spectru\fara filtru 1 nes.txt,fara,,780.0,790.0,784.86132,566.0468,562.72,29.658514,25.0
in cutie\Set frunze 1\frunza nesanatoasa,leaf_sample,unhealthy,fara filtru 1 nes.txt,in cutie\Set frunze 1\frunza nesanatoasa\spectru\fara filtru 1 nes.txt,fara,,790.0,800.0,794.938962,554.478077,548.86,40.192639,26.0
in cutie\Set frunze 1\frunza nesanatoasa,leaf_sample,unhealthy,fara filtru 1 nes.txt,in cutie\Set frunze 1\frunza nesanatoasa\spectru\fara filtru 1 nes.txt,fara,,800.0,810.0,804.98072,542.0504,540.03,34.992003,25.0
in cutie\Set frunze 1\frunza nesanatoasa,leaf_sample,unhealthy,fara filtru 1 nes.txt,in cutie\Set frunze 1\frunza nesanatoasa\spectru\fara filtru 1 nes.txt,fara,,810.0,820.0,814.986231,531.308462,529.95,31.132597,26.0
in cutie\Set frunze 1\frunza nesanatoasa,leaf_sample,unhealthy,fara filtru 1 nes.txt,in cutie\Set frunze 1\frunza nesanatoasa\spectru\fara filtru 1 nes.txt,fara,,820.0,830.0,824.95548,505.2496,504.75,35.958987,25.0
in cutie\Set frunze 1\frunza nesanatoasa,leaf_sample,unhealthy,fara filtru 1 nes.txt,in cutie\Set frunze 1\frunza nesanatoasa\spectru\fara filtru 1 nes.txt,fara,,830.0,840.0,834.888115,486.228846,487.1,32.707815,26.0
in cutie\Set frunze 1\frunza nesanatoasa,leaf_sample,unhealthy,fara filtru 1 nes.txt,in cutie\Set frunze 1\frunza nesanatoasa\spectru\fara filtru 1 nes.txt,fara,,840.0,850.0,844.977846,474.401154,480.8,38.863576,26.0
in cutie\Set frunze 1\frunza nesanatoasa,leaf_sample,unhealthy,fara filtru 1 nes.txt,in cutie\Set frunze 1\frunza nesanatoasa\spectru\fara filtru 1 nes.txt,fara,,850.0,860.0,855.029308,489.298846,489.615,1.004928,26.0
in cutie\Set frunze 1\frunza nesanatoasa,leaf_sample,unhealthy,fara filtru 1 nes.txt,in cutie\Set frunze 1\frunza nesanatoasa\spectru\fara filtru 1 nes.txt,fara,,860.0,870.0,865.042308,490.749231,489.91,1.904939,26.0
in cutie\Set frunze 1\frunza nesanatoasa,leaf_sample,unhealthy,fara filtru 1 nes.txt,in cutie\Set frunze 1\frunza nesanatoasa\spectru\fara filtru 1 nes.txt,fara,,870.0,880.0,875.016731,496.226538,496.0,1.484266,26.0
in cutie\Set frunze 1\frunza nesanatoasa,leaf_sample,unhealthy,fara filtru 1 nes.txt,in cutie\Set frunze 1\frunza nesanatoasa\spectru\fara filtru 1 nes.txt,fara,,880.0,890.0,884.952385,487.77,487.525,3.530574,26.0
in cutie\Set frunze 1\frunza nesanatoasa,leaf_sample,unhealthy,fara filtru 1 nes.txt,in cutie\Set frunze 1\frunza nesanatoasa\spectru\fara filtru 1 nes.txt,fara,,890.0,900.0,895.039037,482.864815,482.75,1.089921,27.0
in cutie\Set frunze 1\frunza nesanatoasa,leaf_sample,unhealthy,fara filtru 1 nes.txt,in cutie\Set frunze 1\frunza nesanatoasa\spectru\fara filtru 1 nes.txt,fara,,900.0,910.0,905.085308,475.484231,475.42,2.163456,26.0
in cutie\Set frunze 1\frunza nesanatoasa,leaf_sample,unhealthy,fara filtru 1 nes.txt,in cutie\Set frunze 1\frunza nesanatoasa\spectru\fara filtru 1 nes.txt,fara,,910.0,920.0,915.090519,475.187037,474.32,2.829057,27.0
in cutie\Set frunze 1\frunza nesanatoasa,leaf_sample,unhealthy,fara filtru 1 nes.txt,in cutie\Set frunze 1\frunza nesanatoasa\spectru\fara filtru 1 nes.txt,fara,,920.0,930.0,925.055154,481.361154,481.54,0.907678,26.0
in cutie\Set frunze 1\frunza nesanatoasa,leaf_sample,unhealthy,fara filtru 1 nes.txt,in cutie\Set frunze 1\frunza nesanatoasa\spectru\fara filtru 1 nes.txt,fara,,930.0,940.0,934.97837,484.396296,484.51,2.428051,27.0
in cutie\Set frunze 1\frunza nesanatoasa,leaf_sample,unhealthy,fara filtru 1 nes.txt,in cutie\Set frunze 1\frunza nesanatoasa\spectru\fara filtru 1 nes.txt,fara,,940.0,950.0,945.046519,495.026296,496.24,2.708705,27.0
in cutie\Set frunze 1\frunza nesanatoasa,leaf_sample,unhealthy,fara filtru 1 nes.txt,in cutie\Set frunze 1\frunza nesanatoasa\spectru\fara filtru 1 nes.txt,fara,,950.0,960.0,955.071815,490.662593,490.19,2.008671,27.0
in cutie\Set frunze 1\frunza nesanatoasa,leaf_sample,unhealthy,fara filtru 1 nes.txt,in cutie\Set frunze 1\frunza nesanatoasa\spectru\fara filtru 1 nes.txt,fara,,960.0,970.0,965.053815,491.898148,492.12,0.978025,27.0
in cutie\Set frunze 1\frunza nesanatoasa,leaf_sample,unhealthy,fara filtru 1 nes.txt,in cutie\Set frunze 1\frunza nesanatoasa\spectru\fara filtru 1 nes.txt,fara,,970.0,980.0,974.992481,483.365556,484.26,5.022767,27.0
in cutie\Set frunze 1\frunza nesanatoasa,leaf_sample,unhealthy,fara filtru 1 nes.txt,in cutie\Set frunze 1\frunza nesanatoasa\spectru\fara filtru 1 nes.txt,fara,,980.0,990.0,984.887556,475.234074,475.77,1.78093,27.0
in cutie\Set frunze 1\frunza nesanatoasa,leaf_sample,unhealthy,fara filtru 1 nes.txt,in cutie\Set frunze 1\frunza nesanatoasa\spectru\fara filtru 1 nes.txt,fara,,990.0,1000.0,994.920964,475.011429,475.7,1.941361,28.0
in cutie\Set frunze 1\frunza nesanatoasa,leaf_sample,unhealthy,fara filtru 1 nes.txt,in cutie\Set frunze 1\frunza nesanatoasa\spectru\fara filtru 1 nes.txt,fara,,1000.0,1010.0,1005.09,475.970714,474.59,3.248061,28.0
in cutie\Set frunze 1\frunza nesanatoasa,leaf_sample,unhealthy,fara filtru 1 nes.txt,in cutie\Set frunze 1\frunza nesanatoasa\spectru\fara filtru 1 nes.txt,fara,,1010.0,1020.0,1015.031556,487.995185,490.03,3.262491,27.0
in cutie\Set frunze 1\frunza nesanatoasa,leaf_sample,unhealthy,fara filtru 1 nes.txt,in cutie\Set frunze 1\frunza nesanatoasa\spectru\fara filtru 1 nes.txt,fara,,1020.0,1030.0,1024.926857,489.948214,489.815,1.248951,28.0
in cutie\Set frunze 1\frunza nesanatoasa,leaf_sample,unhealthy,fara filtru 1 nes.txt,in cutie\Set frunze 1\frunza nesanatoasa\spectru\fara filtru 1 nes.txt,fara,,1030.0,1040.0,1032.275,496.273077,496.6,1.001525,13.0
in cutie\Set frunze 1\frunza verde,leaf_sample,healthy,532.txt,in cutie\Set frunze 1\frunza verde\spectru\532.txt,532,532,180.0,190.0,188.705167,-78.348333,-62.385,36.798949,6.0
in cutie\Set frunze 1\frunza verde,leaf_sample,healthy,532.txt,in cutie\Set frunze 1\frunza verde\spectru\532.txt,532,532,190.0,200.0,194.959762,49.422857,37.18,114.17389,21.0
in cutie\Set frunze 1\frunza verde,leaf_sample,healthy,532.txt,in cutie\Set frunze 1\frunza verde\spectru\532.txt,532,532,200.0,210.0,204.905818,314.557273,313.18,29.251339,22.0
in cutie\Set frunze 1\frunza verde,leaf_sample,healthy,532.txt,in cutie\Set frunze 1\frunza verde\spectru\532.txt,532,532,210.0,220.0,215.0625,301.037273,301.84,35.479881,22.0
in cutie\Set frunze 1\frunza verde,leaf_sample,healthy,532.txt,in cutie\Set frunze 1\frunza verde\spectru\532.txt,532,532,220.0,230.0,224.968333,280.714762,276.63,33.198235,21.0
in cutie\Set frunze 1\frunza verde,leaf_sample,healthy,532.txt,in cutie\Set frunze 1\frunza verde\spectru\532.txt,532,532,230.0,240.0,234.853682,270.217727,267.81,27.016444,22.0
in cutie\Set frunze 1\frunza verde,leaf_sample,healthy,532.txt,in cutie\Set frunze 1\frunza verde\spectru\532.txt,532,532,240.0,250.0,244.948455,297.256364,291.76,51.339452,22.0
in cutie\Set frunze 1\frunza verde,leaf_sample,healthy,532.txt,in cutie\Set frunze 1\frunza verde\spectru\532.txt,532,532,250.0,260.0,255.021727,287.631818,276.63,29.064309,22.0
in cutie\Set frunze 1\frunza verde,leaf_sample,healthy,532.txt,in cutie\Set frunze 1\frunza verde\spectru\532.txt,532,532,260.0,270.0,265.073818,296.454091,299.32,49.679828,22.0
in cutie\Set frunze 1\frunza verde,leaf_sample,healthy,532.txt,in cutie\Set frunze 1\frunza verde\spectru\532.txt,532,532,270.0,280.0,275.104455,297.485455,296.8,27.769581,22.0
in cutie\Set frunze 1\frunza verde,leaf_sample,healthy,532.txt,in cutie\Set frunze 1\frunza verde\spectru\532.txt,532,532,280.0,290.0,285.113545,291.184091,299.32,38.788418,22.0
in cutie\Set frunze 1\frunza verde,leaf_sample,healthy,532.txt,in cutie\Set frunze 1\frunza verde\spectru\532.txt,532,532,290.0,300.0,295.101045,297.600909,298.06,34.176174,22.0
in cutie\Set frunze 1\frunza verde,leaf_sample,healthy,532.txt,in cutie\Set frunze 1\frunza verde\spectru\532.txt,532,532,300.0,310.0,305.066727,294.85,299.32,31.426686,22.0
in cutie\Set frunze 1\frunza verde,leaf_sample,healthy,532.txt,in cutie\Set frunze 1\frunza verde\spectru\532.txt,532,532,310.0,320.0,315.010682,286.944091,284.2,28.647624,22.0
in cutie\Set frunze 1\frunza verde,leaf_sample,healthy,532.txt,in cutie\Set frunze 1\frunza verde\spectru\532.txt,532,532,320.0,330.0,324.932818,321.200909,324.52,36.686518,22.0
in cutie\Set frunze 1\frunza verde,leaf_sample,healthy,532.txt,in cutie\Set frunze 1\frunza verde\spectru\532.txt,532,532,330.0,340.0,334.832955,301.266364,298.06,37.416552,22.0
in cutie\Set frunze 1\frunza verde,leaf_sample,healthy,532.txt,in cutie\Set frunze 1\frunza verde\spectru\532.txt,532,532,340.0,350.0,344.935087,298.55087,291.76,53.357552,23.0
in cutie\Set frunze 1\frunza verde,leaf_sample,healthy,532.txt,in cutie\Set frunze 1\frunza verde\spectru\532.txt,532,532,350.0,360.0,355.014136,299.890455,296.8,36.431249,22.0
in cutie\Set frunze 1\frunza verde,leaf_sample,healthy,532.txt,in cutie\Set frunze 1\frunza verde\spectru\532.txt,532,532,360.0,370.0,365.069739,316.195217,314.44,30.487578,23.0
in cutie\Set frunze 1\frunza verde,leaf_sample,healthy,532.txt,in cutie\Set frunze 1\frunza verde\spectru\532.txt,532,532,370.0,380.0,375.102227,300.006818,304.36,29.35696,22.0
in cutie\Set frunze 1\frunza verde,leaf_sample,healthy,532.txt,in cutie\Set frunze 1\frunza verde\spectru\532.txt,532,532,380.0,390.0,385.110913,320.908261,314.44,46.594273,23.0
in cutie\Set frunze 1\frunza verde,leaf_sample,healthy,532.txt,in cutie\Set frunze 1\frunza verde\spectru\532.txt,532,532,390.0,400.0,395.096045,299.318182,300.58,35.148522,22.0
in cutie\Set frunze 1\frunza verde,leaf_sample,healthy,532.txt,in cutie\Set frunze 1\frunza verde\spectru\532.txt,532,532,400.0,410.0,405.057435,294.716522,296.8,30.884901,23.0
in cutie\Set frunze 1\frunza verde,leaf_sample,healthy,532.txt,in cutie\Set frunze 1\frunza verde\spectru\532.txt,532,532,410.0,420.0,414.995091,320.973636,322.0,41.61696,22.0
in cutie\Set frunze 1\frunza verde,leaf_sample,healthy,532.txt,in cutie\Set frunze 1\frunza verde\spectru\532.txt,532,532,420.0,430.0,424.908696,308.852609,319.48,31.075145,23.0
in cutie\Set frunze 1\frunza verde,leaf_sample,healthy,532.txt,in cutie\Set frunze 1\frunza verde\spectru\532.txt,532,532,430.0,440.0,435.01787,314.99,311.92,23.292172,23.0
in cutie\Set frunze 1\frunza verde,leaf_sample,healthy,532.txt,in cutie\Set frunze 1\frunza verde\spectru\532.txt,532,532,440.0,450.0,445.101783,299.318261,301.84,39.484968,23.0
in cutie\Set frunze 1\frunza verde,leaf_sample,healthy,532.txt,in cutie\Set frunze 1\frunza verde\spectru\532.txt,532,532,450.0,460.0,455.160348,306.003043,309.4,28.917762,23.0
in cutie\Set frunze 1\frunza verde,leaf_sample,healthy,532.txt,in cutie\Set frunze 1\frunza verde\spectru\532.txt,532,532,460.0,470.0,465.193435,308.743478,314.44,42.066973,23.0
in cutie\Set frunze 1\frunza verde,leaf_sample,healthy,532.txt,in cutie\Set frunze 1\frunza verde\spectru\532.txt,532,532,470.0,480.0,475.201,302.167826,304.36,47.455464,23.0
in cutie\Set frunze 1\frunza verde,leaf_sample,healthy,532.txt,in cutie\Set frunze 1\frunza verde\spectru\532.txt,532,532,480.0,490.0,485.182913,308.743478,314.44,33.490103,23.0
in cutie\Set frunze 1\frunza verde,leaf_sample,healthy,532.txt,in cutie\Set frunze 1\frunza verde\spectru\532.txt,532,532,490.0,500.0,495.139043,303.044348,306.88,32.87242,23.0
in cutie\Set frunze 1\frunza verde,leaf_sample,healthy,532.txt,in cutie\Set frunze 1\frunza verde\spectru\532.txt,532,532,500.0,510.0,505.069348,318.496522,311.92,45.900897,23.0
in cutie\Set frunze 1\frunza verde,leaf_sample,healthy,532.txt,in cutie\Set frunze 1\frunza verde\spectru\532.txt,532,532,510.0,520.0,514.973652,316.633913,316.96,32.358628,23.0
in cutie\Set frunze 1\frunza verde,leaf_sample,healthy,532.txt,in cutie\Set frunze 1\frunza verde\spectru\532.txt,532,532,520.0,530.0,525.066167,377.350833,377.46,43.769173,24.0
in cutie\Set frunze 1\frunza verde,leaf_sample,healthy,532.txt,in cutie\Set frunze 1\frunza verde\spectru\532.txt,532,532,530.0,540.0,535.131478,408.141739,405.18,36.742661,23.0
in cutie\Set frunze 1\frunza verde,leaf_sample,healthy,532.txt,in cutie\Set frunze 1\frunza verde\spectru\532.txt,532,532,540.0,550.0,544.956,416.360435,415.27,44.253718,23.0
in cutie\Set frunze 1\frunza verde,leaf_sample,healthy,532.txt,in cutie\Set frunze 1\frunza verde\spectru\532.txt,532,532,550.0,560.0,554.966667,407.49375,397.62,49.274086,24.0
in cutie\Set frunze 1\frunza verde,leaf_sample,healthy,532.txt,in cutie\Set frunze 1\frunza verde\spectru\532.txt,532,532,560.0,570.0,564.949739,315.866957,311.92,34.318475,23.0
in cutie\Set frunze 1\frunza verde,leaf_sample,healthy,532.txt,in cutie\Set frunze 1\frunza verde\spectru\532.txt,532,532,570.0,580.0,574.905,309.085417,314.44,29.061982,24.0
in cutie\Set frunze 1\frunza verde,leaf_sample,healthy,532.txt,in cutie\Set frunze 1\frunza verde\spectru\532.txt,532,532,580.0,590.0,585.043208,305.515417,305.62,36.22135,24.0
in cutie\Set frunze 1\frunza verde,leaf_sample,healthy,532.txt,in cutie\Set frunze 1\frunza verde\spectru\532.txt,532,532,590.0,600.0,595.152042,297.427917,287.98,31.290983,24.0
in cutie\Set frunze 1\frunza verde,leaf_sample,healthy,532.txt,in cutie\Set frunze 1\frunza verde\spectru\532.txt,532,532,600.0,610.0,605.02213,306.332609,309.4,26.456885,23.0
in cutie\Set frunze 1\frunza verde,leaf_sample,healthy,532.txt,in cutie\Set frunze 1\frunza verde\spectru\532.txt,532,532,610.0,620.0,614.863458,310.870417,311.92,38.149838,24.0
in cutie\Set frunze 1\frunza verde,leaf_sample,healthy,532.txt,in cutie\Set frunze 1\frunza verde\spectru\532.txt,532,532,620.0,630.0,624.885125,313.075833,318.22,38.919583,24.0
in cutie\Set frunze 1\frunza verde,leaf_sample,healthy,532.txt,in cutie\Set frunze 1\frunza verde\spectru\532.txt,532,532,630.0,640.0,634.876917,318.432917,318.22,34.329211,24.0
in cutie\Set frunze 1\frunza verde,leaf_sample,healthy,532.txt,in cutie\Set frunze 1\frunza verde\spectru\532.txt,532,532,640.0,650.0,644.83875,321.06,333.35,36.459978,24.0
in cutie\Set frunze 1\frunza verde,leaf_sample,healthy,532.txt,in cutie\Set frunze 1\frunza verde\spectru\532.txt,532,532,650.0,660.0,654.97728,314.442,304.36,37.657412,25.0
in cutie\Set frunze 1\frunza verde,leaf_sample,healthy,532.txt,in cutie\Set frunze 1\frunza verde\spectru\532.txt,532,532,660.0,670.0,665.084458,325.048333,323.26,25.456161,24.0
in cutie\Set frunze 1\frunza verde,leaf_sample,healthy,532.txt,in cutie\Set frunze 1\frunza verde\spectru\532.txt,532,532,670.0,680.0,674.95475,306.145,308.14,45.40273,24.0
in cutie\Set frunze 1\frunza verde,leaf_sample,healthy,532.txt,in cutie\Set frunze 1\frunza verde\spectru\532.txt,532,532,680.0,690.0,684.9992,307.3832,316.96,35.795503,25.0
in cutie\Set frunze 1\frunza verde,leaf_sample,healthy,532.txt,in cutie\Set frunze 1\frunza verde\spectru\532.txt,532,532,690.0,700.0,695.012,292.702917,293.02,35.383617,24.0
in cutie\Set frunze 1\frunza verde,leaf_sample,healthy,532.txt,in cutie\Set frunze 1\frunza verde\spectru\532.txt,532,532,700.0,710.0,704.99268,312.8292,319.48,32.207933,25.0
in cutie\Set frunze 1\frunza verde,leaf_sample,healthy,532.txt,in cutie\Set frunze 1\frunza verde\spectru\532.txt,532,532,710.0,720.0,714.9415,314.336667,311.92,40.325155,24.0
in cutie\Set frunze 1\frunza verde,leaf_sample,healthy,532.txt,in cutie\Set frunze 1\frunza verde\spectru\532.txt,532,532,720.0,730.0,724.85784,312.8288,304.36,24.725996,25.0
in cutie\Set frunze 1\frunza verde,leaf_sample,healthy,532.txt,in cutie\Set frunze 1\frunza verde\spectru\532.txt,532,532,730.0,740.0,734.94336,302.2436,306.88,38.010646,25.0
in cutie\Set frunze 1\frunza verde,leaf_sample,healthy,532.txt,in cutie\Set frunze 1\frunza verde\spectru\532.txt,532,532,740.0,750.0,744.99528,310.106,311.92,26.61419,25.0
in cutie\Set frunze 1\frunza verde,leaf_sample,healthy,532.txt,in cutie\Set frunze 1\frunza verde\spectru\532.txt,532,532,750.0,760.0,755.01288,316.5596,306.88,38.494932,25.0
in cutie\Set frunze 1\frunza verde,leaf_sample,healthy,532.txt,in cutie\Set frunze 1\frunza verde\spectru\532.txt,532,532,760.0,770.0,764.99664,296.2936,296.8,34.191518,25.0
in cutie\Set frunze 1\frunza verde,leaf_sample,healthy,532.txt,in cutie\Set frunze 1\frunza verde\spectru\532.txt,532,532,770.0,780.0,774.94604,306.7796,304.36,32.548704,25.0
in cutie\Set frunze 1\frunza verde,leaf_sample,healthy,532.txt,in cutie\Set frunze 1\frunza verde\spectru\532.txt,532,532,780.0,790.0,784.86132,306.8808,306.88,44.567546,25.0
in cutie\Set frunze 1\frunza verde,leaf_sample,healthy,532.txt,in cutie\Set frunze 1\frunza verde\spectru\532.txt,532,532,790.0,800.0,794.938962,326.075,322.0,37.861787,26.0
in cutie\Set frunze 1\frunza verde,leaf_sample,healthy,532.txt,in cutie\Set frunze 1\frunza verde\spectru\532.txt,532,532,800.0,810.0,804.98072,303.0488,314.44,42.142373,25.0
in cutie\Set frunze 1\frunza verde,leaf_sample,healthy,532.txt,in cutie\Set frunze 1\frunza verde\spectru\532.txt,532,532,810.0,820.0,814.986231,325.494231,334.61,38.973015,26.0
in cutie\Set frunze 1\frunza verde,leaf_sample,healthy,532.txt,in cutie\Set frunze 1\frunza verde\spectru\532.txt,532,532,820.0,830.0,824.95548,331.9852,322.0,34.855289,25.0
in cutie\Set frunze 1\frunza verde,leaf_sample,healthy,532.txt,in cutie\Set frunze 1\frunza verde\spectru\532.txt,532,532,830.0,840.0,834.888115,320.451538,322.0,30.950785,26.0
in cutie\Set frunze 1\frunza verde,leaf_sample,healthy,532.txt,in cutie\Set frunze 1\frunza verde\spectru\532.txt,532,532,840.0,850.0,844.977846,321.325,313.18,39.120227,26.0
in cutie\Set frunze 1\frunza verde,leaf_sample,healthy,532.txt,in cutie\Set frunze 1\frunza verde\spectru\532.txt,532,532,850.0,860.0,855.029308,299.123846,296.8,34.203782,26.0
in cutie\Set frunze 1\frunza verde,leaf_sample,healthy,532.txt,in cutie\Set frunze 1\frunza verde\spectru\532.txt,532,532,860.0,870.0,865.042308,313.374615,315.7,24.107209,26.0
in cutie\Set frunze 1\frunza verde,leaf_sample,healthy,532.txt,in cutie\Set frunze 1\frunza verde\spectru\532.txt,532,532,870.0,880.0,875.016731,319.677692,324.52,39.77275,26.0
in cutie\Set frunze 1\frunza verde,leaf_sample,healthy,532.txt,in cutie\Set frunze 1\frunza verde\spectru\532.txt,532,532,880.0,890.0,884.952385,309.982692,309.4,34.815594,26.0
in cutie\Set frunze 1\frunza verde,leaf_sample,healthy,532.txt,in cutie\Set frunze 1\frunza verde\spectru\532.txt,532,532,890.0,900.0,895.039037,347.117037,306.88,159.160372,27.0
in cutie\Set frunze 1\frunza verde,leaf_sample,healthy,532.txt,in cutie\Set frunze 1\frunza verde\spectru\532.txt,532,532,900.0,910.0,905.085308,319.774231,323.26,35.531968,26.0
in cutie\Set frunze 1\frunza verde,leaf_sample,healthy,532.txt,in cutie\Set frunze 1\frunza verde\spectru\532.txt,532,532,910.0,920.0,915.090519,316.961481,316.96,32.338111,27.0
in cutie\Set frunze 1\frunza verde,leaf_sample,healthy,532.txt,in cutie\Set frunze 1\frunza verde\spectru\532.txt,532,532,920.0,930.0,925.055154,310.757308,309.4,37.706491,26.0
in cutie\Set frunze 1\frunza verde,leaf_sample,healthy,532.txt,in cutie\Set frunze 1\frunza verde\spectru\532.txt,532,532,930.0,940.0,934.97837,324.99037,322.0,47.927531,27.0
in cutie\Set frunze 1\frunza verde,leaf_sample,healthy,532.txt,in cutie\Set frunze 1\frunza verde\spectru\532.txt,532,532,940.0,950.0,945.046519,297.917778,294.28,38.864078,27.0
in cutie\Set frunze 1\frunza verde,leaf_sample,healthy,532.txt,in cutie\Set frunze 1\frunza verde\spectru\532.txt,532,532,950.0,960.0,955.071815,315.001111,314.44,34.034863,27.0
in cutie\Set frunze 1\frunza verde,leaf_sample,healthy,532.txt,in cutie\Set frunze 1\frunza verde\spectru\532.txt,532,532,960.0,970.0,965.053815,321.07,314.44,29.324274,27.0
in cutie\Set frunze 1\frunza verde,leaf_sample,healthy,532.txt,in cutie\Set frunze 1\frunza verde\spectru\532.txt,532,532,970.0,980.0,974.992481,311.735185,314.44,32.591611,27.0
in cutie\Set frunze 1\frunza verde,leaf_sample,healthy,532.txt,in cutie\Set frunze 1\frunza verde\spectru\532.txt,532,532,980.0,990.0,984.887556,306.133333,296.8,36.551796,27.0
in cutie\Set frunze 1\frunza verde,leaf_sample,healthy,532.txt,in cutie\Set frunze 1\frunza verde\spectru\532.txt,532,532,990.0,1000.0,994.920964,314.892143,299.32,55.215381,28.0
in cutie\Set frunze 1\frunza verde,leaf_sample,healthy,532.txt,in cutie\Set frunze 1\frunza verde\spectru\532.txt,532,532,1000.0,1010.0,1005.09,307.330714,306.88,34.996467,28.0
in cutie\Set frunze 1\frunza verde,leaf_sample,healthy,532.txt,in cutie\Set frunze 1\frunza verde\spectru\532.txt,532,532,1010.0,1020.0,1015.031556,315.001481,316.96,31.773909,27.0
in cutie\Set frunze 1\frunza verde,leaf_sample,healthy,532.txt,in cutie\Set frunze 1\frunza verde\spectru\532.txt,532,532,1020.0,1030.0,1024.926857,322.633214,318.22,31.094889,28.0
in cutie\Set frunze 1\frunza verde,leaf_sample,healthy,532.txt,in cutie\Set frunze 1\frunza verde\spectru\532.txt,532,532,1030.0,1040.0,1032.275,308.041538,319.48,27.549969,13.0
in cutie\Set frunze 1\frunza verde,leaf_sample,healthy,556.txt,in cutie\Set frunze 1\frunza verde\spectru\556.txt,556,556,180.0,190.0,188.705167,-73.831667,-58.29,33.768309,6.0
in cutie\Set frunze 1\frunza verde,leaf_sample,healthy,556.txt,in cutie\Set frunze 1\frunza verde\spectru\556.txt,556,556,190.0,200.0,194.959762,54.057143,19.85,122.637845,21.0
in cutie\Set frunze 1\frunza verde,leaf_sample,healthy,556.txt,in cutie\Set frunze 1\frunza verde\spectru\556.txt,556,556,200.0,210.0,204.905818,311.893636,310.98,39.863314,22.0
in cutie\Set frunze 1\frunza verde,leaf_sample,healthy,556.txt,in cutie\Set frunze 1\frunza verde\spectru\556.txt,556,556,210.0,220.0,215.0625,306.393182,317.28,43.367816,22.0
in cutie\Set frunze 1\frunza verde,leaf_sample,healthy,556.txt,in cutie\Set frunze 1\frunza verde\spectru\556.txt,556,556,220.0,230.0,224.968333,299.51381,297.11,28.266534,21.0
in cutie\Set frunze 1\frunza verde,leaf_sample,healthy,556.txt,in cutie\Set frunze 1\frunza verde\spectru\556.txt,556,556,230.0,240.0,234.853682,300.205909,303.41,34.709486,22.0
in cutie\Set frunze 1\frunza verde,leaf_sample,healthy,556.txt,in cutie\Set frunze 1\frunza verde\spectru\556.txt,556,556,240.0,250.0,244.948455,315.330909,307.2,55.400292,22.0
in cutie\Set frunze 1\frunza verde,leaf_sample,healthy,556.txt,in cutie\Set frunze 1\frunza verde\spectru\556.txt,556,556,250.0,260.0,255.021727,302.497727,300.89,37.803553,22.0
in cutie\Set frunze 1\frunza verde,leaf_sample,healthy,556.txt,in cutie\Set frunze 1\frunza verde\spectru\556.txt,556,556,260.0,270.0,265.073818,297.915,297.11,32.094541,22.0
in cutie\Set frunze 1\frunza verde,leaf_sample,healthy,556.txt,in cutie\Set frunze 1\frunza verde\spectru\556.txt,556,556,270.0,280.0,275.104455,314.757727,310.98,35.960548,22.0
in cutie\Set frunze 1\frunza verde,leaf_sample,healthy,556.txt,in cutie\Set frunze 1\frunza verde\spectru\556.txt,556,556,280.0,290.0,285.113545,298.144091,295.85,36.924878,22.0
in cutie\Set frunze 1\frunza verde,leaf_sample,healthy,556.txt,in cutie\Set frunze 1\frunza verde\spectru\556.txt,556,556,290.0,300.0,295.101045,320.944091,314.76,35.676078,22.0
in cutie\Set frunze 1\frunza verde,leaf_sample,healthy,556.txt,in cutie\Set frunze 1\frunza verde\spectru\556.txt,556,556,300.0,310.0,305.066727,320.83,318.54,36.650396,22.0
in cutie\Set frunze 1\frunza verde,leaf_sample,healthy,556.txt,in cutie\Set frunze 1\frunza verde\spectru\556.txt,556,556,310.0,320.0,315.010682,304.675455,309.72,39.063931,22.0
in cutie\Set frunze 1\frunza verde,leaf_sample,healthy,556.txt,in cutie\Set frunze 1\frunza verde\spectru\556.txt,556,556,320.0,330.0,324.932818,324.380909,317.28,25.59786,22.0
in cutie\Set frunze 1\frunza verde,leaf_sample,healthy,556.txt,in cutie\Set frunze 1\frunza verde\spectru\556.txt,556,556,330.0,340.0,334.832955,325.985455,321.06,37.6003,22.0
in cutie\Set frunze 1\frunza verde,leaf_sample,healthy,556.txt,in cutie\Set frunze 1\frunza verde\spectru\556.txt,556,556,340.0,350.0,344.935087,335.25087,324.84,58.761791,23.0
in cutie\Set frunze 1\frunza verde,leaf_sample,healthy,556.txt,in cutie\Set frunze 1\frunza verde\spectru\556.txt,556,556,350.0,360.0,355.014136,325.298182,326.1,30.071058,22.0
in cutie\Set frunze 1\frunza verde,leaf_sample,healthy,556.txt,in cutie\Set frunze 1\frunza verde\spectru\556.txt,556,556,360.0,370.0,365.069739,320.783913,322.32,28.871052,23.0
in cutie\Set frunze 1\frunza verde,leaf_sample,healthy,556.txt,in cutie\Set frunze 1\frunza verde\spectru\556.txt,556,556,370.0,380.0,375.102227,324.152727,316.02,26.989882,22.0
in cutie\Set frunze 1\frunza verde,leaf_sample,healthy,556.txt,in cutie\Set frunze 1\frunza verde\spectru\556.txt,556,556,380.0,390.0,385.110913,339.743913,339.96,44.054393,23.0
in cutie\Set frunze 1\frunza verde,leaf_sample,healthy,556.txt,in cutie\Set frunze 1\frunza verde\spectru\556.txt,556,556,390.0,400.0,395.096045,320.027727,312.24,46.358416,22.0
in cutie\Set frunze 1\frunza verde,leaf_sample,healthy,556.txt,in cutie\Set frunze 1\frunza verde\spectru\556.txt,556,556,400.0,410.0,405.057435,320.675217,317.28,29.0225,23.0
in cutie\Set frunze 1\frunza verde,leaf_sample,healthy,556.txt,in cutie\Set frunze 1\frunza verde\spectru\556.txt,556,556,410.0,420.0,414.995091,319.225909,314.76,41.771163,22.0
in cutie\Set frunze 1\frunza verde,leaf_sample,healthy,556.txt,in cutie\Set frunze 1\frunza verde\spectru\556.txt,556,556,420.0,430.0,424.908696,311.578696,309.72,36.06358,23.0
in cutie\Set frunze 1\frunza verde,leaf_sample,healthy,556.txt,in cutie\Set frunze 1\frunza verde\spectru\556.txt,556,556,430.0,440.0,435.01787,320.455652,309.72,33.499148,23.0
in cutie\Set frunze 1\frunza verde,leaf_sample,healthy,556.txt,in cutie\Set frunze 1\frunza verde\spectru\556.txt,556,556,440.0,450.0,445.101783,315.963913,314.76,38.478252,23.0
in cutie\Set frunze 1\frunza verde,leaf_sample,healthy,556.txt,in cutie\Set frunze 1\frunza verde\spectru\556.txt,556,556,450.0,460.0,455.160348,324.62,324.84,23.195113,23.0
in cutie\Set frunze 1\frunza verde,leaf_sample,healthy,556.txt,in cutie\Set frunze 1\frunza verde\spectru\556.txt,556,556,460.0,470.0,465.193435,319.798696,314.76,35.608534,23.0
in cutie\Set frunze 1\frunza verde,leaf_sample,healthy,556.txt,in cutie\Set frunze 1\frunza verde\spectru\556.txt,556,556,470.0,480.0,475.201,317.825217,322.32,34.534908,23.0
in cutie\Set frunze 1\frunza verde,leaf_sample,healthy,556.txt,in cutie\Set frunze 1\frunza verde\spectru\556.txt,556,556,480.0,490.0,485.182913,336.236957,337.44,39.68692,23.0
in cutie\Set frunze 1\frunza verde,leaf_sample,healthy,556.txt,in cutie\Set frunze 1\frunza verde\spectru\556.txt,556,556,490.0,500.0,495.139043,325.167826,322.32,31.23869,23.0
in cutie\Set frunze 1\frunza verde,leaf_sample,healthy,556.txt,in cutie\Set frunze 1\frunza verde\spectru\556.txt,556,556,500.0,510.0,505.069348,340.949565,334.92,39.740569,23.0
in cutie\Set frunze 1\frunza verde,leaf_sample,healthy,556.txt,in cutie\Set frunze 1\frunza verde\spectru\556.txt,556,556,510.0,520.0,514.973652,321.223043,324.84,28.143363,23.0
in cutie\Set frunze 1\frunza verde,leaf_sample,healthy,556.txt,in cutie\Set frunze 1\frunza verde\spectru\556.txt,556,556,520.0,530.0,525.066167,336.286667,331.14,37.407479,24.0
in cutie\Set frunze 1\frunza verde,leaf_sample,healthy,556.txt,in cutie\Set frunze 1\frunza verde\spectru\556.txt,556,556,530.0,540.0,535.131478,415.36087,413.06,32.863386,23.0
in cutie\Set frunze 1\frunza verde,leaf_sample,healthy,556.txt,in cutie\Set frunze 1\frunza verde\spectru\556.txt,556,556,540.0,550.0,544.956,425.661739,423.14,35.093046,23.0
in cutie\Set frunze 1\frunza verde,leaf_sample,healthy,556.txt,in cutie\Set frunze 1\frunza verde\spectru\556.txt,556,556,550.0,560.0,554.966667,444.986667,443.31,33.199089,24.0
in cutie\Set frunze 1\frunza verde,leaf_sample,healthy,556.txt,in cutie\Set frunze 1\frunza verde\spectru\556.txt,556,556,560.0,570.0,564.949739,435.196957,433.22,29.064714,23.0
in cutie\Set frunze 1\frunza verde,leaf_sample,healthy,556.txt,in cutie\Set frunze 1\frunza verde\spectru\556.txt,556,556,570.0,580.0,574.905,351.305417,352.57,44.497885,24.0
in cutie\Set frunze 1\frunza verde,leaf_sample,healthy,556.txt,in cutie\Set frunze 1\frunza verde\spectru\556.txt,556,556,580.0,590.0,585.043208,334.187083,332.4,28.936715,24.0
in cutie\Set frunze 1\frunza verde,leaf_sample,healthy,556.txt,in cutie\Set frunze 1\frunza verde\spectru\556.txt,556,556,590.0,600.0,595.152042,325.154583,321.06,29.550362,24.0
in cutie\Set frunze 1\frunza verde,leaf_sample,healthy,556.txt,in cutie\Set frunze 1\frunza verde\spectru\556.txt,556,556,600.0,610.0,605.02213,329.881739,319.8,30.681774,23.0
in cutie\Set frunze 1\frunza verde,leaf_sample,healthy,556.txt,in cutie\Set frunze 1\frunza verde\spectru\556.txt,556,556,610.0,620.0,614.863458,320.324583,318.54,25.652765,24.0
in cutie\Set frunze 1\frunza verde,leaf_sample,healthy,556.txt,in cutie\Set frunze 1\frunza verde\spectru\556.txt,556,556,620.0,630.0,624.885125,329.671667,331.14,33.240684,24.0
in cutie\Set frunze 1\frunza verde,leaf_sample,healthy,556.txt,in cutie\Set frunze 1\frunza verde\spectru\556.txt,556,556,630.0,640.0,634.876917,333.871667,334.92,33.374515,24.0
in cutie\Set frunze 1\frunza verde,leaf_sample,healthy,556.txt,in cutie\Set frunze 1\frunza verde\spectru\556.txt,556,556,640.0,650.0,644.83875,330.194583,332.4,36.6953,24.0
in cutie\Set frunze 1\frunza verde,leaf_sample,healthy,556.txt,in cutie\Set frunze 1\frunza verde\spectru\556.txt,556,556,650.0,660.0,654.97728,318.084,322.32,36.871104,25.0
in cutie\Set frunze 1\frunza verde,leaf_sample,healthy,556.txt,in cutie\Set frunze 1\frunza verde\spectru\556.txt,556,556,660.0,670.0,665.084458,334.082083,333.66,28.753597,24.0
in cutie\Set frunze 1\frunza verde,leaf_sample,healthy,556.txt,in cutie\Set frunze 1\frunza verde\spectru\556.txt,556,556,670.0,680.0,674.95475,328.20125,327.36,26.363316,24.0
in cutie\Set frunze 1\frunza verde,leaf_sample,healthy,556.txt,in cutie\Set frunze 1\frunza verde\spectru\556.txt,556,556,680.0,690.0,684.9992,323.1264,324.84,39.033797,25.0
in cutie\Set frunze 1\frunza verde,leaf_sample,healthy,556.txt,in cutie\Set frunze 1\frunza verde\spectru\556.txt,556,556,690.0,700.0,695.012,317.5925,319.8,39.989099,24.0
in cutie\Set frunze 1\frunza verde,leaf_sample,healthy,556.txt,in cutie\Set frunze 1\frunza verde\spectru\556.txt,556,556,700.0,710.0,704.99268,325.3428,327.36,36.106061,25.0
in cutie\Set frunze 1\frunza verde,leaf_sample,healthy,556.txt,in cutie\Set frunze 1\frunza verde\spectru\556.txt,556,556,710.0,720.0,714.9415,328.305417,327.36,32.021988,24.0
in cutie\Set frunze 1\frunza verde,leaf_sample,healthy,556.txt,in cutie\Set frunze 1\frunza verde\spectru\556.txt,556,556,720.0,730.0,724.85784,331.6964,329.88,46.828507,25.0
in cutie\Set frunze 1\frunza verde,leaf_sample,healthy,556.txt,in cutie\Set frunze 1\frunza verde\spectru\556.txt,556,556,730.0,740.0,734.94336,315.0604,312.24,28.079712,25.0
in cutie\Set frunze 1\frunza verde,leaf_sample,healthy,556.txt,in cutie\Set frunze 1\frunza verde\spectru\556.txt,556,556,740.0,750.0,744.99528,331.998,345.0,37.808769,25.0
in cutie\Set frunze 1\frunza verde,leaf_sample,healthy,556.txt,in cutie\Set frunze 1\frunza verde\spectru\556.txt,556,556,750.0,760.0,755.01288,319.5964,324.84,27.527237,25.0
in cutie\Set frunze 1\frunza verde,leaf_sample,healthy,556.txt,in cutie\Set frunze 1\frunza verde\spectru\556.txt,556,556,760.0,770.0,764.99664,324.5372,327.36,32.020596,25.0
in cutie\Set frunze 1\frunza verde,leaf_sample,healthy,556.txt,in cutie\Set frunze 1\frunza verde\spectru\556.txt,556,556,770.0,780.0,774.94604,322.9232,327.36,41.882923,25.0
in cutie\Set frunze 1\frunza verde,leaf_sample,healthy,556.txt,in cutie\Set frunze 1\frunza verde\spectru\556.txt,556,556,780.0,790.0,784.86132,333.914,332.4,32.933266,25.0
in cutie\Set frunze 1\frunza verde,leaf_sample,healthy,556.txt,in cutie\Set frunze 1\frunza verde\spectru\556.txt,556,556,790.0,800.0,794.938962,325.808077,323.58,38.923299,26.0
in cutie\Set frunze 1\frunza verde,leaf_sample,healthy,556.txt,in cutie\Set frunze 1\frunza verde\spectru\556.txt,556,556,800.0,810.0,804.98072,321.412,324.84,31.318922,25.0
in cutie\Set frunze 1\frunza verde,leaf_sample,healthy,556.txt,in cutie\Set frunze 1\frunza verde\spectru\556.txt,556,556,810.0,820.0,814.986231,323.093846,326.1,42.458302,26.0
in cutie\Set frunze 1\frunza verde,leaf_sample,healthy,556.txt,in cutie\Set frunze 1\frunza verde\spectru\556.txt,556,556,820.0,830.0,824.95548,331.1908,342.48,37.278719,25.0
in cutie\Set frunze 1\frunza verde,leaf_sample,healthy,556.txt,in cutie\Set frunze 1\frunza verde\spectru\556.txt,556,556,830.0,840.0,834.888115,308.455769,310.98,29.850034,26.0
in cutie\Set frunze 1\frunza verde,leaf_sample,healthy,556.txt,in cutie\Set frunze 1\frunza verde\spectru\556.txt,556,556,840.0,850.0,844.977846,321.057692,321.06,34.540969,26.0
in cutie\Set frunze 1\frunza verde,leaf_sample,healthy,556.txt,in cutie\Set frunze 1\frunza verde\spectru\556.txt,556,556,850.0,860.0,855.029308,326.777692,326.1,37.570434,26.0
in cutie\Set frunze 1\frunza verde,leaf_sample,healthy,556.txt,in cutie\Set frunze 1\frunza verde\spectru\556.txt,556,556,860.0,870.0,865.042308,327.650385,322.32,37.178729,26.0
in cutie\Set frunze 1\frunza verde,leaf_sample,healthy,556.txt,in cutie\Set frunze 1\frunza verde\spectru\556.txt,556,556,870.0,880.0,875.016731,332.594615,333.66,39.877779,26.0
in cutie\Set frunze 1\frunza verde,leaf_sample,healthy,556.txt,in cutie\Set frunze 1\frunza verde\spectru\556.txt,556,556,880.0,890.0,884.952385,317.277308,317.28,33.30741,26.0
in cutie\Set frunze 1\frunza verde,leaf_sample,healthy,556.txt,in cutie\Set frunze 1\frunza verde\spectru\556.txt,556,556,890.0,900.0,895.039037,352.191852,329.88,151.223974,27.0
in cutie\Set frunze 1\frunza verde,leaf_sample,healthy,556.txt,in cutie\Set frunze 1\frunza verde\spectru\556.txt,556,556,900.0,910.0,905.085308,317.665385,314.76,40.875345,26.0
in cutie\Set frunze 1\frunza verde,leaf_sample,healthy,556.txt,in cutie\Set frunze 1\frunza verde\spectru\556.txt,556,556,910.0,920.0,915.090519,320.171481,317.28,28.341323,27.0
in cutie\Set frunze 1\frunza verde,leaf_sample,healthy,556.txt,in cutie\Set frunze 1\frunza verde\spectru\556.txt,556,556,920.0,930.0,925.055154,331.432308,328.62,28.824598,26.0
in cutie\Set frunze 1\frunza verde,leaf_sample,healthy,556.txt,in cutie\Set frunze 1\frunza verde\spectru\556.txt,556,556,930.0,940.0,934.97837,324.932963,317.28,57.148122,27.0
in cutie\Set frunze 1\frunza verde,leaf_sample,healthy,556.txt,in cutie\Set frunze 1\frunza verde\spectru\556.txt,556,556,940.0,950.0,945.046519,333.801852,329.88,29.6121,27.0
in cutie\Set frunze 1\frunza verde,leaf_sample,healthy,556.txt,in cutie\Set frunze 1\frunza verde\spectru\556.txt,556,556,950.0,960.0,955.071815,324.744444,337.44,43.853037,27.0
in cutie\Set frunze 1\frunza verde,leaf_sample,healthy,556.txt,in cutie\Set frunze 1\frunza verde\spectru\556.txt,556,556,960.0,970.0,965.053815,336.882222,339.96,36.913566,27.0
in cutie\Set frunze 1\frunza verde,leaf_sample,healthy,556.txt,in cutie\Set frunze 1\frunza verde\spectru\556.txt,556,556,970.0,980.0,974.992481,314.849259,307.2,34.194567,27.0
in cutie\Set frunze 1\frunza verde,leaf_sample,healthy,556.txt,in cutie\Set frunze 1\frunza verde\spectru\556.txt,556,556,980.0,990.0,984.887556,316.25037,319.8,35.596048,27.0
in cutie\Set frunze 1\frunza verde,leaf_sample,healthy,556.txt,in cutie\Set frunze 1\frunza verde\spectru\556.txt,556,556,990.0,1000.0,994.920964,333.390714,332.4,33.128307,28.0
in cutie\Set frunze 1\frunza verde,leaf_sample,healthy,556.txt,in cutie\Set frunze 1\frunza verde\spectru\556.txt,556,556,1000.0,1010.0,1005.09,320.069286,318.54,33.353653,28.0
in cutie\Set frunze 1\frunza verde,leaf_sample,healthy,556.txt,in cutie\Set frunze 1\frunza verde\spectru\556.txt,556,556,1010.0,1020.0,1015.031556,316.064444,314.76,33.102074,27.0
in cutie\Set frunze 1\frunza verde,leaf_sample,healthy,556.txt,in cutie\Set frunze 1\frunza verde\spectru\556.txt,556,556,1020.0,1030.0,1024.926857,313.496786,323.58,37.853475,28.0
in cutie\Set frunze 1\frunza verde,leaf_sample,healthy,556.txt,in cutie\Set frunze 1\frunza verde\spectru\556.txt,556,556,1030.0,1040.0,1032.275,331.431538,317.28,50.794346,13.0
in cutie\Set frunze 1\frunza verde,leaf_sample,healthy,680.txt,in cutie\Set frunze 1\frunza verde\spectru\680.txt,680,680,180.0,190.0,188.705167,-130.966667,-136.43,9.916876,6.0
in cutie\Set frunze 1\frunza verde,leaf_sample,healthy,680.txt,in cutie\Set frunze 1\frunza verde\spectru\680.txt,680,680,190.0,200.0,194.959762,47.454286,29.93,118.52321,21.0
in cutie\Set frunze 1\frunza verde,leaf_sample,healthy,680.txt,in cutie\Set frunze 1\frunza verde\spectru\680.txt,680,680,200.0,210.0,204.905818,280.156364,278.21,46.003975,22.0
in cutie\Set frunze 1\frunza verde,leaf_sample,healthy,680.txt,in cutie\Set frunze 1\frunza verde\spectru\680.txt,680,680,210.0,220.0,215.0625,278.552273,279.47,33.607717,22.0
in cutie\Set frunze 1\frunza verde,leaf_sample,healthy,680.txt,in cutie\Set frunze 1\frunza verde\spectru\680.txt,680,680,220.0,230.0,224.968333,284.390952,287.03,29.421834,21.0
in cutie\Set frunze 1\frunza verde,leaf_sample,healthy,680.txt,in cutie\Set frunze 1\frunza verde\spectru\680.txt,680,680,230.0,240.0,234.853682,270.991364,269.39,34.397524,22.0
in cutie\Set frunze 1\frunza verde,leaf_sample,healthy,680.txt,in cutie\Set frunze 1\frunza verde\spectru\680.txt,680,680,240.0,250.0,244.948455,290.353636,281.99,55.443619,22.0
in cutie\Set frunze 1\frunza verde,leaf_sample,healthy,680.txt,in cutie\Set frunze 1\frunza verde\spectru\680.txt,680,680,250.0,260.0,255.021727,285.082273,285.77,37.285501,22.0
in cutie\Set frunze 1\frunza verde,leaf_sample,healthy,680.txt,in cutie\Set frunze 1\frunza verde\spectru\680.txt,680,680,260.0,270.0,265.073818,279.47,280.73,28.077815,22.0
in cutie\Set frunze 1\frunza verde,leaf_sample,healthy,680.txt,in cutie\Set frunze 1\frunza verde\spectru\680.txt,680,680,270.0,280.0,275.104455,269.960455,270.65,39.136201,22.0
in cutie\Set frunze 1\frunza verde,leaf_sample,healthy,680.txt,in cutie\Set frunze 1\frunza verde\spectru\680.txt,680,680,280.0,290.0,285.113545,288.176818,288.29,30.244467,22.0
in cutie\Set frunze 1\frunza verde,leaf_sample,healthy,680.txt,in cutie\Set frunze 1\frunza verde\spectru\680.txt,680,680,290.0,300.0,295.101045,287.718636,281.99,32.174169,22.0
in cutie\Set frunze 1\frunza verde,leaf_sample,healthy,680.txt,in cutie\Set frunze 1\frunza verde\spectru\680.txt,680,680,300.0,310.0,305.066727,281.416364,275.69,26.038917,22.0
in cutie\Set frunze 1\frunza verde,leaf_sample,healthy,680.txt,in cutie\Set frunze 1\frunza verde\spectru\680.txt,680,680,310.0,320.0,315.010682,296.54,297.11,40.492478,22.0
in cutie\Set frunze 1\frunza verde,leaf_sample,healthy,680.txt,in cutie\Set frunze 1\frunza verde\spectru\680.txt,680,680,320.0,330.0,324.932818,293.905909,289.55,36.60711,22.0
in cutie\Set frunze 1\frunza verde,leaf_sample,healthy,680.txt,in cutie\Set frunze 1\frunza verde\spectru\680.txt,680,680,330.0,340.0,334.832955,290.468182,288.29,25.96873,22.0
in cutie\Set frunze 1\frunza verde,leaf_sample,healthy,680.txt,in cutie\Set frunze 1\frunza verde\spectru\680.txt,680,680,340.0,350.0,344.935087,308.29087,299.63,53.183321,23.0
in cutie\Set frunze 1\frunza verde,leaf_sample,healthy,680.txt,in cutie\Set frunze 1\frunza verde\spectru\680.txt,680,680,350.0,360.0,355.014136,294.820455,302.15,33.507481,22.0
in cutie\Set frunze 1\frunza verde,leaf_sample,healthy,680.txt,in cutie\Set frunze 1\frunza verde\spectru\680.txt,680,680,360.0,370.0,365.069739,295.688261,294.59,28.24249,23.0
in cutie\Set frunze 1\frunza verde,leaf_sample,healthy,680.txt,in cutie\Set frunze 1\frunza verde\spectru\680.txt,680,680,370.0,380.0,375.102227,297.228636,295.85,30.574584,22.0
in cutie\Set frunze 1\frunza verde,leaf_sample,healthy,680.txt,in cutie\Set frunze 1\frunza verde\spectru\680.txt,680,680,380.0,390.0,385.110913,297.88,299.63,46.999746,23.0
in cutie\Set frunze 1\frunza verde,leaf_sample,healthy,680.txt,in cutie\Set frunze 1\frunza verde\spectru\680.txt,680,680,390.0,400.0,395.096045,313.037273,299.63,40.943883,22.0
in cutie\Set frunze 1\frunza verde,leaf_sample,healthy,680.txt,in cutie\Set frunze 1\frunza verde\spectru\680.txt,680,680,400.0,410.0,405.057435,300.071739,299.63,22.832433,23.0
in cutie\Set frunze 1\frunza verde,leaf_sample,healthy,680.txt,in cutie\Set frunze 1\frunza verde\spectru\680.txt,680,680,410.0,420.0,414.995091,301.236818,295.85,41.636959,22.0
in cutie\Set frunze 1\frunza verde,leaf_sample,healthy,680.txt,in cutie\Set frunze 1\frunza verde\spectru\680.txt,680,680,420.0,430.0,424.908696,291.962174,287.03,33.575591,23.0
in cutie\Set frunze 1\frunza verde,leaf_sample,healthy,680.txt,in cutie\Set frunze 1\frunza verde\spectru\680.txt,680,680,430.0,440.0,435.01787,298.866087,304.67,35.989473,23.0
in cutie\Set frunze 1\frunza verde,leaf_sample,healthy,680.txt,in cutie\Set frunze 1\frunza verde\spectru\680.txt,680,680,440.0,450.0,445.101783,299.633913,304.67,36.572535,23.0
in cutie\Set frunze 1\frunza verde,leaf_sample,healthy,680.txt,in cutie\Set frunze 1\frunza verde\spectru\680.txt,680,680,450.0,460.0,455.160348,294.373478,302.15,31.455103,23.0
in cutie\Set frunze 1\frunza verde,leaf_sample,healthy,680.txt,in cutie\Set frunze 1\frunza verde\spectru\680.txt,680,680,460.0,470.0,465.193435,296.784783,297.11,23.319663,23.0
in cutie\Set frunze 1\frunza verde,leaf_sample,healthy,680.txt,in cutie\Set frunze 1\frunza verde\spectru\680.txt,680,680,470.0,480.0,475.201,286.701304,292.07,32.807081,23.0
in cutie\Set frunze 1\frunza verde,leaf_sample,healthy,680.txt,in cutie\Set frunze 1\frunza verde\spectru\680.txt,680,680,480.0,490.0,485.182913,310.811304,319.8,37.221915,23.0
in cutie\Set frunze 1\frunza verde,leaf_sample,healthy,680.txt,in cutie\Set frunze 1\frunza verde\spectru\680.txt,680,680,490.0,500.0,495.139043,293.933478,294.59,35.203561,23.0
in cutie\Set frunze 1\frunza verde,leaf_sample,healthy,680.txt,in cutie\Set frunze 1\frunza verde\spectru\680.txt,680,680,500.0,510.0,505.069348,311.688696,309.72,45.933223,23.0
in cutie\Set frunze 1\frunza verde,leaf_sample,healthy,680.txt,in cutie\Set frunze 1\frunza verde\spectru\680.txt,680,680,510.0,520.0,514.973652,297.222174,304.67,31.696528,23.0
in cutie\Set frunze 1\frunza verde,leaf_sample,healthy,680.txt,in cutie\Set frunze 1\frunza verde\spectru\680.txt,680,680,520.0,530.0,525.066167,288.29125,287.03,28.904922,24.0
in cutie\Set frunze 1\frunza verde,leaf_sample,healthy,680.txt,in cutie\Set frunze 1\frunza verde\spectru\680.txt,680,680,530.0,540.0,535.131478,306.647826,312.24,32.678725,23.0
in cutie\Set frunze 1\frunza verde,leaf_sample,healthy,680.txt,in cutie\Set frunze 1\frunza verde\spectru\680.txt,680,680,540.0,550.0,544.956,299.853043,307.2,38.741898,23.0
in cutie\Set frunze 1\frunza verde,leaf_sample,healthy,680.txt,in cutie\Set frunze 1\frunza verde\spectru\680.txt,680,680,550.0,560.0,554.966667,287.76625,289.55,32.852942,24.0
in cutie\Set frunze 1\frunza verde,leaf_sample,healthy,680.txt,in cutie\Set frunze 1\frunza verde\spectru\680.txt,680,680,560.0,570.0,564.949739,302.592174,294.59,43.939792,23.0
in cutie\Set frunze 1\frunza verde,leaf_sample,healthy,680.txt,in cutie\Set frunze 1\frunza verde\spectru\680.txt,680,680,570.0,580.0,574.905,300.263333,293.33,25.049677,24.0
in cutie\Set frunze 1\frunza verde,leaf_sample,healthy,680.txt,in cutie\Set frunze 1\frunza verde\spectru\680.txt,680,680,580.0,590.0,585.043208,302.574167,305.935,29.874224,24.0
in cutie\Set frunze 1\frunza verde,leaf_sample,healthy,680.txt,in cutie\Set frunze 1\frunza verde\spectru\680.txt,680,680,590.0,600.0,595.152042,302.994167,304.67,42.681169,24.0
in cutie\Set frunze 1\frunza verde,leaf_sample,healthy,680.txt,in cutie\Set frunze 1\frunza verde\spectru\680.txt,680,680,600.0,610.0,605.02213,282.646522,281.99,28.197987,23.0
in cutie\Set frunze 1\frunza verde,leaf_sample,healthy,680.txt,in cutie\Set frunze 1\frunza verde\spectru\680.txt,680,680,610.0,620.0,614.863458,286.820833,284.51,39.303627,24.0
in cutie\Set frunze 1\frunza verde,leaf_sample,healthy,680.txt,in cutie\Set frunze 1\frunza verde\spectru\680.txt,680,680,620.0,630.0,624.885125,306.249583,302.15,36.611967,24.0
in cutie\Set frunze 1\frunza verde,leaf_sample,healthy,680.txt,in cutie\Set frunze 1\frunza verde\spectru\680.txt,680,680,630.0,640.0,634.876917,317.172917,319.8,45.703803,24.0
in cutie\Set frunze 1\frunza verde,leaf_sample,healthy,680.txt,in cutie\Set frunze 1\frunza verde\spectru\680.txt,680,680,640.0,650.0,644.83875,311.816667,312.24,29.767619,24.0
in cutie\Set frunze 1\frunza verde,leaf_sample,healthy,680.txt,in cutie\Set frunze 1\frunza verde\spectru\680.txt,680,680,650.0,660.0,654.97728,325.0412,332.4,36.615631,25.0
in cutie\Set frunze 1\frunza verde,leaf_sample,healthy,680.txt,in cutie\Set frunze 1\frunza verde\spectru\680.txt,680,680,660.0,670.0,665.084458,334.291667,332.4,30.08338,24.0
in cutie\Set frunze 1\frunza verde,leaf_sample,healthy,680.txt,in cutie\Set frunze 1\frunza verde\spectru\680.txt,680,680,670.0,680.0,674.95475,328.725417,331.14,35.077072,24.0
in cutie\Set frunze 1\frunza verde,leaf_sample,healthy,680.txt,in cutie\Set frunze 1\frunza verde\spectru\680.txt,680,680,680.0,690.0,684.9992,345.5076,342.48,32.592595,25.0
in cutie\Set frunze 1\frunza verde,leaf_sample,healthy,680.txt,in cutie\Set frunze 1\frunza verde\spectru\680.txt,680,680,690.0,700.0,695.012,369.685,370.21,33.82409,24.0
in cutie\Set frunze 1\frunza verde,leaf_sample,healthy,680.txt,in cutie\Set frunze 1\frunza verde\spectru\680.txt,680,680,700.0,710.0,704.99268,322.3192,322.32,34.079638,25.0
in cutie\Set frunze 1\frunza verde,leaf_sample,healthy,680.txt,in cutie\Set frunze 1\frunza verde\spectru\680.txt,680,680,710.0,720.0,714.9415,304.359167,304.67,32.875407,24.0
in cutie\Set frunze 1\frunza verde,leaf_sample,healthy,680.txt,in cutie\Set frunze 1\frunza verde\spectru\680.txt,680,680,720.0,730.0,724.85784,294.894,299.63,44.376112,25.0
in cutie\Set frunze 1\frunza verde,leaf_sample,healthy,680.txt,in cutie\Set frunze 1\frunza verde\spectru\680.txt,680,680,730.0,740.0,734.94336,302.9604,299.63,36.615117,25.0
in cutie\Set frunze 1\frunza verde,leaf_sample,healthy,680.txt,in cutie\Set frunze 1\frunza verde\spectru\680.txt,680,680,740.0,750.0,744.99528,297.9188,297.11,28.505508,25.0
in cutie\Set frunze 1\frunza verde,leaf_sample,healthy,680.txt,in cutie\Set frunze 1\frunza verde\spectru\680.txt,680,680,750.0,760.0,755.01288,305.986,312.24,32.114157,25.0
in cutie\Set frunze 1\frunza verde,leaf_sample,healthy,680.txt,in cutie\Set frunze 1\frunza verde\spectru\680.txt,680,680,760.0,770.0,764.99664,301.4476,302.15,35.636494,25.0
in cutie\Set frunze 1\frunza verde,leaf_sample,healthy,680.txt,in cutie\Set frunze 1\frunza verde\spectru\680.txt,680,680,770.0,780.0,774.94604,292.5764,294.59,31.850445,25.0
in cutie\Set frunze 1\frunza verde,leaf_sample,healthy,680.txt,in cutie\Set frunze 1\frunza verde\spectru\680.txt,680,680,780.0,790.0,784.86132,296.9112,299.63,30.713835,25.0
in cutie\Set frunze 1\frunza verde,leaf_sample,healthy,680.txt,in cutie\Set frunze 1\frunza verde\spectru\680.txt,680,680,790.0,800.0,794.938962,304.674615,299.63,42.63901,26.0
in cutie\Set frunze 1\frunza verde,leaf_sample,healthy,680.txt,in cutie\Set frunze 1\frunza verde\spectru\680.txt,680,680,800.0,810.0,804.98072,302.4568,304.67,32.446542,25.0
in cutie\Set frunze 1\frunza verde,leaf_sample,healthy,680.txt,in cutie\Set frunze 1\frunza verde\spectru\680.txt,680,680,810.0,820.0,814.986231,311.266154,313.5,27.300348,26.0
in cutie\Set frunze 1\frunza verde,leaf_sample,healthy,680.txt,in cutie\Set frunze 1\frunza verde\spectru\680.txt,680,680,820.0,830.0,824.95548,307.6996,302.15,41.717367,25.0
in cutie\Set frunze 1\frunza verde,leaf_sample,healthy,680.txt,in cutie\Set frunze 1\frunza verde\spectru\680.txt,680,680,830.0,840.0,834.888115,307.680769,307.2,35.13475,26.0
in cutie\Set frunze 1\frunza verde,leaf_sample,healthy,680.txt,in cutie\Set frunze 1\frunza verde\spectru\680.txt,680,680,840.0,850.0,844.977846,298.081538,297.11,30.10895,26.0
in cutie\Set frunze 1\frunza verde,leaf_sample,healthy,680.txt,in cutie\Set frunze 1\frunza verde\spectru\680.txt,680,680,850.0,860.0,855.029308,303.802308,302.15,35.919173,26.0
in cutie\Set frunze 1\frunza verde,leaf_sample,healthy,680.txt,in cutie\Set frunze 1\frunza verde\spectru\680.txt,680,680,860.0,870.0,865.042308,291.683462,289.55,33.238486,26.0
in cutie\Set frunze 1\frunza verde,leaf_sample,healthy,680.txt,in cutie\Set frunze 1\frunza verde\spectru\680.txt,680,680,870.0,880.0,875.016731,303.415,305.935,35.873268,26.0
in cutie\Set frunze 1\frunza verde,leaf_sample,healthy,680.txt,in cutie\Set frunze 1\frunza verde\spectru\680.txt,680,680,880.0,890.0,884.952385,301.767308,293.33,35.883695,26.0
in cutie\Set frunze 1\frunza verde,leaf_sample,healthy,680.txt,in cutie\Set frunze 1\frunza verde\spectru\680.txt,680,680,890.0,900.0,895.039037,337.628889,304.67,163.694562,27.0
in cutie\Set frunze 1\frunza verde,leaf_sample,healthy,680.txt,in cutie\Set frunze 1\frunza verde\spectru\680.txt,680,680,900.0,910.0,905.085308,306.905,309.72,27.113939,26.0
in cutie\Set frunze 1\frunza verde,leaf_sample,healthy,680.txt,in cutie\Set frunze 1\frunza verde\spectru\680.txt,680,680,910.0,920.0,915.090519,287.311111,276.95,41.144821,27.0
in cutie\Set frunze 1\frunza verde,leaf_sample,healthy,680.txt,in cutie\Set frunze 1\frunza verde\spectru\680.txt,680,680,920.0,930.0,925.055154,302.347308,302.15,31.169496,26.0
in cutie\Set frunze 1\frunza verde,leaf_sample,healthy,680.txt,in cutie\Set frunze 1\frunza verde\spectru\680.txt,680,680,930.0,940.0,934.97837,310.92963,304.67,56.434154,27.0
in cutie\Set frunze 1\frunza verde,leaf_sample,healthy,680.txt,in cutie\Set frunze 1\frunza verde\spectru\680.txt,680,680,940.0,950.0,945.046519,297.57963,299.63,31.392331,27.0
in cutie\Set frunze 1\frunza verde,leaf_sample,healthy,680.txt,in cutie\Set frunze 1\frunza verde\spectru\680.txt,680,680,950.0,960.0,955.071815,302.434444,304.67,34.948301,27.0
in cutie\Set frunze 1\frunza verde,leaf_sample,healthy,680.txt,in cutie\Set frunze 1\frunza verde\spectru\680.txt,680,680,960.0,970.0,965.053815,302.806667,304.67,39.614877,27.0
in cutie\Set frunze 1\frunza verde,leaf_sample,healthy,680.txt,in cutie\Set frunze 1\frunza verde\spectru\680.txt,680,680,970.0,980.0,974.992481,301.687778,299.63,37.936189,27.0
in cutie\Set frunze 1\frunza verde,leaf_sample,healthy,680.txt,in cutie\Set frunze 1\frunza verde\spectru\680.txt,680,680,980.0,990.0,984.887556,287.497407,292.07,28.28495,27.0
in cutie\Set frunze 1\frunza verde,leaf_sample,healthy,680.txt,in cutie\Set frunze 1\frunza verde\spectru\680.txt,680,680,990.0,1000.0,994.920964,292.251429,297.11,34.534411,28.0
in cutie\Set frunze 1\frunza verde,leaf_sample,healthy,680.txt,in cutie\Set frunze 1\frunza verde\spectru\680.txt,680,680,1000.0,1010.0,1005.09,303.684643,302.15,32.02774,28.0
in cutie\Set frunze 1\frunza verde,leaf_sample,healthy,680.txt,in cutie\Set frunze 1\frunza verde\spectru\680.txt,680,680,1010.0,1020.0,1015.031556,307.848889,304.67,27.368869,27.0
in cutie\Set frunze 1\frunza verde,leaf_sample,healthy,680.txt,in cutie\Set frunze 1\frunza verde\spectru\680.txt,680,680,1020.0,1030.0,1024.926857,290.541429,289.55,34.272475,28.0
in cutie\Set frunze 1\frunza verde,leaf_sample,healthy,680.txt,in cutie\Set frunze 1\frunza verde\spectru\680.txt,680,680,1030.0,1040.0,1032.275,297.693846,294.59,29.446519,13.0
in cutie\Set frunze 1\frunza verde,leaf_sample,healthy,725.txt,in cutie\Set frunze 1\frunza verde\spectru\725.txt,725,725,180.0,190.0,188.705167,-110.015,-109.175,27.356634,6.0
in cutie\Set frunze 1\frunza verde,leaf_sample,healthy,725.txt,in cutie\Set frunze 1\frunza verde\spectru\725.txt,725,725,190.0,200.0,194.959762,44.282381,43.32,112.353642,21.0
in cutie\Set frunze 1\frunza verde,leaf_sample,healthy,725.txt,in cutie\Set frunze 1\frunza verde\spectru\725.txt,725,725,200.0,210.0,204.905818,303.629545,299.16,40.906571,22.0
in cutie\Set frunze 1\frunza verde,leaf_sample,healthy,725.txt,in cutie\Set frunze 1\frunza verde\spectru\725.txt,725,725,210.0,220.0,215.0625,286.672727,294.12,45.394141,22.0
in cutie\Set frunze 1\frunza verde,leaf_sample,healthy,725.txt,in cutie\Set frunze 1\frunza verde\spectru\725.txt,725,725,220.0,230.0,224.968333,291.178571,295.38,35.605776,21.0
in cutie\Set frunze 1\frunza verde,leaf_sample,healthy,725.txt,in cutie\Set frunze 1\frunza verde\spectru\725.txt,725,725,230.0,240.0,234.853682,284.724545,286.56,28.219486,22.0
in cutie\Set frunze 1\frunza verde,leaf_sample,healthy,725.txt,in cutie\Set frunze 1\frunza verde\spectru\725.txt,725,725,240.0,250.0,244.948455,314.168182,310.5,86.169055,22.0
in cutie\Set frunze 1\frunza verde,leaf_sample,healthy,725.txt,in cutie\Set frunze 1\frunza verde\spectru\725.txt,725,725,250.0,260.0,255.021727,304.430909,307.98,41.748139,22.0
in cutie\Set frunze 1\frunza verde,leaf_sample,healthy,725.txt,in cutie\Set frunze 1\frunza verde\spectru\725.txt,725,725,260.0,270.0,265.073818,299.963182,296.64,30.043107,22.0
in cutie\Set frunze 1\frunza verde,leaf_sample,healthy,725.txt,in cutie\Set frunze 1\frunza verde\spectru\725.txt,725,725,270.0,280.0,275.104455,295.837727,300.42,32.940537,22.0
in cutie\Set frunze 1\frunza verde,leaf_sample,healthy,725.txt,in cutie\Set frunze 1\frunza verde\spectru\725.txt,725,725,280.0,290.0,285.113545,295.725,297.9,31.75782,22.0
in cutie\Set frunze 1\frunza verde,leaf_sample,healthy,725.txt,in cutie\Set frunze 1\frunza verde\spectru\725.txt,725,725,290.0,300.0,295.101045,307.754091,304.2,24.660486,22.0
in cutie\Set frunze 1\frunza verde,leaf_sample,healthy,725.txt,in cutie\Set frunze 1\frunza verde\spectru\725.txt,725,725,300.0,310.0,305.066727,303.743182,305.46,33.008756,22.0
in cutie\Set frunze 1\frunza verde,leaf_sample,healthy,725.txt,in cutie\Set frunze 1\frunza verde\spectru\725.txt,725,725,310.0,320.0,315.010682,317.033182,313.02,34.48224,22.0
in cutie\Set frunze 1\frunza verde,leaf_sample,healthy,725.txt,in cutie\Set frunze 1\frunza verde\spectru\725.txt,725,725,320.0,330.0,324.932818,313.023636,311.76,22.326437,22.0
in cutie\Set frunze 1\frunza verde,leaf_sample,healthy,725.txt,in cutie\Set frunze 1\frunza verde\spectru\725.txt,725,725,330.0,340.0,334.832955,320.470909,325.63,33.529933,22.0
in cutie\Set frunze 1\frunza verde,leaf_sample,healthy,725.txt,in cutie\Set frunze 1\frunza verde\spectru\725.txt,725,725,340.0,350.0,344.935087,323.983478,318.07,48.458697,23.0
in cutie\Set frunze 1\frunza verde,leaf_sample,healthy,725.txt,in cutie\Set frunze 1\frunza verde\spectru\725.txt,725,725,350.0,360.0,355.014136,313.482273,307.98,33.184686,22.0
in cutie\Set frunze 1\frunza verde,leaf_sample,healthy,725.txt,in cutie\Set frunze 1\frunza verde\spectru\725.txt,725,725,360.0,370.0,365.069739,315.326522,325.63,34.479148,23.0
in cutie\Set frunze 1\frunza verde,leaf_sample,healthy,725.txt,in cutie\Set frunze 1\frunza verde\spectru\725.txt,725,725,370.0,380.0,375.102227,305.692273,314.285,38.99709,22.0
in cutie\Set frunze 1\frunza verde,leaf_sample,healthy,725.txt,in cutie\Set frunze 1\frunza verde\spectru\725.txt,725,725,380.0,390.0,385.110913,317.955652,325.63,40.023258,23.0
in cutie\Set frunze 1\frunza verde,leaf_sample,healthy,725.txt,in cutie\Set frunze 1\frunza verde\spectru\725.txt,725,725,390.0,400.0,395.096045,317.149091,315.545,44.192704,22.0
in cutie\Set frunze 1\frunza verde,leaf_sample,healthy,725.txt,in cutie\Set frunze 1\frunza verde\spectru\725.txt,725,725,400.0,410.0,405.057435,309.518261,320.59,26.308206,23.0
in cutie\Set frunze 1\frunza verde,leaf_sample,healthy,725.txt,in cutie\Set frunze 1\frunza verde\spectru\725.txt,725,725,410.0,420.0,414.995091,326.772727,325.63,38.00475,22.0
in cutie\Set frunze 1\frunza verde,leaf_sample,healthy,725.txt,in cutie\Set frunze 1\frunza verde\spectru\725.txt,725,725,420.0,430.0,424.908696,318.503478,320.59,32.794273,23.0
in cutie\Set frunze 1\frunza verde,leaf_sample,healthy,725.txt,in cutie\Set frunze 1\frunza verde\spectru\725.txt,725,725,430.0,440.0,435.01787,323.763478,328.15,29.631122,23.0
in cutie\Set frunze 1\frunza verde,leaf_sample,healthy,725.txt,in cutie\Set frunze 1\frunza verde\spectru\725.txt,725,725,440.0,450.0,445.101783,309.516957,310.5,30.454386,23.0
in cutie\Set frunze 1\frunza verde,leaf_sample,healthy,725.txt,in cutie\Set frunze 1\frunza verde\spectru\725.txt,725,725,450.0,460.0,455.160348,310.503913,305.46,32.68768,23.0
in cutie\Set frunze 1\frunza verde,leaf_sample,healthy,725.txt,in cutie\Set frunze 1\frunza verde\spectru\725.txt,725,725,460.0,470.0,465.193435,327.928261,328.15,29.338168,23.0
in cutie\Set frunze 1\frunza verde,leaf_sample,healthy,725.txt,in cutie\Set frunze 1\frunza verde\spectru\725.txt,725,725,470.0,480.0,475.201,319.27,328.15,40.846613,23.0
in cutie\Set frunze 1\frunza verde,leaf_sample,healthy,725.txt,in cutie\Set frunze 1\frunza verde\spectru\725.txt,725,725,480.0,490.0,485.182913,312.037391,323.11,35.929927,23.0
in cutie\Set frunze 1\frunza verde,leaf_sample,healthy,725.txt,in cutie\Set frunze 1\frunza verde\spectru\725.txt,725,725,490.0,500.0,495.139043,325.19,325.63,30.831095,23.0
in cutie\Set frunze 1\frunza verde,leaf_sample,healthy,725.txt,in cutie\Set frunze 1\frunza verde\spectru\725.txt,725,725,500.0,510.0,505.069348,329.792174,328.15,39.613245,23.0
in cutie\Set frunze 1\frunza verde,leaf_sample,healthy,725.txt,in cutie\Set frunze 1\frunza verde\spectru\725.txt,725,725,510.0,520.0,514.973652,325.845652,318.07,32.295564,23.0
in cutie\Set frunze 1\frunza verde,leaf_sample,healthy,725.txt,in cutie\Set frunze 1\frunza verde\spectru\725.txt,725,725,520.0,530.0,525.066167,325.8375,323.11,37.136723,24.0
in cutie\Set frunze 1\frunza verde,leaf_sample,healthy,725.txt,in cutie\Set frunze 1\frunza verde\spectru\725.txt,725,725,530.0,540.0,535.131478,313.901739,313.02,23.453255,23.0
in cutie\Set frunze 1\frunza verde,leaf_sample,healthy,725.txt,in cutie\Set frunze 1\frunza verde\spectru\725.txt,725,725,540.0,550.0,544.956,315.981739,313.02,30.462838,23.0
in cutie\Set frunze 1\frunza verde,leaf_sample,healthy,725.txt,in cutie\Set frunze 1\frunza verde\spectru\725.txt,725,725,550.0,560.0,554.966667,316.7,309.24,42.403247,24.0
in cutie\Set frunze 1\frunza verde,leaf_sample,healthy,725.txt,in cutie\Set frunze 1\frunza verde\spectru\725.txt,725,725,560.0,570.0,564.949739,319.70913,330.67,36.960651,23.0
in cutie\Set frunze 1\frunza verde,leaf_sample,healthy,725.txt,in cutie\Set frunze 1\frunza verde\spectru\725.txt,725,725,570.0,580.0,574.905,314.284583,316.805,35.070914,24.0
in cutie\Set frunze 1\frunza verde,leaf_sample,healthy,725.txt,in cutie\Set frunze 1\frunza verde\spectru\725.txt,725,725,580.0,590.0,585.043208,308.50875,311.76,32.531766,24.0
in cutie\Set frunze 1\frunza verde,leaf_sample,healthy,725.txt,in cutie\Set frunze 1\frunza verde\spectru\725.txt,725,725,590.0,600.0,595.152042,313.654583,313.02,32.978893,24.0
in cutie\Set frunze 1\frunza verde,leaf_sample,healthy,725.txt,in cutie\Set frunze 1\frunza verde\spectru\725.txt,725,725,600.0,610.0,605.02213,321.243913,323.11,32.622115,23.0
in cutie\Set frunze 1\frunza verde,leaf_sample,healthy,725.txt,in cutie\Set frunze 1\frunza verde\spectru\725.txt,725,725,610.0,620.0,614.863458,314.074167,306.72,36.663265,24.0
in cutie\Set frunze 1\frunza verde,leaf_sample,healthy,725.txt,in cutie\Set frunze 1\frunza verde\spectru\725.txt,725,725,620.0,630.0,624.885125,307.772083,306.72,26.793119,24.0
in cutie\Set frunze 1\frunza verde,leaf_sample,healthy,725.txt,in cutie\Set frunze 1\frunza verde\spectru\725.txt,725,725,630.0,640.0,634.876917,314.073333,314.28,54.649626,24.0
in cutie\Set frunze 1\frunza verde,leaf_sample,healthy,725.txt,in cutie\Set frunze 1\frunza verde\spectru\725.txt,725,725,640.0,650.0,644.83875,329.4075,323.11,37.015925,24.0
in cutie\Set frunze 1\frunza verde,leaf_sample,healthy,725.txt,in cutie\Set frunze 1\frunza verde\spectru\725.txt,725,725,650.0,660.0,654.97728,320.7876,325.63,43.646565,25.0
in cutie\Set frunze 1\frunza verde,leaf_sample,healthy,725.txt,in cutie\Set frunze 1\frunza verde\spectru\725.txt,725,725,660.0,670.0,665.084458,310.294167,307.98,41.893412,24.0
in cutie\Set frunze 1\frunza verde,leaf_sample,healthy,725.txt,in cutie\Set frunze 1\frunza verde\spectru\725.txt,725,725,670.0,680.0,674.95475,316.280833,318.07,33.844631,24.0
in cutie\Set frunze 1\frunza verde,leaf_sample,healthy,725.txt,in cutie\Set frunze 1\frunza verde\spectru\725.txt,725,725,680.0,690.0,684.9992,319.6788,323.11,28.861416,25.0
in cutie\Set frunze 1\frunza verde,leaf_sample,healthy,725.txt,in cutie\Set frunze 1\frunza verde\spectru\725.txt,725,725,690.0,700.0,695.012,321.425417,328.15,34.265954,24.0
in cutie\Set frunze 1\frunza verde,leaf_sample,healthy,725.txt,in cutie\Set frunze 1\frunza verde\spectru\725.txt,725,725,700.0,710.0,704.99268,411.8312,408.81,58.746207,25.0
in cutie\Set frunze 1\frunza verde,leaf_sample,healthy,725.txt,in cutie\Set frunze 1\frunza verde\spectru\725.txt,725,725,710.0,720.0,714.9415,518.55625,509.63,33.541955,24.0
in cutie\Set frunze 1\frunza verde,leaf_sample,healthy,725.txt,in cutie\Set frunze 1\frunza verde\spectru\725.txt,725,725,720.0,730.0,724.85784,569.518,565.08,24.667545,25.0
in cutie\Set frunze 1\frunza verde,leaf_sample,healthy,725.txt,in cutie\Set frunze 1\frunza verde\spectru\725.txt,725,725,730.0,740.0,734.94336,535.944,549.96,60.502338,25.0
in cutie\Set frunze 1\frunza verde,leaf_sample,healthy,725.txt,in cutie\Set frunze 1\frunza verde\spectru\725.txt,725,725,740.0,750.0,744.99528,377.2488,365.96,36.908616,25.0
in cutie\Set frunze 1\frunza verde,leaf_sample,healthy,725.txt,in cutie\Set frunze 1\frunza verde\spectru\725.txt,725,725,750.0,760.0,755.01288,322.8036,323.11,30.014508,25.0
in cutie\Set frunze 1\frunza verde,leaf_sample,healthy,725.txt,in cutie\Set frunze 1\frunza verde\spectru\725.txt,725,725,760.0,770.0,764.99664,321.6956,318.07,32.256116,25.0
in cutie\Set frunze 1\frunza verde,leaf_sample,healthy,725.txt,in cutie\Set frunze 1\frunza verde\spectru\725.txt,725,725,770.0,780.0,774.94604,316.25,318.07,36.641693,25.0
in cutie\Set frunze 1\frunza verde,leaf_sample,healthy,725.txt,in cutie\Set frunze 1\frunza verde\spectru\725.txt,725,725,780.0,790.0,784.86132,317.762,315.54,30.232932,25.0
in cutie\Set frunze 1\frunza verde,leaf_sample,healthy,725.txt,in cutie\Set frunze 1\frunza verde\spectru\725.txt,725,725,790.0,800.0,794.938962,325.724615,326.89,31.329335,26.0
in cutie\Set frunze 1\frunza verde,leaf_sample,healthy,725.txt,in cutie\Set frunze 1\frunza verde\spectru\725.txt,725,725,800.0,810.0,804.98072,329.4584,330.67,28.014575,25.0
in cutie\Set frunze 1\frunza verde,leaf_sample,healthy,725.txt,in cutie\Set frunze 1\frunza verde\spectru\725.txt,725,725,810.0,820.0,814.986231,314.575385,313.02,26.473258,26.0
in cutie\Set frunze 1\frunza verde,leaf_sample,healthy,725.txt,in cutie\Set frunze 1\frunza verde\spectru\725.txt,725,725,820.0,830.0,824.95548,329.7608,333.19,33.567224,25.0
in cutie\Set frunze 1\frunza verde,leaf_sample,healthy,725.txt,in cutie\Set frunze 1\frunza verde\spectru\725.txt,725,725,830.0,840.0,834.888115,310.794231,310.5,22.471881,26.0
in cutie\Set frunze 1\frunza verde,leaf_sample,healthy,725.txt,in cutie\Set frunze 1\frunza verde\spectru\725.txt,725,725,840.0,850.0,844.977846,316.320385,321.85,40.407067,26.0
in cutie\Set frunze 1\frunza verde,leaf_sample,healthy,725.txt,in cutie\Set frunze 1\frunza verde\spectru\725.txt,725,725,850.0,860.0,855.029308,303.33,305.46,32.47308,26.0
in cutie\Set frunze 1\frunza verde,leaf_sample,healthy,725.txt,in cutie\Set frunze 1\frunza verde\spectru\725.txt,725,725,860.0,870.0,865.042308,325.239231,319.33,25.414825,26.0
in cutie\Set frunze 1\frunza verde,leaf_sample,healthy,725.txt,in cutie\Set frunze 1\frunza verde\spectru\725.txt,725,725,870.0,880.0,875.016731,339.587692,331.93,40.739598,26.0
in cutie\Set frunze 1\frunza verde,leaf_sample,healthy,725.txt,in cutie\Set frunze 1\frunza verde\spectru\725.txt,725,725,880.0,890.0,884.952385,316.997692,315.54,29.196146,26.0
in cutie\Set frunze 1\frunza verde,leaf_sample,healthy,725.txt,in cutie\Set frunze 1\frunza verde\spectru\725.txt,725,725,890.0,900.0,895.039037,364.276296,333.19,167.803341,27.0
in cutie\Set frunze 1\frunza verde,leaf_sample,healthy,725.txt,in cutie\Set frunze 1\frunza verde\spectru\725.txt,725,725,900.0,910.0,905.085308,307.207692,318.065,34.798036,26.0
in cutie\Set frunze 1\frunza verde,leaf_sample,healthy,725.txt,in cutie\Set frunze 1\frunza verde\spectru\725.txt,725,725,910.0,920.0,915.090519,310.502963,310.5,34.129031,27.0
in cutie\Set frunze 1\frunza verde,leaf_sample,healthy,725.txt,in cutie\Set frunze 1\frunza verde\spectru\725.txt,725,725,920.0,930.0,925.055154,326.403077,324.37,26.617907,26.0
in cutie\Set frunze 1\frunza verde,leaf_sample,healthy,725.txt,in cutie\Set frunze 1\frunza verde\spectru\725.txt,725,725,930.0,940.0,934.97837,335.148519,323.11,64.256844,27.0
in cutie\Set frunze 1\frunza verde,leaf_sample,healthy,725.txt,in cutie\Set frunze 1\frunza verde\spectru\725.txt,725,725,940.0,950.0,945.046519,318.905185,325.63,29.697459,27.0
in cutie\Set frunze 1\frunza verde,leaf_sample,healthy,725.txt,in cutie\Set frunze 1\frunza verde\spectru\725.txt,725,725,950.0,960.0,955.071815,317.972222,318.07,31.223122,27.0
in cutie\Set frunze 1\frunza verde,leaf_sample,healthy,725.txt,in cutie\Set frunze 1\frunza verde\spectru\725.txt,725,725,960.0,970.0,965.053815,320.492593,318.07,26.377559,27.0
in cutie\Set frunze 1\frunza verde,leaf_sample,healthy,725.txt,in cutie\Set frunze 1\frunza verde\spectru\725.txt,725,725,970.0,980.0,974.992481,326.00037,325.63,30.981783,27.0
in cutie\Set frunze 1\frunza verde,leaf_sample,healthy,725.txt,in cutie\Set frunze 1\frunza verde\spectru\725.txt,725,725,980.0,990.0,984.887556,318.625185,315.54,32.463614,27.0
in cutie\Set frunze 1\frunza verde,leaf_sample,healthy,725.txt,in cutie\Set frunze 1\frunza verde\spectru\725.txt,725,725,990.0,1000.0,994.920964,326.796786,331.93,30.95441,28.0
in cutie\Set frunze 1\frunza verde,leaf_sample,healthy,725.txt,in cutie\Set frunze 1\frunza verde\spectru\725.txt,725,725,1000.0,1010.0,1005.09,313.294286,306.72,32.659192,28.0
in cutie\Set frunze 1\frunza verde,leaf_sample,healthy,725.txt,in cutie\Set frunze 1\frunza verde\spectru\725.txt,725,725,1010.0,1020.0,1015.031556,308.17037,305.46,34.388705,27.0
in cutie\Set frunze 1\frunza verde,leaf_sample,healthy,725.txt,in cutie\Set frunze 1\frunza verde\spectru\725.txt,725,725,1020.0,1030.0,1024.926857,308.072857,313.02,38.22973,28.0
in cutie\Set frunze 1\frunza verde,leaf_sample,healthy,725.txt,in cutie\Set frunze 1\frunza verde\spectru\725.txt,725,725,1030.0,1040.0,1032.275,327.179231,328.15,29.086789,13.0
in cutie\Set frunze 1\frunza verde,leaf_sample,healthy,850.txt,in cutie\Set frunze 1\frunza verde\spectru\850.txt,850,850,180.0,190.0,188.705167,-101.766667,-86.64,42.800964,6.0
in cutie\Set frunze 1\frunza verde,leaf_sample,healthy,850.txt,in cutie\Set frunze 1\frunza verde\spectru\850.txt,850,850,190.0,200.0,194.959762,46.347143,51.99,111.855201,21.0
in cutie\Set frunze 1\frunza verde,leaf_sample,healthy,850.txt,in cutie\Set frunze 1\frunza verde\spectru\850.txt,850,850,200.0,210.0,204.905818,312.408182,315.39,48.576489,22.0
in cutie\Set frunze 1\frunza verde,leaf_sample,healthy,850.txt,in cutie\Set frunze 1\frunza verde\spectru\850.txt,850,850,210.0,220.0,215.0625,304.501818,296.48,18.825971,22.0
in cutie\Set frunze 1\frunza verde,leaf_sample,healthy,850.txt,in cutie\Set frunze 1\frunza verde\spectru\850.txt,850,850,220.0,230.0,224.968333,281.84,278.84,33.544205,21.0
in cutie\Set frunze 1\frunza verde,leaf_sample,healthy,850.txt,in cutie\Set frunze 1\frunza verde\spectru\850.txt,850,850,230.0,240.0,234.853682,290.066364,296.48,41.247247,22.0
in cutie\Set frunze 1\frunza verde,leaf_sample,healthy,850.txt,in cutie\Set frunze 1\frunza verde\spectru\850.txt,850,850,240.0,250.0,244.948455,306.566364,307.83,52.587267,22.0
in cutie\Set frunze 1\frunza verde,leaf_sample,healthy,850.txt,in cutie\Set frunze 1\frunza verde\spectru\850.txt,850,850,250.0,260.0,255.021727,298.775,302.785,32.412137,22.0
in cutie\Set frunze 1\frunza verde,leaf_sample,healthy,850.txt,in cutie\Set frunze 1\frunza verde\spectru\850.txt,850,850,260.0,270.0,265.073818,297.629091,297.74,33.960105,22.0
in cutie\Set frunze 1\frunza verde,leaf_sample,healthy,850.txt,in cutie\Set frunze 1\frunza verde\spectru\850.txt,850,850,270.0,280.0,275.104455,322.261818,322.95,31.027854,22.0
in cutie\Set frunze 1\frunza verde,leaf_sample,healthy,850.txt,in cutie\Set frunze 1\frunza verde\spectru\850.txt,850,850,280.0,290.0,285.113545,313.668182,322.95,33.99113,22.0
in cutie\Set frunze 1\frunza verde,leaf_sample,healthy,850.txt,in cutie\Set frunze 1\frunza verde\spectru\850.txt,850,850,290.0,300.0,295.101045,314.470909,316.65,44.736659,22.0
in cutie\Set frunze 1\frunza verde,leaf_sample,healthy,850.txt,in cutie\Set frunze 1\frunza verde\spectru\850.txt,850,850,300.0,310.0,305.066727,315.960909,311.61,32.919429,22.0
in cutie\Set frunze 1\frunza verde,leaf_sample,healthy,850.txt,in cutie\Set frunze 1\frunza verde\spectru\850.txt,850,850,310.0,320.0,315.010682,308.283182,301.52,38.82905,22.0
in cutie\Set frunze 1\frunza verde,leaf_sample,healthy,850.txt,in cutie\Set frunze 1\frunza verde\spectru\850.txt,850,850,320.0,330.0,324.932818,315.044091,320.43,32.105572,22.0
in cutie\Set frunze 1\frunza verde,leaf_sample,healthy,850.txt,in cutie\Set frunze 1\frunza verde\spectru\850.txt,850,850,330.0,340.0,334.832955,306.908636,307.825,27.540991,22.0
in cutie\Set frunze 1\frunza verde,leaf_sample,healthy,850.txt,in cutie\Set frunze 1\frunza verde\spectru\850.txt,850,850,340.0,350.0,344.935087,333.304783,321.69,52.56125,23.0
in cutie\Set frunze 1\frunza verde,leaf_sample,healthy,850.txt,in cutie\Set frunze 1\frunza verde\spectru\850.txt,850,850,350.0,360.0,355.014136,314.126818,311.61,29.668734,22.0
in cutie\Set frunze 1\frunza verde,leaf_sample,healthy,850.txt,in cutie\Set frunze 1\frunza verde\spectru\850.txt,850,850,360.0,370.0,365.069739,325.086522,321.69,34.660854,23.0
in cutie\Set frunze 1\frunza verde,leaf_sample,healthy,850.txt,in cutie\Set frunze 1\frunza verde\spectru\850.txt,850,850,370.0,380.0,375.102227,324.895909,326.73,30.056704,22.0
in cutie\Set frunze 1\frunza verde,leaf_sample,healthy,850.txt,in cutie\Set frunze 1\frunza verde\spectru\850.txt,850,850,380.0,390.0,385.110913,337.907391,341.85,43.796396,23.0
in cutie\Set frunze 1\frunza verde,leaf_sample,healthy,850.txt,in cutie\Set frunze 1\frunza verde\spectru\850.txt,850,850,390.0,400.0,395.096045,330.739545,329.25,40.418928,22.0
in cutie\Set frunze 1\frunza verde,leaf_sample,healthy,850.txt,in cutie\Set frunze 1\frunza verde\spectru\850.txt,850,850,400.0,410.0,405.057435,337.468696,334.29,34.225548,23.0
in cutie\Set frunze 1\frunza verde,leaf_sample,healthy,850.txt,in cutie\Set frunze 1\frunza verde\spectru\850.txt,850,850,410.0,420.0,414.995091,336.010455,338.07,38.357256,22.0
in cutie\Set frunze 1\frunza verde,leaf_sample,healthy,850.txt,in cutie\Set frunze 1\frunza verde\spectru\850.txt,850,850,420.0,430.0,424.908696,318.073043,324.21,33.35506,23.0
in cutie\Set frunze 1\frunza verde,leaf_sample,healthy,850.txt,in cutie\Set frunze 1\frunza verde\spectru\850.txt,850,850,430.0,440.0,435.01787,325.633043,326.73,36.547837,23.0
in cutie\Set frunze 1\frunza verde,leaf_sample,healthy,850.txt,in cutie\Set frunze 1\frunza verde\spectru\850.txt,850,850,440.0,450.0,445.101783,324.318261,319.17,31.48522,23.0
in cutie\Set frunze 1\frunza verde,leaf_sample,healthy,850.txt,in cutie\Set frunze 1\frunza verde\spectru\850.txt,850,850,450.0,460.0,455.160348,324.975217,331.77,33.934718,23.0
in cutie\Set frunze 1\frunza verde,leaf_sample,healthy,850.txt,in cutie\Set frunze 1\frunza verde\spectru\850.txt,850,850,460.0,470.0,465.193435,327.496957,326.73,32.683677,23.0
in cutie\Set frunze 1\frunza verde,leaf_sample,healthy,850.txt,in cutie\Set frunze 1\frunza verde\spectru\850.txt,850,850,470.0,480.0,475.201,329.688696,331.77,28.688542,23.0
in cutie\Set frunze 1\frunza verde,leaf_sample,healthy,850.txt,in cutie\Set frunze 1\frunza verde\spectru\850.txt,850,850,480.0,490.0,485.182913,320.264348,324.21,31.082415,23.0
in cutie\Set frunze 1\frunza verde,leaf_sample,healthy,850.txt,in cutie\Set frunze 1\frunza verde\spectru\850.txt,850,850,490.0,500.0,495.139043,308.317826,309.09,30.748369,23.0
in cutie\Set frunze 1\frunza verde,leaf_sample,healthy,850.txt,in cutie\Set frunze 1\frunza verde\spectru\850.txt,850,850,500.0,510.0,505.069348,323.551304,314.13,44.950569,23.0
in cutie\Set frunze 1\frunza verde,leaf_sample,healthy,850.txt,in cutie\Set frunze 1\frunza verde\spectru\850.txt,850,850,510.0,520.0,514.973652,321.14087,316.65,24.796085,23.0
in cutie\Set frunze 1\frunza verde,leaf_sample,healthy,850.txt,in cutie\Set frunze 1\frunza verde\spectru\850.txt,850,850,520.0,530.0,525.066167,329.775417,333.03,33.643271,24.0
in cutie\Set frunze 1\frunza verde,leaf_sample,healthy,850.txt,in cutie\Set frunze 1\frunza verde\spectru\850.txt,850,850,530.0,540.0,535.131478,315.550435,321.69,37.905513,23.0
in cutie\Set frunze 1\frunza verde,leaf_sample,healthy,850.txt,in cutie\Set frunze 1\frunza verde\spectru\850.txt,850,850,540.0,550.0,544.956,313.906957,319.17,38.298119,23.0
in cutie\Set frunze 1\frunza verde,leaf_sample,healthy,850.txt,in cutie\Set frunze 1\frunza verde\spectru\850.txt,850,850,550.0,560.0,554.966667,341.4325,339.33,36.676012,24.0
in cutie\Set frunze 1\frunza verde,leaf_sample,healthy,850.txt,in cutie\Set frunze 1\frunza verde\spectru\850.txt,850,850,560.0,570.0,564.949739,317.304783,314.13,32.263576,23.0
in cutie\Set frunze 1\frunza verde,leaf_sample,healthy,850.txt,in cutie\Set frunze 1\frunza verde\spectru\850.txt,850,850,570.0,580.0,574.905,321.898333,329.25,31.03339,24.0
in cutie\Set frunze 1\frunza verde,leaf_sample,healthy,850.txt,in cutie\Set frunze 1\frunza verde\spectru\850.txt,850,850,580.0,590.0,585.043208,330.509583,330.51,31.59956,24.0
in cutie\Set frunze 1\frunza verde,leaf_sample,healthy,850.txt,in cutie\Set frunze 1\frunza verde\spectru\850.txt,850,850,590.0,600.0,595.152042,315.595833,320.43,27.22439,24.0
in cutie\Set frunze 1\frunza verde,leaf_sample,healthy,850.txt,in cutie\Set frunze 1\frunza verde\spectru\850.txt,850,850,600.0,610.0,605.02213,330.455652,331.77,33.247565,23.0
in cutie\Set frunze 1\frunza verde,leaf_sample,healthy,850.txt,in cutie\Set frunze 1\frunza verde\spectru\850.txt,850,850,610.0,620.0,614.863458,308.979583,304.04,29.009052,24.0
in cutie\Set frunze 1\frunza verde,leaf_sample,healthy,850.txt,in cutie\Set frunze 1\frunza verde\spectru\850.txt,850,850,620.0,630.0,624.885125,319.9025,321.69,27.151965,24.0
in cutie\Set frunze 1\frunza verde,leaf_sample,healthy,850.txt,in cutie\Set frunze 1\frunza verde\spectru\850.txt,850,850,630.0,640.0,634.876917,334.8175,327.99,56.821141,24.0
in cutie\Set frunze 1\frunza verde,leaf_sample,healthy,850.txt,in cutie\Set frunze 1\frunza verde\spectru\850.txt,850,850,640.0,650.0,644.83875,310.030833,311.61,37.632282,24.0
in cutie\Set frunze 1\frunza verde,leaf_sample,healthy,850.txt,in cutie\Set frunze 1\frunza verde\spectru\850.txt,850,850,650.0,660.0,654.97728,311.6056,309.09,33.103462,25.0
in cutie\Set frunze 1\frunza verde,leaf_sample,healthy,850.txt,in cutie\Set frunze 1\frunza verde\spectru\850.txt,850,850,660.0,670.0,665.084458,318.012917,314.13,31.800021,24.0
in cutie\Set frunze 1\frunza verde,leaf_sample,healthy,850.txt,in cutie\Set frunze 1\frunza verde\spectru\850.txt,850,850,670.0,680.0,674.95475,321.792917,322.95,39.139274,24.0
in cutie\Set frunze 1\frunza verde,leaf_sample,healthy,850.txt,in cutie\Set frunze 1\frunza verde\spectru\850.txt,850,850,680.0,690.0,684.9992,326.2256,319.17,31.986967,25.0
in cutie\Set frunze 1\frunza verde,leaf_sample,healthy,850.txt,in cutie\Set frunze 1\frunza verde\spectru\850.txt,850,850,690.0,700.0,695.012,331.140833,336.81,29.341997,24.0
in cutie\Set frunze 1\frunza verde,leaf_sample,healthy,850.txt,in cutie\Set frunze 1\frunza verde\spectru\850.txt,850,850,700.0,710.0,704.99268,314.4284,314.13,34.518317,25.0
in cutie\Set frunze 1\frunza verde,leaf_sample,healthy,850.txt,in cutie\Set frunze 1\frunza verde\spectru\850.txt,850,850,710.0,720.0,714.9415,327.885,329.25,34.797649,24.0
in cutie\Set frunze 1\frunza verde,leaf_sample,healthy,850.txt,in cutie\Set frunze 1\frunza verde\spectru\850.txt,850,850,720.0,730.0,724.85784,331.268,326.73,36.892193,25.0
in cutie\Set frunze 1\frunza verde,leaf_sample,healthy,850.txt,in cutie\Set frunze 1\frunza verde\spectru\850.txt,850,850,730.0,740.0,734.94336,327.3336,329.25,30.358179,25.0
in cutie\Set frunze 1\frunza verde,leaf_sample,healthy,850.txt,in cutie\Set frunze 1\frunza verde\spectru\850.txt,850,850,740.0,750.0,744.99528,333.9884,331.77,33.319194,25.0
in cutie\Set frunze 1\frunza verde,leaf_sample,healthy,850.txt,in cutie\Set frunze 1\frunza verde\spectru\850.txt,850,850,750.0,760.0,755.01288,319.9752,314.13,37.179316,25.0
in cutie\Set frunze 1\frunza verde,leaf_sample,healthy,850.txt,in cutie\Set frunze 1\frunza verde\spectru\850.txt,850,850,760.0,770.0,764.99664,330.2588,326.73,34.435851,25.0
in cutie\Set frunze 1\frunza verde,leaf_sample,healthy,850.txt,in cutie\Set frunze 1\frunza verde\spectru\850.txt,850,850,770.0,780.0,774.94604,325.722,319.17,34.31609,25.0
in cutie\Set frunze 1\frunza verde,leaf_sample,healthy,850.txt,in cutie\Set frunze 1\frunza verde\spectru\850.txt,850,850,780.0,790.0,784.86132,330.5612,329.25,33.088697,25.0
in cutie\Set frunze 1\frunza verde,leaf_sample,healthy,850.txt,in cutie\Set frunze 1\frunza verde\spectru\850.txt,850,850,790.0,800.0,794.938962,315.29,321.69,36.1984,26.0
in cutie\Set frunze 1\frunza verde,leaf_sample,healthy,850.txt,in cutie\Set frunze 1\frunza verde\spectru\850.txt,850,850,800.0,810.0,804.98072,325.2156,329.25,28.85332,25.0
in cutie\Set frunze 1\frunza verde,leaf_sample,healthy,850.txt,in cutie\Set frunze 1\frunza verde\spectru\850.txt,850,850,810.0,820.0,814.986231,345.245769,346.89,38.53796,26.0
in cutie\Set frunze 1\frunza verde,leaf_sample,healthy,850.txt,in cutie\Set frunze 1\frunza verde\spectru\850.txt,850,850,820.0,830.0,824.95548,394.9864,392.26,36.58922,25.0
in cutie\Set frunze 1\frunza verde,leaf_sample,healthy,850.txt,in cutie\Set frunze 1\frunza verde\spectru\850.txt,850,850,830.0,840.0,834.888115,479.225385,467.88,31.837942,26.0
in cutie\Set frunze 1\frunza verde,leaf_sample,healthy,850.txt,in cutie\Set frunze 1\frunza verde\spectru\850.txt,850,850,840.0,850.0,844.977846,475.153077,469.14,32.349966,26.0
in cutie\Set frunze 1\frunza verde,leaf_sample,healthy,850.txt,in cutie\Set frunze 1\frunza verde\spectru\850.txt,850,850,850.0,860.0,855.029308,450.431538,440.155,40.322815,26.0
in cutie\Set frunze 1\frunza verde,leaf_sample,healthy,850.txt,in cutie\Set frunze 1\frunza verde\spectru\850.txt,850,850,860.0,870.0,865.042308,422.608462,422.51,33.267578,26.0
in cutie\Set frunze 1\frunza verde,leaf_sample,healthy,850.txt,in cutie\Set frunze 1\frunza verde\spectru\850.txt,850,850,870.0,880.0,875.016731,362.889615,368.32,42.419793,26.0
in cutie\Set frunze 1\frunza verde,leaf_sample,healthy,850.txt,in cutie\Set frunze 1\frunza verde\spectru\850.txt,850,850,880.0,890.0,884.952385,316.841923,309.09,35.563614,26.0
in cutie\Set frunze 1\frunza verde,leaf_sample,healthy,850.txt,in cutie\Set frunze 1\frunza verde\spectru\850.txt,850,850,890.0,900.0,895.039037,364.538148,339.33,159.451116,27.0
in cutie\Set frunze 1\frunza verde,leaf_sample,healthy,850.txt,in cutie\Set frunze 1\frunza verde\spectru\850.txt,850,850,900.0,910.0,905.085308,322.269231,327.99,20.670833,26.0
in cutie\Set frunze 1\frunza verde,leaf_sample,healthy,850.txt,in cutie\Set frunze 1\frunza verde\spectru\850.txt,850,850,910.0,920.0,915.090519,318.701481,321.69,31.142682,27.0
in cutie\Set frunze 1\frunza verde,leaf_sample,healthy,850.txt,in cutie\Set frunze 1\frunza verde\spectru\850.txt,850,850,920.0,930.0,925.055154,329.929231,327.99,36.248734,26.0
in cutie\Set frunze 1\frunza verde,leaf_sample,healthy,850.txt,in cutie\Set frunze 1\frunza verde\spectru\850.txt,850,850,930.0,940.0,934.97837,326.449259,316.65,55.019735,27.0
in cutie\Set frunze 1\frunza verde,leaf_sample,healthy,850.txt,in cutie\Set frunze 1\frunza verde\spectru\850.txt,850,850,940.0,950.0,945.046519,322.995926,321.69,41.4817,27.0
in cutie\Set frunze 1\frunza verde,leaf_sample,healthy,850.txt,in cutie\Set frunze 1\frunza verde\spectru\850.txt,850,850,950.0,960.0,955.071815,321.875556,321.69,35.17332,27.0
in cutie\Set frunze 1\frunza verde,leaf_sample,healthy,850.txt,in cutie\Set frunze 1\frunza verde\spectru\850.txt,850,850,960.0,970.0,965.053815,327.009259,329.25,30.79625,27.0
in cutie\Set frunze 1\frunza verde,leaf_sample,healthy,850.txt,in cutie\Set frunze 1\frunza verde\spectru\850.txt,850,850,970.0,980.0,974.992481,314.967037,319.17,33.333826,27.0
in cutie\Set frunze 1\frunza verde,leaf_sample,healthy,850.txt,in cutie\Set frunze 1\frunza verde\spectru\850.txt,850,850,980.0,990.0,984.887556,309.739259,309.09,27.565773,27.0
in cutie\Set frunze 1\frunza verde,leaf_sample,healthy,850.txt,in cutie\Set frunze 1\frunza verde\spectru\850.txt,850,850,990.0,1000.0,994.920964,325.469286,322.95,31.700704,28.0
in cutie\Set frunze 1\frunza verde,leaf_sample,healthy,850.txt,in cutie\Set frunze 1\frunza verde\spectru\850.txt,850,850,1000.0,1010.0,1005.09,324.568929,322.95,33.80164,28.0
in cutie\Set frunze 1\frunza verde,leaf_sample,healthy,850.txt,in cutie\Set frunze 1\frunza verde\spectru\850.txt,850,850,1010.0,1020.0,1015.031556,320.007407,321.69,25.103681,27.0
in cutie\Set frunze 1\frunza verde,leaf_sample,healthy,850.txt,in cutie\Set frunze 1\frunza verde\spectru\850.txt,850,850,1020.0,1030.0,1024.926857,332.041071,330.51,26.394756,28.0
in cutie\Set frunze 1\frunza verde,leaf_sample,healthy,850.txt,in cutie\Set frunze 1\frunza verde\spectru\850.txt,850,850,1030.0,1040.0,1032.275,317.036154,329.25,32.367384,13.0
in cutie\Set frunze 1\frunza verde,leaf_sample,healthy,940 1 verde.txt,in cutie\Set frunze 1\frunza verde\spectru\940 1 verde.txt,940,940,180.0,190.0,188.705167,-78.346667,-71.205,37.678881,6.0
in cutie\Set frunze 1\frunza verde,leaf_sample,healthy,940 1 verde.txt,in cutie\Set frunze 1\frunza verde\spectru\940 1 verde.txt,940,940,190.0,200.0,194.959762,45.7,59.86,114.846586,21.0
in cutie\Set frunze 1\frunza verde,leaf_sample,healthy,940 1 verde.txt,in cutie\Set frunze 1\frunza verde\spectru\940 1 verde.txt,940,940,200.0,210.0,204.905818,298.288182,289.24,34.491225,22.0
in cutie\Set frunze 1\frunza verde,leaf_sample,healthy,940 1 verde.txt,in cutie\Set frunze 1\frunza verde\spectru\940 1 verde.txt,940,940,210.0,220.0,215.0625,289.465,293.02,34.180394,22.0
in cutie\Set frunze 1\frunza verde,leaf_sample,healthy,940 1 verde.txt,in cutie\Set frunze 1\frunza verde\spectru\940 1 verde.txt,940,940,220.0,230.0,224.968333,277.473333,279.15,32.840769,21.0
in cutie\Set frunze 1\frunza verde,leaf_sample,healthy,940 1 verde.txt,in cutie\Set frunze 1\frunza verde\spectru\940 1 verde.txt,940,940,230.0,240.0,234.853682,279.382273,274.11,31.41813,22.0
in cutie\Set frunze 1\frunza verde,leaf_sample,healthy,940 1 verde.txt,in cutie\Set frunze 1\frunza verde\spectru\940 1 verde.txt,940,940,240.0,250.0,244.948455,298.173636,287.98,73.631516,22.0
in cutie\Set frunze 1\frunza verde,leaf_sample,healthy,940 1 verde.txt,in cutie\Set frunze 1\frunza verde\spectru\940 1 verde.txt,940,940,250.0,260.0,255.021727,294.505909,308.14,41.625561,22.0
in cutie\Set frunze 1\frunza verde,leaf_sample,healthy,940 1 verde.txt,in cutie\Set frunze 1\frunza verde\spectru\940 1 verde.txt,940,940,260.0,270.0,265.073818,294.735455,287.98,25.734935,22.0
in cutie\Set frunze 1\frunza verde,leaf_sample,healthy,940 1 verde.txt,in cutie\Set frunze 1\frunza verde\spectru\940 1 verde.txt,940,940,270.0,280.0,275.104455,283.164091,284.2,26.812142,22.0
in cutie\Set frunze 1\frunza verde,leaf_sample,healthy,940 1 verde.txt,in cutie\Set frunze 1\frunza verde\spectru\940 1 verde.txt,940,940,280.0,290.0,285.113545,294.965455,295.54,29.406776,22.0
in cutie\Set frunze 1\frunza verde,leaf_sample,healthy,940 1 verde.txt,in cutie\Set frunze 1\frunza verde\spectru\940 1 verde.txt,940,940,290.0,300.0,295.101045,290.153636,287.98,30.108527,22.0
in cutie\Set frunze 1\frunza verde,leaf_sample,healthy,940 1 verde.txt,in cutie\Set frunze 1\frunza verde\spectru\940 1 verde.txt,940,940,300.0,310.0,305.066727,300.120455,301.84,29.211029,22.0
in cutie\Set frunze 1\frunza verde,leaf_sample,healthy,940 1 verde.txt,in cutie\Set frunze 1\frunza verde\spectru\940 1 verde.txt,940,940,310.0,320.0,315.010682,295.996364,295.54,36.473328,22.0
in cutie\Set frunze 1\frunza verde,leaf_sample,healthy,940 1 verde.txt,in cutie\Set frunze 1\frunza verde\spectru\940 1 verde.txt,940,940,320.0,330.0,324.932818,297.141818,300.58,35.729892,22.0
in cutie\Set frunze 1\frunza verde,leaf_sample,healthy,940 1 verde.txt,in cutie\Set frunze 1\frunza verde\spectru\940 1 verde.txt,940,940,330.0,340.0,334.832955,293.590909,293.02,33.577552,22.0
in cutie\Set frunze 1\frunza verde,leaf_sample,healthy,940 1 verde.txt,in cutie\Set frunze 1\frunza verde\spectru\940 1 verde.txt,940,940,340.0,350.0,344.935087,296.687826,279.15,54.308338,23.0
in cutie\Set frunze 1\frunza verde,leaf_sample,healthy,940 1 verde.txt,in cutie\Set frunze 1\frunza verde\spectru\940 1 verde.txt,940,940,350.0,360.0,355.014136,300.005909,303.1,25.538349,22.0
in cutie\Set frunze 1\frunza verde,leaf_sample,healthy,940 1 verde.txt,in cutie\Set frunze 1\frunza verde\spectru\940 1 verde.txt,940,940,360.0,370.0,365.069739,288.688261,286.72,29.15819,23.0
in cutie\Set frunze 1\frunza verde,leaf_sample,healthy,940 1 verde.txt,in cutie\Set frunze 1\frunza verde\spectru\940 1 verde.txt,940,940,370.0,380.0,375.102227,291.068636,294.28,27.935172,22.0
in cutie\Set frunze 1\frunza verde,leaf_sample,healthy,940 1 verde.txt,in cutie\Set frunze 1\frunza verde\spectru\940 1 verde.txt,940,940,380.0,390.0,385.110913,296.139565,296.8,39.416452,23.0
in cutie\Set frunze 1\frunza verde,leaf_sample,healthy,940 1 verde.txt,in cutie\Set frunze 1\frunza verde\spectru\940 1 verde.txt,940,940,390.0,400.0,395.096045,310.317727,295.54,48.625451,22.0
in cutie\Set frunze 1\frunza verde,leaf_sample,healthy,940 1 verde.txt,in cutie\Set frunze 1\frunza verde\spectru\940 1 verde.txt,940,940,400.0,410.0,405.057435,281.784348,276.63,33.542431,23.0
in cutie\Set frunze 1\frunza verde,leaf_sample,healthy,940 1 verde.txt,in cutie\Set frunze 1\frunza verde\spectru\940 1 verde.txt,940,940,410.0,420.0,414.995091,319.139091,316.96,33.250017,22.0
in cutie\Set frunze 1\frunza verde,leaf_sample,healthy,940 1 verde.txt,in cutie\Set frunze 1\frunza verde\spectru\940 1 verde.txt,940,940,420.0,430.0,424.908696,312.797826,309.4,31.276875,23.0
in cutie\Set frunze 1\frunza verde,leaf_sample,healthy,940 1 verde.txt,in cutie\Set frunze 1\frunza verde\spectru\940 1 verde.txt,940,940,430.0,440.0,435.01787,294.167826,291.76,32.85122,23.0
in cutie\Set frunze 1\frunza verde,leaf_sample,healthy,940 1 verde.txt,in cutie\Set frunze 1\frunza verde\spectru\940 1 verde.txt,940,940,440.0,450.0,445.101783,314.443043,309.4,37.104383,23.0
in cutie\Set frunze 1\frunza verde,leaf_sample,healthy,940 1 verde.txt,in cutie\Set frunze 1\frunza verde\spectru\940 1 verde.txt,940,940,450.0,460.0,455.160348,303.592609,306.88,36.530728,23.0
in cutie\Set frunze 1\frunza verde,leaf_sample,healthy,940 1 verde.txt,in cutie\Set frunze 1\frunza verde\spectru\940 1 verde.txt,940,940,460.0,470.0,465.193435,311.812174,309.4,28.953455,23.0
in cutie\Set frunze 1\frunza verde,leaf_sample,healthy,940 1 verde.txt,in cutie\Set frunze 1\frunza verde\spectru\940 1 verde.txt,940,940,470.0,480.0,475.201,317.729565,322.0,43.800031,23.0
in cutie\Set frunze 1\frunza verde,leaf_sample,healthy,940 1 verde.txt,in cutie\Set frunze 1\frunza verde\spectru\940 1 verde.txt,940,940,480.0,490.0,485.182913,309.181304,314.44,34.663597,23.0
in cutie\Set frunze 1\frunza verde,leaf_sample,healthy,940 1 verde.txt,in cutie\Set frunze 1\frunza verde\spectru\940 1 verde.txt,940,940,490.0,500.0,495.139043,309.51,311.92,40.687039,23.0
in cutie\Set frunze 1\frunza verde,leaf_sample,healthy,940 1 verde.txt,in cutie\Set frunze 1\frunza verde\spectru\940 1 verde.txt,940,940,500.0,510.0,505.069348,317.182174,314.44,49.893488,23.0
in cutie\Set frunze 1\frunza verde,leaf_sample,healthy,940 1 verde.txt,in cutie\Set frunze 1\frunza verde\spectru\940 1 verde.txt,940,940,510.0,520.0,514.973652,303.483043,304.36,29.67099,23.0
in cutie\Set frunze 1\frunza verde,leaf_sample,healthy,940 1 verde.txt,in cutie\Set frunze 1\frunza verde\spectru\940 1 verde.txt,940,940,520.0,530.0,525.066167,304.67625,311.92,35.171035,24.0
in cutie\Set frunze 1\frunza verde,leaf_sample,healthy,940 1 verde.txt,in cutie\Set frunze 1\frunza verde\spectru\940 1 verde.txt,940,940,530.0,540.0,535.131478,310.716522,306.88,29.053048,23.0
in cutie\Set frunze 1\frunza verde,leaf_sample,healthy,940 1 verde.txt,in cutie\Set frunze 1\frunza verde\spectru\940 1 verde.txt,940,940,540.0,550.0,544.956,292.523913,291.76,39.051759,23.0
in cutie\Set frunze 1\frunza verde,leaf_sample,healthy,940 1 verde.txt,in cutie\Set frunze 1\frunza verde\spectru\940 1 verde.txt,940,940,550.0,560.0,554.966667,312.971667,314.44,36.425146,24.0
in cutie\Set frunze 1\frunza verde,leaf_sample,healthy,940 1 verde.txt,in cutie\Set frunze 1\frunza verde\spectru\940 1 verde.txt,940,940,560.0,570.0,564.949739,317.181304,314.44,31.445594,23.0
in cutie\Set frunze 1\frunza verde,leaf_sample,healthy,940 1 verde.txt,in cutie\Set frunze 1\frunza verde\spectru\940 1 verde.txt,940,940,570.0,580.0,574.905,322.842917,315.7,30.13951,24.0
in cutie\Set frunze 1\frunza verde,leaf_sample,healthy,940 1 verde.txt,in cutie\Set frunze 1\frunza verde\spectru\940 1 verde.txt,940,940,580.0,590.0,585.043208,307.511667,301.84,30.639857,24.0
in cutie\Set frunze 1\frunza verde,leaf_sample,healthy,940 1 verde.txt,in cutie\Set frunze 1\frunza verde\spectru\940 1 verde.txt,940,940,590.0,600.0,595.152042,323.159167,325.78,31.841621,24.0
in cutie\Set frunze 1\frunza verde,leaf_sample,healthy,940 1 verde.txt,in cutie\Set frunze 1\frunza verde\spectru\940 1 verde.txt,940,940,600.0,610.0,605.02213,298.771304,294.28,34.965168,23.0
in cutie\Set frunze 1\frunza verde,leaf_sample,healthy,940 1 verde.txt,in cutie\Set frunze 1\frunza verde\spectru\940 1 verde.txt,940,940,610.0,620.0,614.863458,302.259167,305.62,28.046612,24.0
in cutie\Set frunze 1\frunza verde,leaf_sample,healthy,940 1 verde.txt,in cutie\Set frunze 1\frunza verde\spectru\940 1 verde.txt,940,940,620.0,630.0,624.885125,311.080833,319.48,30.287695,24.0
in cutie\Set frunze 1\frunza verde,leaf_sample,healthy,940 1 verde.txt,in cutie\Set frunze 1\frunza verde\spectru\940 1 verde.txt,940,940,630.0,640.0,634.876917,330.509583,324.52,38.822846,24.0
in cutie\Set frunze 1\frunza verde,leaf_sample,healthy,940 1 verde.txt,in cutie\Set frunze 1\frunza verde\spectru\940 1 verde.txt,940,940,640.0,650.0,644.83875,315.1775,313.18,30.882311,24.0
in cutie\Set frunze 1\frunza verde,leaf_sample,healthy,940 1 verde.txt,in cutie\Set frunze 1\frunza verde\spectru\940 1 verde.txt,940,940,650.0,660.0,654.97728,319.0804,324.52,31.792984,25.0
in cutie\Set frunze 1\frunza verde,leaf_sample,healthy,940 1 verde.txt,in cutie\Set frunze 1\frunza verde\spectru\940 1 verde.txt,940,940,660.0,670.0,665.084458,301.523333,298.06,34.077183,24.0
in cutie\Set frunze 1\frunza verde,leaf_sample,healthy,940 1 verde.txt,in cutie\Set frunze 1\frunza verde\spectru\940 1 verde.txt,940,940,670.0,680.0,674.95475,305.934583,300.58,41.005896,24.0
in cutie\Set frunze 1\frunza verde,leaf_sample,healthy,940 1 verde.txt,in cutie\Set frunze 1\frunza verde\spectru\940 1 verde.txt,940,940,680.0,690.0,684.9992,303.452,306.88,36.140285,25.0
in cutie\Set frunze 1\frunza verde,leaf_sample,healthy,940 1 verde.txt,in cutie\Set frunze 1\frunza verde\spectru\940 1 verde.txt,940,940,690.0,700.0,695.012,296.79875,300.58,39.278342,24.0
in cutie\Set frunze 1\frunza verde,leaf_sample,healthy,940 1 verde.txt,in cutie\Set frunze 1\frunza verde\spectru\940 1 verde.txt,940,940,700.0,710.0,704.99268,310.8132,316.96,38.938829,25.0
in cutie\Set frunze 1\frunza verde,leaf_sample,healthy,940 1 verde.txt,in cutie\Set frunze 1\frunza verde\spectru\940 1 verde.txt,940,940,710.0,720.0,714.9415,305.72625,303.1,29.105783,24.0
in cutie\Set frunze 1\frunza verde,leaf_sample,healthy,940 1 verde.txt,in cutie\Set frunze 1\frunza verde\spectru\940 1 verde.txt,940,940,720.0,730.0,724.85784,311.9208,301.84,38.093872,25.0
in cutie\Set frunze 1\frunza verde,leaf_sample,healthy,940 1 verde.txt,in cutie\Set frunze 1\frunza verde\spectru\940 1 verde.txt,940,940,730.0,740.0,734.94336,316.9616,316.96,33.255606,25.0
in cutie\Set frunze 1\frunza verde,leaf_sample,healthy,940 1 verde.txt,in cutie\Set frunze 1\frunza verde\spectru\940 1 verde.txt,940,940,740.0,750.0,744.99528,315.3496,309.4,29.991903,25.0
in cutie\Set frunze 1\frunza verde,leaf_sample,healthy,940 1 verde.txt,in cutie\Set frunze 1\frunza verde\spectru\940 1 verde.txt,940,940,750.0,760.0,755.01288,328.0536,334.61,27.749999,25.0
in cutie\Set frunze 1\frunza verde,leaf_sample,healthy,940 1 verde.txt,in cutie\Set frunze 1\frunza verde\spectru\940 1 verde.txt,940,940,760.0,770.0,764.99664,303.7552,301.84,29.526161,25.0
in cutie\Set frunze 1\frunza verde,leaf_sample,healthy,940 1 verde.txt,in cutie\Set frunze 1\frunza verde\spectru\940 1 verde.txt,940,940,770.0,780.0,774.94604,323.314,316.96,29.25732,25.0
in cutie\Set frunze 1\frunza verde,leaf_sample,healthy,940 1 verde.txt,in cutie\Set frunze 1\frunza verde\spectru\940 1 verde.txt,940,940,780.0,790.0,784.86132,300.1248,301.84,32.823346,25.0
in cutie\Set frunze 1\frunza verde,leaf_sample,healthy,940 1 verde.txt,in cutie\Set frunze 1\frunza verde\spectru\940 1 verde.txt,940,940,790.0,800.0,794.938962,319.192308,325.78,33.433617,26.0
in cutie\Set frunze 1\frunza verde,leaf_sample,healthy,940 1 verde.txt,in cutie\Set frunze 1\frunza verde\spectru\940 1 verde.txt,940,940,800.0,810.0,804.98072,300.4276,304.36,33.340352,25.0
in cutie\Set frunze 1\frunza verde,leaf_sample,healthy,940 1 verde.txt,in cutie\Set frunze 1\frunza verde\spectru\940 1 verde.txt,940,940,810.0,820.0,814.986231,314.247308,315.7,32.497465,26.0
in cutie\Set frunze 1\frunza verde,leaf_sample,healthy,940 1 verde.txt,in cutie\Set frunze 1\frunza verde\spectru\940 1 verde.txt,940,940,820.0,830.0,824.95548,311.9208,304.36,29.488599,25.0
in cutie\Set frunze 1\frunza verde,leaf_sample,healthy,940 1 verde.txt,in cutie\Set frunze 1\frunza verde\spectru\940 1 verde.txt,940,940,830.0,840.0,834.888115,309.594231,311.92,30.092672,26.0
in cutie\Set frunze 1\frunza verde,leaf_sample,healthy,940 1 verde.txt,in cutie\Set frunze 1\frunza verde\spectru\940 1 verde.txt,940,940,840.0,850.0,844.977846,311.534615,306.88,36.328817,26.0
in cutie\Set frunze 1\frunza verde,leaf_sample,healthy,940 1 verde.txt,in cutie\Set frunze 1\frunza verde\spectru\940 1 verde.txt,940,940,850.0,860.0,855.029308,307.364615,304.36,35.61968,26.0
in cutie\Set frunze 1\frunza verde,leaf_sample,healthy,940 1 verde.txt,in cutie\Set frunze 1\frunza verde\spectru\940 1 verde.txt,940,940,860.0,870.0,865.042308,294.374231,299.32,35.560437,26.0
in cutie\Set frunze 1\frunza verde,leaf_sample,healthy,940 1 verde.txt,in cutie\Set frunze 1\frunza verde\spectru\940 1 verde.txt,940,940,870.0,880.0,875.016731,313.763846,309.4,41.438037,26.0
in cutie\Set frunze 1\frunza verde,leaf_sample,healthy,940 1 verde.txt,in cutie\Set frunze 1\frunza verde\spectru\940 1 verde.txt,940,940,880.0,890.0,884.952385,307.171154,308.14,34.583518,26.0
in cutie\Set frunze 1\frunza verde,leaf_sample,healthy,940 1 verde.txt,in cutie\Set frunze 1\frunza verde\spectru\940 1 verde.txt,940,940,890.0,900.0,895.039037,340.301852,309.4,162.688268,27.0
in cutie\Set frunze 1\frunza verde,leaf_sample,healthy,940 1 verde.txt,in cutie\Set frunze 1\frunza verde\spectru\940 1 verde.txt,940,940,900.0,910.0,905.085308,327.141154,322.0,23.421293,26.0
in cutie\Set frunze 1\frunza verde,leaf_sample,healthy,940 1 verde.txt,in cutie\Set frunze 1\frunza verde\spectru\940 1 verde.txt,940,940,910.0,920.0,915.090519,325.457778,322.0,37.587698,27.0
in cutie\Set frunze 1\frunza verde,leaf_sample,healthy,940 1 verde.txt,in cutie\Set frunze 1\frunza verde\spectru\940 1 verde.txt,940,940,920.0,930.0,925.055154,437.509615,453.16,66.602797,26.0
in cutie\Set frunze 1\frunza verde,leaf_sample,healthy,940 1 verde.txt,in cutie\Set frunze 1\frunza verde\spectru\940 1 verde.txt,940,940,930.0,940.0,934.97837,529.964444,532.12,12.937009,27.0
in cutie\Set frunze 1\frunza verde,leaf_sample,healthy,940 1 verde.txt,in cutie\Set frunze 1\frunza verde\spectru\940 1 verde.txt,940,940,940.0,950.0,945.046519,530.354444,530.05,13.164541,27.0
in cutie\Set frunze 1\frunza verde,leaf_sample,healthy,940 1 verde.txt,in cutie\Set frunze 1\frunza verde\spectru\940 1 verde.txt,940,940,950.0,960.0,955.071815,429.864444,438.66,72.9758,27.0
in cutie\Set frunze 1\frunza verde,leaf_sample,healthy,940 1 verde.txt,in cutie\Set frunze 1\frunza verde\spectru\940 1 verde.txt,940,940,960.0,970.0,965.053815,322.377407,322.0,36.79541,27.0
in cutie\Set frunze 1\frunza verde,leaf_sample,healthy,940 1 verde.txt,in cutie\Set frunze 1\frunza verde\spectru\940 1 verde.txt,940,940,970.0,980.0,974.992481,315.841852,314.44,29.189157,27.0
in cutie\Set frunze 1\frunza verde,leaf_sample,healthy,940 1 verde.txt,in cutie\Set frunze 1\frunza verde\spectru\940 1 verde.txt,940,940,980.0,990.0,984.887556,314.348889,316.96,31.200624,27.0
in cutie\Set frunze 1\frunza verde,leaf_sample,healthy,940 1 verde.txt,in cutie\Set frunze 1\frunza verde\spectru\940 1 verde.txt,940,940,990.0,1000.0,994.920964,301.028571,294.28,35.805204,28.0
in cutie\Set frunze 1\frunza verde,leaf_sample,healthy,940 1 verde.txt,in cutie\Set frunze 1\frunza verde\spectru\940 1 verde.txt,940,940,1000.0,1010.0,1005.09,293.8275,296.8,35.353655,28.0
in cutie\Set frunze 1\frunza verde,leaf_sample,healthy,940 1 verde.txt,in cutie\Set frunze 1\frunza verde\spectru\940 1 verde.txt,940,940,1010.0,1020.0,1015.031556,293.997037,296.8,25.46916,27.0
in cutie\Set frunze 1\frunza verde,leaf_sample,healthy,940 1 verde.txt,in cutie\Set frunze 1\frunza verde\spectru\940 1 verde.txt,940,940,1020.0,1030.0,1024.926857,312.641786,316.96,36.214676,28.0
in cutie\Set frunze 1\frunza verde,leaf_sample,healthy,940 1 verde.txt,in cutie\Set frunze 1\frunza verde\spectru\940 1 verde.txt,940,940,1030.0,1040.0,1032.275,300.091538,316.96,33.822101,13.0
in cutie\Set frunze 1\frunza verde,leaf_sample,healthy,fara filtru 1 verde.txt,in cutie\Set frunze 1\frunza verde\spectru\fara filtru 1 verde.txt,fara,,180.0,190.0,188.705167,-125.135,-109.17,26.414168,6.0
in cutie\Set frunze 1\frunza verde,leaf_sample,healthy,fara filtru 1 verde.txt,in cutie\Set frunze 1\frunza verde\spectru\fara filtru 1 verde.txt,fara,,190.0,200.0,194.959762,44.882857,58.45,120.398096,21.0
in cutie\Set frunze 1\frunza verde,leaf_sample,healthy,fara filtru 1 verde.txt,in cutie\Set frunze 1\frunza verde\spectru\fara filtru 1 verde.txt,fara,,200.0,210.0,204.905818,299.161818,305.46,37.522925,22.0
in cutie\Set frunze 1\frunza verde,leaf_sample,healthy,fara filtru 1 verde.txt,in cutie\Set frunze 1\frunza verde\spectru\fara filtru 1 verde.txt,fara,,210.0,220.0,215.0625,283.923636,280.26,30.943081,22.0
in cutie\Set frunze 1\frunza verde,leaf_sample,healthy,fara filtru 1 verde.txt,in cutie\Set frunze 1\frunza verde\spectru\fara filtru 1 verde.txt,fara,,220.0,230.0,224.968333,295.260952,290.34,28.942983,21.0
in cutie\Set frunze 1\frunza verde,leaf_sample,healthy,fara filtru 1 verde.txt,in cutie\Set frunze 1\frunza verde\spectru\fara filtru 1 verde.txt,fara,,230.0,240.0,234.853682,276.131364,273.955,41.663813,22.0
in cutie\Set frunze 1\frunza verde,leaf_sample,healthy,fara filtru 1 verde.txt,in cutie\Set frunze 1\frunza verde\spectru\fara filtru 1 verde.txt,fara,,240.0,250.0,244.948455,294.922727,284.04,72.29232,22.0
in cutie\Set frunze 1\frunza verde,leaf_sample,healthy,fara filtru 1 verde.txt,in cutie\Set frunze 1\frunza verde\spectru\fara filtru 1 verde.txt,fara,,250.0,260.0,255.021727,301.566818,306.72,30.520515,22.0
in cutie\Set frunze 1\frunza verde,leaf_sample,healthy,fara filtru 1 verde.txt,in cutie\Set frunze 1\frunza verde\spectru\fara filtru 1 verde.txt,fara,,260.0,270.0,265.073818,280.370455,284.04,29.954742,22.0
in cutie\Set frunze 1\frunza verde,leaf_sample,healthy,fara filtru 1 verde.txt,in cutie\Set frunze 1\frunza verde\spectru\fara filtru 1 verde.txt,fara,,270.0,280.0,275.104455,277.163182,281.52,32.642509,22.0
in cutie\Set frunze 1\frunza verde,leaf_sample,healthy,fara filtru 1 verde.txt,in cutie\Set frunze 1\frunza verde\spectru\fara filtru 1 verde.txt,fara,,280.0,290.0,285.113545,305.690909,301.68,44.941371,22.0
in cutie\Set frunze 1\frunza verde,leaf_sample,healthy,fara filtru 1 verde.txt,in cutie\Set frunze 1\frunza verde\spectru\fara filtru 1 verde.txt,fara,,290.0,300.0,295.101045,308.211818,302.94,36.39122,22.0
in cutie\Set frunze 1\frunza verde,leaf_sample,healthy,fara filtru 1 verde.txt,in cutie\Set frunze 1\frunza verde\spectru\fara filtru 1 verde.txt,fara,,300.0,310.0,305.066727,298.702727,295.38,32.229508,22.0
in cutie\Set frunze 1\frunza verde,leaf_sample,healthy,fara filtru 1 verde.txt,in cutie\Set frunze 1\frunza verde\spectru\fara filtru 1 verde.txt,fara,,310.0,320.0,315.010682,302.597727,304.2,37.504234,22.0
in cutie\Set frunze 1\frunza verde,leaf_sample,healthy,fara filtru 1 verde.txt,in cutie\Set frunze 1\frunza verde\spectru\fara filtru 1 verde.txt,fara,,320.0,330.0,324.932818,313.368182,316.805,40.991458,22.0
in cutie\Set frunze 1\frunza verde,leaf_sample,healthy,fara filtru 1 verde.txt,in cutie\Set frunze 1\frunza verde\spectru\fara filtru 1 verde.txt,fara,,330.0,340.0,334.832955,303.170455,309.24,33.170155,22.0
in cutie\Set frunze 1\frunza verde,leaf_sample,healthy,fara filtru 1 verde.txt,in cutie\Set frunze 1\frunza verde\spectru\fara filtru 1 verde.txt,fara,,340.0,350.0,344.935087,308.968696,310.5,70.845464,23.0
in cutie\Set frunze 1\frunza verde,leaf_sample,healthy,fara filtru 1 verde.txt,in cutie\Set frunze 1\frunza verde\spectru\fara filtru 1 verde.txt,fara,,350.0,360.0,355.014136,307.754545,301.68,36.644954,22.0
in cutie\Set frunze 1\frunza verde,leaf_sample,healthy,fara filtru 1 verde.txt,in cutie\Set frunze 1\frunza verde\spectru\fara filtru 1 verde.txt,fara,,360.0,370.0,365.069739,301.188261,305.46,32.060242,23.0
in cutie\Set frunze 1\frunza verde,leaf_sample,healthy,fara filtru 1 verde.txt,in cutie\Set frunze 1\frunza verde\spectru\fara filtru 1 verde.txt,fara,,370.0,380.0,375.102227,294.464545,292.86,35.095433,22.0
in cutie\Set frunze 1\frunza verde,leaf_sample,healthy,fara filtru 1 verde.txt,in cutie\Set frunze 1\frunza verde\spectru\fara filtru 1 verde.txt,fara,,380.0,390.0,385.110913,311.70913,305.46,39.505076,23.0
in cutie\Set frunze 1\frunza verde,leaf_sample,healthy,fara filtru 1 verde.txt,in cutie\Set frunze 1\frunza verde\spectru\fara filtru 1 verde.txt,fara,,390.0,400.0,395.096045,303.859091,295.38,34.076159,22.0
in cutie\Set frunze 1\frunza verde,leaf_sample,healthy,fara filtru 1 verde.txt,in cutie\Set frunze 1\frunza verde\spectru\fara filtru 1 verde.txt,fara,,400.0,410.0,405.057435,301.735652,302.94,25.530919,23.0
in cutie\Set frunze 1\frunza verde,leaf_sample,healthy,fara filtru 1 verde.txt,in cutie\Set frunze 1\frunza verde\spectru\fara filtru 1 verde.txt,fara,,410.0,420.0,414.995091,303.170909,295.38,43.854453,22.0
in cutie\Set frunze 1\frunza verde,leaf_sample,healthy,fara filtru 1 verde.txt,in cutie\Set frunze 1\frunza verde\spectru\fara filtru 1 verde.txt,fara,,420.0,430.0,424.908696,295.598696,302.94,32.830533,23.0
in cutie\Set frunze 1\frunza verde,leaf_sample,healthy,fara filtru 1 verde.txt,in cutie\Set frunze 1\frunza verde\spectru\fara filtru 1 verde.txt,fara,,430.0,440.0,435.01787,320.256957,315.54,32.73964,23.0
in cutie\Set frunze 1\frunza verde,leaf_sample,healthy,fara filtru 1 verde.txt,in cutie\Set frunze 1\frunza verde\spectru\fara filtru 1 verde.txt,fara,,440.0,450.0,445.101783,313.023043,307.98,34.712707,23.0
in cutie\Set frunze 1\frunza verde,leaf_sample,healthy,fara filtru 1 verde.txt,in cutie\Set frunze 1\frunza verde\spectru\fara filtru 1 verde.txt,fara,,450.0,460.0,455.160348,317.736957,320.59,44.635701,23.0
in cutie\Set frunze 1\frunza verde,leaf_sample,healthy,fara filtru 1 verde.txt,in cutie\Set frunze 1\frunza verde\spectru\fara filtru 1 verde.txt,fara,,460.0,470.0,465.193435,310.174783,310.5,28.799942,23.0
in cutie\Set frunze 1\frunza verde,leaf_sample,healthy,fara filtru 1 verde.txt,in cutie\Set frunze 1\frunza verde\spectru\fara filtru 1 verde.txt,fara,,470.0,480.0,475.201,322.558696,318.07,41.669018,23.0
in cutie\Set frunze 1\frunza verde,leaf_sample,healthy,fara filtru 1 verde.txt,in cutie\Set frunze 1\frunza verde\spectru\fara filtru 1 verde.txt,fara,,480.0,490.0,485.182913,318.393478,315.54,31.032841,23.0
in cutie\Set frunze 1\frunza verde,leaf_sample,healthy,fara filtru 1 verde.txt,in cutie\Set frunze 1\frunza verde\spectru\fara filtru 1 verde.txt,fara,,490.0,500.0,495.139043,325.517826,328.15,26.157642,23.0
in cutie\Set frunze 1\frunza verde,leaf_sample,healthy,fara filtru 1 verde.txt,in cutie\Set frunze 1\frunza verde\spectru\fara filtru 1 verde.txt,fara,,500.0,510.0,505.069348,346.23,343.27,36.7724,23.0
in cutie\Set frunze 1\frunza verde,leaf_sample,healthy,fara filtru 1 verde.txt,in cutie\Set frunze 1\frunza verde\spectru\fara filtru 1 verde.txt,fara,,510.0,520.0,514.973652,362.888696,360.92,31.648237,23.0
in cutie\Set frunze 1\frunza verde,leaf_sample,healthy,fara filtru 1 verde.txt,in cutie\Set frunze 1\frunza verde\spectru\fara filtru 1 verde.txt,fara,,520.0,530.0,525.066167,392.211667,397.46,19.643773,24.0
in cutie\Set frunze 1\frunza verde,leaf_sample,healthy,fara filtru 1 verde.txt,in cutie\Set frunze 1\frunza verde\spectru\fara filtru 1 verde.txt,fara,,530.0,540.0,535.131478,412.861739,408.81,32.912632,23.0
in cutie\Set frunze 1\frunza verde,leaf_sample,healthy,fara filtru 1 verde.txt,in cutie\Set frunze 1\frunza verde\spectru\fara filtru 1 verde.txt,fara,,540.0,550.0,544.956,447.162609,441.57,34.012018,23.0
in cutie\Set frunze 1\frunza verde,leaf_sample,healthy,fara filtru 1 verde.txt,in cutie\Set frunze 1\frunza verde\spectru\fara filtru 1 verde.txt,fara,,550.0,560.0,554.966667,455.856667,454.18,36.977591,24.0
in cutie\Set frunze 1\frunza verde,leaf_sample,healthy,fara filtru 1 verde.txt,in cutie\Set frunze 1\frunza verde\spectru\fara filtru 1 verde.txt,fara,,560.0,570.0,564.949739,456.148696,451.66,36.909699,23.0
in cutie\Set frunze 1\frunza verde,leaf_sample,healthy,fara filtru 1 verde.txt,in cutie\Set frunze 1\frunza verde\spectru\fara filtru 1 verde.txt,fara,,570.0,580.0,574.905,444.620833,455.44,36.439888,24.0
in cutie\Set frunze 1\frunza verde,leaf_sample,healthy,fara filtru 1 verde.txt,in cutie\Set frunze 1\frunza verde\spectru\fara filtru 1 verde.txt,fara,,580.0,590.0,585.043208,418.362917,415.11,30.861691,24.0
in cutie\Set frunze 1\frunza verde,leaf_sample,healthy,fara filtru 1 verde.txt,in cutie\Set frunze 1\frunza verde\spectru\fara filtru 1 verde.txt,fara,,590.0,600.0,595.152042,412.587083,411.33,31.464798,24.0
in cutie\Set frunze 1\frunza verde,leaf_sample,healthy,fara filtru 1 verde.txt,in cutie\Set frunze 1\frunza verde\spectru\fara filtru 1 verde.txt,fara,,600.0,610.0,605.02213,413.08,416.37,40.76167,23.0
in cutie\Set frunze 1\frunza verde,leaf_sample,healthy,fara filtru 1 verde.txt,in cutie\Set frunze 1\frunza verde\spectru\fara filtru 1 verde.txt,fara,,610.0,620.0,614.863458,412.691667,420.15,32.92054,24.0
in cutie\Set frunze 1\frunza verde,leaf_sample,healthy,fara filtru 1 verde.txt,in cutie\Set frunze 1\frunza verde\spectru\fara filtru 1 verde.txt,fara,,620.0,630.0,624.885125,401.769583,410.07,32.271079,24.0
in cutie\Set frunze 1\frunza verde,leaf_sample,healthy,fara filtru 1 verde.txt,in cutie\Set frunze 1\frunza verde\spectru\fara filtru 1 verde.txt,fara,,630.0,640.0,634.876917,407.650833,401.24,55.271415,24.0
in cutie\Set frunze 1\frunza verde,leaf_sample,healthy,fara filtru 1 verde.txt,in cutie\Set frunze 1\frunza verde\spectru\fara filtru 1 verde.txt,fara,,640.0,650.0,644.83875,379.399167,392.42,32.365954,24.0
in cutie\Set frunze 1\frunza verde,leaf_sample,healthy,fara filtru 1 verde.txt,in cutie\Set frunze 1\frunza verde\spectru\fara filtru 1 verde.txt,fara,,650.0,660.0,654.97728,350.0268,350.83,32.986082,25.0
in cutie\Set frunze 1\frunza verde,leaf_sample,healthy,fara filtru 1 verde.txt,in cutie\Set frunze 1\frunza verde\spectru\fara filtru 1 verde.txt,fara,,660.0,670.0,665.084458,346.422083,344.53,29.378162,24.0
in cutie\Set frunze 1\frunza verde,leaf_sample,healthy,fara filtru 1 verde.txt,in cutie\Set frunze 1\frunza verde\spectru\fara filtru 1 verde.txt,fara,,670.0,680.0,674.95475,332.139167,328.15,34.856361,24.0
in cutie\Set frunze 1\frunza verde,leaf_sample,healthy,fara filtru 1 verde.txt,in cutie\Set frunze 1\frunza verde\spectru\fara filtru 1 verde.txt,fara,,680.0,690.0,684.9992,354.8664,358.39,24.707362,25.0
in cutie\Set frunze 1\frunza verde,leaf_sample,healthy,fara filtru 1 verde.txt,in cutie\Set frunze 1\frunza verde\spectru\fara filtru 1 verde.txt,fara,,690.0,700.0,695.012,409.541667,407.55,33.536568,24.0
in cutie\Set frunze 1\frunza verde,leaf_sample,healthy,fara filtru 1 verde.txt,in cutie\Set frunze 1\frunza verde\spectru\fara filtru 1 verde.txt,fara,,700.0,710.0,704.99268,510.134,512.15,47.316815,25.0
in cutie\Set frunze 1\frunza verde,leaf_sample,healthy,fara filtru 1 verde.txt,in cutie\Set frunze 1\frunza verde\spectru\fara filtru 1 verde.txt,fara,,710.0,720.0,714.9415,591.022917,592.81,44.66698,24.0
in cutie\Set frunze 1\frunza verde,leaf_sample,healthy,fara filtru 1 verde.txt,in cutie\Set frunze 1\frunza verde\spectru\fara filtru 1 verde.txt,fara,,720.0,730.0,724.85784,642.2124,638.18,46.515623,25.0
in cutie\Set frunze 1\frunza verde,leaf_sample,healthy,fara filtru 1 verde.txt,in cutie\Set frunze 1\frunza verde\spectru\fara filtru 1 verde.txt,fara,,730.0,740.0,734.94336,653.3028,658.34,38.272567,25.0
in cutie\Set frunze 1\frunza verde,leaf_sample,healthy,fara filtru 1 verde.txt,in cutie\Set frunze 1\frunza verde\spectru\fara filtru 1 verde.txt,fara,,740.0,750.0,744.99528,704.7216,711.28,43.406895,25.0
in cutie\Set frunze 1\frunza verde,leaf_sample,healthy,fara filtru 1 verde.txt,in cutie\Set frunze 1\frunza verde\spectru\fara filtru 1 verde.txt,fara,,750.0,760.0,755.01288,672.4584,668.43,34.138606,25.0
in cutie\Set frunze 1\frunza verde,leaf_sample,healthy,fara filtru 1 verde.txt,in cutie\Set frunze 1\frunza verde\spectru\fara filtru 1 verde.txt,fara,,760.0,770.0,764.99664,655.0156,663.38,43.164724,25.0
in cutie\Set frunze 1\frunza verde,leaf_sample,healthy,fara filtru 1 verde.txt,in cutie\Set frunze 1\frunza verde\spectru\fara filtru 1 verde.txt,fara,,770.0,780.0,774.94604,642.0092,640.7,43.861236,25.0
in cutie\Set frunze 1\frunza verde,leaf_sample,healthy,fara filtru 1 verde.txt,in cutie\Set frunze 1\frunza verde\spectru\fara filtru 1 verde.txt,fara,,780.0,790.0,784.86132,615.4944,610.45,31.165505,25.0
in cutie\Set frunze 1\frunza verde,leaf_sample,healthy,fara filtru 1 verde.txt,in cutie\Set frunze 1\frunza verde\spectru\fara filtru 1 verde.txt,fara,,790.0,800.0,794.938962,597.946154,591.55,41.578841,26.0
in cutie\Set frunze 1\frunza verde,leaf_sample,healthy,fara filtru 1 verde.txt,in cutie\Set frunze 1\frunza verde\spectru\fara filtru 1 verde.txt,fara,,800.0,810.0,804.98072,592.6068,595.33,37.065193,25.0
in cutie\Set frunze 1\frunza verde,leaf_sample,healthy,fara filtru 1 verde.txt,in cutie\Set frunze 1\frunza verde\spectru\fara filtru 1 verde.txt,fara,,810.0,820.0,814.986231,548.406538,552.48,35.254555,26.0
in cutie\Set frunze 1\frunza verde,leaf_sample,healthy,fara filtru 1 verde.txt,in cutie\Set frunze 1\frunza verde\spectru\fara filtru 1 verde.txt,fara,,820.0,830.0,824.95548,545.522,552.48,40.280087,25.0
in cutie\Set frunze 1\frunza verde,leaf_sample,healthy,fara filtru 1 verde.txt,in cutie\Set frunze 1\frunza verde\spectru\fara filtru 1 verde.txt,fara,,830.0,840.0,834.888115,514.379615,519.71,35.18687,26.0
in cutie\Set frunze 1\frunza verde,leaf_sample,healthy,fara filtru 1 verde.txt,in cutie\Set frunze 1\frunza verde\spectru\fara filtru 1 verde.txt,fara,,840.0,850.0,844.977846,516.221154,503.33,35.987812,26.0
in cutie\Set frunze 1\frunza verde,leaf_sample,healthy,fara filtru 1 verde.txt,in cutie\Set frunze 1\frunza verde\spectru\fara filtru 1 verde.txt,fara,,850.0,860.0,855.029308,582.561154,582.865,1.293624,26.0
in cutie\Set frunze 1\frunza verde,leaf_sample,healthy,fara filtru 1 verde.txt,in cutie\Set frunze 1\frunza verde\spectru\fara filtru 1 verde.txt,fara,,860.0,870.0,865.042308,586.749231,585.2,3.408525,26.0
in cutie\Set frunze 1\frunza verde,leaf_sample,healthy,fara filtru 1 verde.txt,in cutie\Set frunze 1\frunza verde\spectru\fara filtru 1 verde.txt,fara,,870.0,880.0,875.016731,595.286923,596.36,2.790138,26.0
in cutie\Set frunze 1\frunza verde,leaf_sample,healthy,fara filtru 1 verde.txt,in cutie\Set frunze 1\frunza verde\spectru\fara filtru 1 verde.txt,fara,,880.0,890.0,884.952385,579.348077,579.29,4.974291,26.0
in cutie\Set frunze 1\frunza verde,leaf_sample,healthy,fara filtru 1 verde.txt,in cutie\Set frunze 1\frunza verde\spectru\fara filtru 1 verde.txt,fara,,890.0,900.0,895.039037,572.480741,572.54,0.668724,27.0
in cutie\Set frunze 1\frunza verde,leaf_sample,healthy,fara filtru 1 verde.txt,in cutie\Set frunze 1\frunza verde\spectru\fara filtru 1 verde.txt,fara,,900.0,910.0,905.085308,560.704231,560.275,6.099723,26.0
in cutie\Set frunze 1\frunza verde,leaf_sample,healthy,fara filtru 1 verde.txt,in cutie\Set frunze 1\frunza verde\spectru\fara filtru 1 verde.txt,fara,,910.0,920.0,915.090519,557.872222,558.45,4.686763,27.0
in cutie\Set frunze 1\frunza verde,leaf_sample,healthy,fara filtru 1 verde.txt,in cutie\Set frunze 1\frunza verde\spectru\fara filtru 1 verde.txt,fara,,920.0,930.0,925.055154,569.095385,569.25,1.167085,26.0
in cutie\Set frunze 1\frunza verde,leaf_sample,healthy,fara filtru 1 verde.txt,in cutie\Set frunze 1\frunza verde\spectru\fara filtru 1 verde.txt,fara,,930.0,940.0,934.97837,571.752222,568.31,5.740831,27.0
in cutie\Set frunze 1\frunza verde,leaf_sample,healthy,fara filtru 1 verde.txt,in cutie\Set frunze 1\frunza verde\spectru\fara filtru 1 verde.txt,fara,,940.0,950.0,945.046519,593.826296,594.95,4.228839,27.0
in cutie\Set frunze 1\frunza verde,leaf_sample,healthy,fara filtru 1 verde.txt,in cutie\Set frunze 1\frunza verde\spectru\fara filtru 1 verde.txt,fara,,950.0,960.0,955.071815,587.77037,587.05,4.91091,27.0
in cutie\Set frunze 1\frunza verde,leaf_sample,healthy,fara filtru 1 verde.txt,in cutie\Set frunze 1\frunza verde\spectru\fara filtru 1 verde.txt,fara,,960.0,970.0,965.053815,582.241852,582.33,0.815975,27.0
in cutie\Set frunze 1\frunza verde,leaf_sample,healthy,fara filtru 1 verde.txt,in cutie\Set frunze 1\frunza verde\spectru\fara filtru 1 verde.txt,fara,,970.0,980.0,974.992481,568.127407,568.78,7.104608,27.0
in cutie\Set frunze 1\frunza verde,leaf_sample,healthy,fara filtru 1 verde.txt,in cutie\Set frunze 1\frunza verde\spectru\fara filtru 1 verde.txt,fara,,980.0,990.0,984.887556,558.837778,558.66,0.958951,27.0
in cutie\Set frunze 1\frunza verde,leaf_sample,healthy,fara filtru 1 verde.txt,in cutie\Set frunze 1\frunza verde\spectru\fara filtru 1 verde.txt,fara,,990.0,1000.0,994.920964,559.163571,559.795,1.869775,28.0
in cutie\Set frunze 1\frunza verde,leaf_sample,healthy,fara filtru 1 verde.txt,in cutie\Set frunze 1\frunza verde\spectru\fara filtru 1 verde.txt,fara,,1000.0,1010.0,1005.09,562.761429,561.86,4.979438,28.0
in cutie\Set frunze 1\frunza verde,leaf_sample,healthy,fara filtru 1 verde.txt,in cutie\Set frunze 1\frunza verde\spectru\fara filtru 1 verde.txt,fara,,1010.0,1020.0,1015.031556,582.087037,583.26,4.240664,27.0
in cutie\Set frunze 1\frunza verde,leaf_sample,healthy,fara filtru 1 verde.txt,in cutie\Set frunze 1\frunza verde\spectru\fara filtru 1 verde.txt,fara,,1020.0,1030.0,1024.926857,585.129286,584.55,2.648843,28.0
in cutie\Set frunze 1\frunza verde,leaf_sample,healthy,fara filtru 1 verde.txt,in cutie\Set frunze 1\frunza verde\spectru\fara filtru 1 verde.txt,fara,,1030.0,1040.0,1032.275,592.769231,592.64,0.723086,13.0
in cutie\Set frunze 2\nesanatoasa,leaf_sample,unhealthy,532.txt,in cutie\Set frunze 2\nesanatoasa\spectru\532.txt,532,532,180.0,190.0,188.705167,-104.811667,-107.75,14.435672,6.0
in cutie\Set frunze 2\nesanatoasa,leaf_sample,unhealthy,532.txt,in cutie\Set frunze 2\nesanatoasa\spectru\532.txt,532,532,190.0,200.0,194.959762,54.881905,61.12,127.175293,21.0
in cutie\Set frunze 2\nesanatoasa,leaf_sample,unhealthy,532.txt,in cutie\Set frunze 2\nesanatoasa\spectru\532.txt,532,532,200.0,210.0,204.905818,284.080455,290.5,41.185715,22.0
in cutie\Set frunze 2\nesanatoasa,leaf_sample,unhealthy,532.txt,in cutie\Set frunze 2\nesanatoasa\spectru\532.txt,532,532,210.0,220.0,215.0625,283.850909,279.15,25.201402,22.0
in cutie\Set frunze 2\nesanatoasa,leaf_sample,unhealthy,532.txt,in cutie\Set frunze 2\nesanatoasa\spectru\532.txt,532,532,220.0,230.0,224.968333,289.896667,287.98,34.091982,21.0
in cutie\Set frunze 2\nesanatoasa,leaf_sample,unhealthy,532.txt,in cutie\Set frunze 2\nesanatoasa\spectru\532.txt,532,532,230.0,240.0,234.853682,294.506818,294.28,24.622104,22.0
in cutie\Set frunze 2\nesanatoasa,leaf_sample,unhealthy,532.txt,in cutie\Set frunze 2\nesanatoasa\spectru\532.txt,532,532,240.0,250.0,244.948455,302.412727,296.8,65.817644,22.0
in cutie\Set frunze 2\nesanatoasa,leaf_sample,unhealthy,532.txt,in cutie\Set frunze 2\nesanatoasa\spectru\532.txt,532,532,250.0,260.0,255.021727,295.422727,290.5,37.735218,22.0
in cutie\Set frunze 2\nesanatoasa,leaf_sample,unhealthy,532.txt,in cutie\Set frunze 2\nesanatoasa\spectru\532.txt,532,532,260.0,270.0,265.073818,307.911364,308.14,38.668484,22.0
in cutie\Set frunze 2\nesanatoasa,leaf_sample,unhealthy,532.txt,in cutie\Set frunze 2\nesanatoasa\spectru\532.txt,532,532,270.0,280.0,275.104455,308.485,303.1,37.078944,22.0
in cutie\Set frunze 2\nesanatoasa,leaf_sample,unhealthy,532.txt,in cutie\Set frunze 2\nesanatoasa\spectru\532.txt,532,532,280.0,290.0,285.113545,300.693182,300.58,31.994927,22.0
in cutie\Set frunze 2\nesanatoasa,leaf_sample,unhealthy,532.txt,in cutie\Set frunze 2\nesanatoasa\spectru\532.txt,532,532,290.0,300.0,295.101045,312.951818,316.96,35.944467,22.0
in cutie\Set frunze 2\nesanatoasa,leaf_sample,unhealthy,532.txt,in cutie\Set frunze 2\nesanatoasa\spectru\532.txt,532,532,300.0,310.0,305.066727,310.316818,310.66,32.796749,22.0
in cutie\Set frunze 2\nesanatoasa,leaf_sample,unhealthy,532.txt,in cutie\Set frunze 2\nesanatoasa\spectru\532.txt,532,532,310.0,320.0,315.010682,312.950909,318.22,30.198916,22.0
in cutie\Set frunze 2\nesanatoasa,leaf_sample,unhealthy,532.txt,in cutie\Set frunze 2\nesanatoasa\spectru\532.txt,532,532,320.0,330.0,324.932818,318.566818,305.62,38.476657,22.0
in cutie\Set frunze 2\nesanatoasa,leaf_sample,unhealthy,532.txt,in cutie\Set frunze 2\nesanatoasa\spectru\532.txt,532,532,330.0,340.0,334.832955,324.753636,323.26,33.150374,22.0
in cutie\Set frunze 2\nesanatoasa,leaf_sample,unhealthy,532.txt,in cutie\Set frunze 2\nesanatoasa\spectru\532.txt,532,532,340.0,350.0,344.935087,327.756087,315.7,58.999972,23.0
in cutie\Set frunze 2\nesanatoasa,leaf_sample,unhealthy,532.txt,in cutie\Set frunze 2\nesanatoasa\spectru\532.txt,532,532,350.0,360.0,355.014136,310.432727,311.92,39.875231,22.0
in cutie\Set frunze 2\nesanatoasa,leaf_sample,unhealthy,532.txt,in cutie\Set frunze 2\nesanatoasa\spectru\532.txt,532,532,360.0,370.0,365.069739,320.633043,323.26,34.579563,23.0
in cutie\Set frunze 2\nesanatoasa,leaf_sample,unhealthy,532.txt,in cutie\Set frunze 2\nesanatoasa\spectru\532.txt,532,532,370.0,380.0,375.102227,309.057727,308.14,30.175286,22.0
in cutie\Set frunze 2\nesanatoasa,leaf_sample,unhealthy,532.txt,in cutie\Set frunze 2\nesanatoasa\spectru\532.txt,532,532,380.0,390.0,385.110913,321.838696,310.66,40.259552,23.0
in cutie\Set frunze 2\nesanatoasa,leaf_sample,unhealthy,532.txt,in cutie\Set frunze 2\nesanatoasa\spectru\532.txt,532,532,390.0,400.0,395.096045,332.658636,324.52,38.286787,22.0
in cutie\Set frunze 2\nesanatoasa,leaf_sample,unhealthy,532.txt,in cutie\Set frunze 2\nesanatoasa\spectru\532.txt,532,532,400.0,410.0,405.057435,308.030435,303.1,25.603789,23.0
in cutie\Set frunze 2\nesanatoasa,leaf_sample,unhealthy,532.txt,in cutie\Set frunze 2\nesanatoasa\spectru\532.txt,532,532,410.0,420.0,414.995091,319.14,327.045,37.767762,22.0
in cutie\Set frunze 2\nesanatoasa,leaf_sample,unhealthy,532.txt,in cutie\Set frunze 2\nesanatoasa\spectru\532.txt,532,532,420.0,430.0,424.908696,321.730435,315.7,43.205231,23.0
in cutie\Set frunze 2\nesanatoasa,leaf_sample,unhealthy,532.txt,in cutie\Set frunze 2\nesanatoasa\spectru\532.txt,532,532,430.0,440.0,435.01787,304.414783,303.1,30.861375,23.0
in cutie\Set frunze 2\nesanatoasa,leaf_sample,unhealthy,532.txt,in cutie\Set frunze 2\nesanatoasa\spectru\532.txt,532,532,440.0,450.0,445.101783,317.017826,315.7,24.795249,23.0
in cutie\Set frunze 2\nesanatoasa,leaf_sample,unhealthy,532.txt,in cutie\Set frunze 2\nesanatoasa\spectru\532.txt,532,532,450.0,460.0,455.160348,317.456087,318.22,30.731111,23.0
in cutie\Set frunze 2\nesanatoasa,leaf_sample,unhealthy,532.txt,in cutie\Set frunze 2\nesanatoasa\spectru\532.txt,532,532,460.0,470.0,465.193435,305.61913,318.22,33.497159,23.0
in cutie\Set frunze 2\nesanatoasa,leaf_sample,unhealthy,532.txt,in cutie\Set frunze 2\nesanatoasa\spectru\532.txt,532,532,470.0,480.0,475.201,319.976522,313.18,34.064593,23.0
in cutie\Set frunze 2\nesanatoasa,leaf_sample,unhealthy,532.txt,in cutie\Set frunze 2\nesanatoasa\spectru\532.txt,532,532,480.0,490.0,485.182913,321.619565,318.22,30.687486,23.0
in cutie\Set frunze 2\nesanatoasa,leaf_sample,unhealthy,532.txt,in cutie\Set frunze 2\nesanatoasa\spectru\532.txt,532,532,490.0,500.0,495.139043,318.770435,318.22,40.993847,23.0
in cutie\Set frunze 2\nesanatoasa,leaf_sample,unhealthy,532.txt,in cutie\Set frunze 2\nesanatoasa\spectru\532.txt,532,532,500.0,510.0,505.069348,327.647826,320.74,57.904983,23.0
in cutie\Set frunze 2\nesanatoasa,leaf_sample,unhealthy,532.txt,in cutie\Set frunze 2\nesanatoasa\spectru\532.txt,532,532,510.0,520.0,514.973652,319.537391,315.7,35.684975,23.0
in cutie\Set frunze 2\nesanatoasa,leaf_sample,unhealthy,532.txt,in cutie\Set frunze 2\nesanatoasa\spectru\532.txt,532,532,520.0,530.0,525.066167,400.982083,395.1,33.36527,24.0
in cutie\Set frunze 2\nesanatoasa,leaf_sample,unhealthy,532.txt,in cutie\Set frunze 2\nesanatoasa\spectru\532.txt,532,532,530.0,540.0,535.131478,440.635652,446.77,49.866075,23.0
in cutie\Set frunze 2\nesanatoasa,leaf_sample,unhealthy,532.txt,in cutie\Set frunze 2\nesanatoasa\spectru\532.txt,532,532,540.0,550.0,544.956,458.059565,444.25,42.645913,23.0
in cutie\Set frunze 2\nesanatoasa,leaf_sample,unhealthy,532.txt,in cutie\Set frunze 2\nesanatoasa\spectru\532.txt,532,532,550.0,560.0,554.966667,432.804167,429.13,44.94796,24.0
in cutie\Set frunze 2\nesanatoasa,leaf_sample,unhealthy,532.txt,in cutie\Set frunze 2\nesanatoasa\spectru\532.txt,532,532,560.0,570.0,564.949739,332.578696,320.74,39.348,23.0
in cutie\Set frunze 2\nesanatoasa,leaf_sample,unhealthy,532.txt,in cutie\Set frunze 2\nesanatoasa\spectru\532.txt,532,532,570.0,580.0,574.905,306.669583,308.14,31.412994,24.0
in cutie\Set frunze 2\nesanatoasa,leaf_sample,unhealthy,532.txt,in cutie\Set frunze 2\nesanatoasa\spectru\532.txt,532,532,580.0,590.0,585.043208,317.278333,320.74,22.199861,24.0
in cutie\Set frunze 2\nesanatoasa,leaf_sample,unhealthy,532.txt,in cutie\Set frunze 2\nesanatoasa\spectru\532.txt,532,532,590.0,600.0,595.152042,319.79875,319.48,31.799185,24.0
in cutie\Set frunze 2\nesanatoasa,leaf_sample,unhealthy,532.txt,in cutie\Set frunze 2\nesanatoasa\spectru\532.txt,532,532,600.0,610.0,605.02213,314.608261,328.31,31.769754,23.0
in cutie\Set frunze 2\nesanatoasa,leaf_sample,unhealthy,532.txt,in cutie\Set frunze 2\nesanatoasa\spectru\532.txt,532,532,610.0,620.0,614.863458,301.209583,300.58,31.869081,24.0
in cutie\Set frunze 2\nesanatoasa,leaf_sample,unhealthy,532.txt,in cutie\Set frunze 2\nesanatoasa\spectru\532.txt,532,532,620.0,630.0,624.885125,312.761667,324.52,34.984558,24.0
in cutie\Set frunze 2\nesanatoasa,leaf_sample,unhealthy,532.txt,in cutie\Set frunze 2\nesanatoasa\spectru\532.txt,532,532,630.0,640.0,634.876917,311.29125,308.14,51.94382,24.0
in cutie\Set frunze 2\nesanatoasa,leaf_sample,unhealthy,532.txt,in cutie\Set frunze 2\nesanatoasa\spectru\532.txt,532,532,640.0,650.0,644.83875,317.3825,319.48,31.646294,24.0
in cutie\Set frunze 2\nesanatoasa,leaf_sample,unhealthy,532.txt,in cutie\Set frunze 2\nesanatoasa\spectru\532.txt,532,532,650.0,660.0,654.97728,324.8772,330.83,32.387848,25.0
in cutie\Set frunze 2\nesanatoasa,leaf_sample,unhealthy,532.txt,in cutie\Set frunze 2\nesanatoasa\spectru\532.txt,532,532,660.0,670.0,665.084458,315.597917,311.92,36.435427,24.0
in cutie\Set frunze 2\nesanatoasa,leaf_sample,unhealthy,532.txt,in cutie\Set frunze 2\nesanatoasa\spectru\532.txt,532,532,670.0,680.0,674.95475,312.76125,320.74,37.561093,24.0
in cutie\Set frunze 2\nesanatoasa,leaf_sample,unhealthy,532.txt,in cutie\Set frunze 2\nesanatoasa\spectru\532.txt,532,532,680.0,690.0,684.9992,322.6588,320.74,27.724281,25.0
in cutie\Set frunze 2\nesanatoasa,leaf_sample,unhealthy,532.txt,in cutie\Set frunze 2\nesanatoasa\spectru\532.txt,532,532,690.0,700.0,695.012,312.865833,313.18,30.632317,24.0
in cutie\Set frunze 2\nesanatoasa,leaf_sample,unhealthy,532.txt,in cutie\Set frunze 2\nesanatoasa\spectru\532.txt,532,532,700.0,710.0,704.99268,322.0536,325.78,39.179009,25.0
in cutie\Set frunze 2\nesanatoasa,leaf_sample,unhealthy,532.txt,in cutie\Set frunze 2\nesanatoasa\spectru\532.txt,532,532,710.0,720.0,714.9415,332.295833,334.61,28.830042,24.0
in cutie\Set frunze 2\nesanatoasa,leaf_sample,unhealthy,532.txt,in cutie\Set frunze 2\nesanatoasa\spectru\532.txt,532,532,720.0,730.0,724.85784,301.5872,298.06,31.287937,25.0
in cutie\Set frunze 2\nesanatoasa,leaf_sample,unhealthy,532.txt,in cutie\Set frunze 2\nesanatoasa\spectru\532.txt,532,532,730.0,740.0,734.94336,315.0964,320.74,32.789135,25.0
in cutie\Set frunze 2\nesanatoasa,leaf_sample,unhealthy,532.txt,in cutie\Set frunze 2\nesanatoasa\spectru\532.txt,532,532,740.0,750.0,744.99528,316.7108,315.7,36.595977,25.0
in cutie\Set frunze 2\nesanatoasa,leaf_sample,unhealthy,532.txt,in cutie\Set frunze 2\nesanatoasa\spectru\532.txt,532,532,750.0,760.0,755.01288,320.5412,335.87,30.763549,25.0
in cutie\Set frunze 2\nesanatoasa,leaf_sample,unhealthy,532.txt,in cutie\Set frunze 2\nesanatoasa\spectru\532.txt,532,532,760.0,770.0,764.99664,328.406,330.83,39.252942,25.0
in cutie\Set frunze 2\nesanatoasa,leaf_sample,unhealthy,532.txt,in cutie\Set frunze 2\nesanatoasa\spectru\532.txt,532,532,770.0,780.0,774.94604,323.7688,330.83,32.002744,25.0
in cutie\Set frunze 2\nesanatoasa,leaf_sample,unhealthy,532.txt,in cutie\Set frunze 2\nesanatoasa\spectru\532.txt,532,532,780.0,790.0,784.86132,314.7944,313.18,29.393115,25.0
in cutie\Set frunze 2\nesanatoasa,leaf_sample,unhealthy,532.txt,in cutie\Set frunze 2\nesanatoasa\spectru\532.txt,532,532,790.0,800.0,794.938962,323.846154,313.18,38.355326,26.0
in cutie\Set frunze 2\nesanatoasa,leaf_sample,unhealthy,532.txt,in cutie\Set frunze 2\nesanatoasa\spectru\532.txt,532,532,800.0,810.0,804.98072,318.2228,318.22,26.685384,25.0
in cutie\Set frunze 2\nesanatoasa,leaf_sample,unhealthy,532.txt,in cutie\Set frunze 2\nesanatoasa\spectru\532.txt,532,532,810.0,820.0,814.986231,319.288846,314.44,31.156175,26.0
in cutie\Set frunze 2\nesanatoasa,leaf_sample,unhealthy,532.txt,in cutie\Set frunze 2\nesanatoasa\spectru\532.txt,532,532,820.0,830.0,824.95548,325.282,320.74,34.309245,25.0
in cutie\Set frunze 2\nesanatoasa,leaf_sample,unhealthy,532.txt,in cutie\Set frunze 2\nesanatoasa\spectru\532.txt,532,532,830.0,840.0,834.888115,324.815,320.74,27.78976,26.0
in cutie\Set frunze 2\nesanatoasa,leaf_sample,unhealthy,532.txt,in cutie\Set frunze 2\nesanatoasa\spectru\532.txt,532,532,840.0,850.0,844.977846,324.523462,327.045,36.787742,26.0
in cutie\Set frunze 2\nesanatoasa,leaf_sample,unhealthy,532.txt,in cutie\Set frunze 2\nesanatoasa\spectru\532.txt,532,532,850.0,860.0,855.029308,309.886154,313.18,35.237505,26.0
in cutie\Set frunze 2\nesanatoasa,leaf_sample,unhealthy,532.txt,in cutie\Set frunze 2\nesanatoasa\spectru\532.txt,532,532,860.0,870.0,865.042308,318.903077,320.74,39.289508,26.0
in cutie\Set frunze 2\nesanatoasa,leaf_sample,unhealthy,532.txt,in cutie\Set frunze 2\nesanatoasa\spectru\532.txt,532,532,870.0,880.0,875.016731,319.773462,315.7,36.774107,26.0
in cutie\Set frunze 2\nesanatoasa,leaf_sample,unhealthy,532.txt,in cutie\Set frunze 2\nesanatoasa\spectru\532.txt,532,532,880.0,890.0,884.952385,313.763077,306.88,37.217086,26.0
in cutie\Set frunze 2\nesanatoasa,leaf_sample,unhealthy,532.txt,in cutie\Set frunze 2\nesanatoasa\spectru\532.txt,532,532,890.0,900.0,895.039037,355.004074,330.83,162.072226,27.0
in cutie\Set frunze 2\nesanatoasa,leaf_sample,unhealthy,532.txt,in cutie\Set frunze 2\nesanatoasa\spectru\532.txt,532,532,900.0,910.0,905.085308,318.416923,327.045,32.714407,26.0
in cutie\Set frunze 2\nesanatoasa,leaf_sample,unhealthy,532.txt,in cutie\Set frunze 2\nesanatoasa\spectru\532.txt,532,532,910.0,920.0,915.090519,308.98037,310.66,29.08115,27.0
in cutie\Set frunze 2\nesanatoasa,leaf_sample,unhealthy,532.txt,in cutie\Set frunze 2\nesanatoasa\spectru\532.txt,532,532,920.0,930.0,925.055154,308.529231,301.84,30.724922,26.0
in cutie\Set frunze 2\nesanatoasa,leaf_sample,unhealthy,532.txt,in cutie\Set frunze 2\nesanatoasa\spectru\532.txt,532,532,930.0,940.0,934.97837,331.19963,323.26,69.493285,27.0
in cutie\Set frunze 2\nesanatoasa,leaf_sample,unhealthy,532.txt,in cutie\Set frunze 2\nesanatoasa\spectru\532.txt,532,532,940.0,950.0,945.046519,320.556667,313.18,44.432662,27.0
in cutie\Set frunze 2\nesanatoasa,leaf_sample,unhealthy,532.txt,in cutie\Set frunze 2\nesanatoasa\spectru\532.txt,532,532,950.0,960.0,955.071815,320.648889,320.74,32.179982,27.0
in cutie\Set frunze 2\nesanatoasa,leaf_sample,unhealthy,532.txt,in cutie\Set frunze 2\nesanatoasa\spectru\532.txt,532,532,960.0,970.0,965.053815,321.770741,315.7,39.273072,27.0
in cutie\Set frunze 2\nesanatoasa,leaf_sample,unhealthy,532.txt,in cutie\Set frunze 2\nesanatoasa\spectru\532.txt,532,532,970.0,980.0,974.992481,320.183704,323.26,39.301969,27.0
in cutie\Set frunze 2\nesanatoasa,leaf_sample,unhealthy,532.txt,in cutie\Set frunze 2\nesanatoasa\spectru\532.txt,532,532,980.0,990.0,984.887556,315.234815,313.18,27.00029,27.0
in cutie\Set frunze 2\nesanatoasa,leaf_sample,unhealthy,532.txt,in cutie\Set frunze 2\nesanatoasa\spectru\532.txt,532,532,990.0,1000.0,994.920964,314.082143,311.92,35.951965,28.0
in cutie\Set frunze 2\nesanatoasa,leaf_sample,unhealthy,532.txt,in cutie\Set frunze 2\nesanatoasa\spectru\532.txt,532,532,1000.0,1010.0,1005.09,306.07,304.36,34.064509,28.0
in cutie\Set frunze 2\nesanatoasa,leaf_sample,unhealthy,532.txt,in cutie\Set frunze 2\nesanatoasa\spectru\532.txt,532,532,1010.0,1020.0,1015.031556,304.872222,303.1,27.983978,27.0
in cutie\Set frunze 2\nesanatoasa,leaf_sample,unhealthy,532.txt,in cutie\Set frunze 2\nesanatoasa\spectru\532.txt,532,532,1020.0,1030.0,1024.926857,311.741429,308.14,25.047766,28.0
in cutie\Set frunze 2\nesanatoasa,leaf_sample,unhealthy,532.txt,in cutie\Set frunze 2\nesanatoasa\spectru\532.txt,532,532,1030.0,1040.0,1032.275,301.353846,313.18,34.152963,13.0
in cutie\Set frunze 2\nesanatoasa,leaf_sample,unhealthy,556.txt,in cutie\Set frunze 2\nesanatoasa\spectru\556.txt,556,556,180.0,190.0,188.705167,-108.7,-107.44,27.792482,6.0
in cutie\Set frunze 2\nesanatoasa,leaf_sample,unhealthy,556.txt,in cutie\Set frunze 2\nesanatoasa\spectru\556.txt,556,556,190.0,200.0,194.959762,39.714286,71.52,103.951748,21.0
in cutie\Set frunze 2\nesanatoasa,leaf_sample,unhealthy,556.txt,in cutie\Set frunze 2\nesanatoasa\spectru\556.txt,556,556,200.0,210.0,204.905818,304.788636,314.76,39.208994,22.0
in cutie\Set frunze 2\nesanatoasa,leaf_sample,unhealthy,556.txt,in cutie\Set frunze 2\nesanatoasa\spectru\556.txt,556,556,210.0,220.0,215.0625,293.331818,299.63,37.029605,22.0
in cutie\Set frunze 2\nesanatoasa,leaf_sample,unhealthy,556.txt,in cutie\Set frunze 2\nesanatoasa\spectru\556.txt,556,556,220.0,230.0,224.968333,273.167619,268.13,40.117678,21.0
in cutie\Set frunze 2\nesanatoasa,leaf_sample,unhealthy,556.txt,in cutie\Set frunze 2\nesanatoasa\spectru\556.txt,556,556,230.0,240.0,234.853682,290.696818,285.77,37.705927,22.0
in cutie\Set frunze 2\nesanatoasa,leaf_sample,unhealthy,556.txt,in cutie\Set frunze 2\nesanatoasa\spectru\556.txt,556,556,240.0,250.0,244.948455,291.499545,276.95,71.97076,22.0
in cutie\Set frunze 2\nesanatoasa,leaf_sample,unhealthy,556.txt,in cutie\Set frunze 2\nesanatoasa\spectru\556.txt,556,556,250.0,260.0,255.021727,291.842727,295.85,35.080981,22.0
in cutie\Set frunze 2\nesanatoasa,leaf_sample,unhealthy,556.txt,in cutie\Set frunze 2\nesanatoasa\spectru\556.txt,556,556,260.0,270.0,265.073818,290.811364,294.59,36.130053,22.0
in cutie\Set frunze 2\nesanatoasa,leaf_sample,unhealthy,556.txt,in cutie\Set frunze 2\nesanatoasa\spectru\556.txt,556,556,270.0,280.0,275.104455,276.490455,274.43,34.286376,22.0
in cutie\Set frunze 2\nesanatoasa,leaf_sample,unhealthy,556.txt,in cutie\Set frunze 2\nesanatoasa\spectru\556.txt,556,556,280.0,290.0,285.113545,292.185455,292.07,30.262764,22.0
in cutie\Set frunze 2\nesanatoasa,leaf_sample,unhealthy,556.txt,in cutie\Set frunze 2\nesanatoasa\spectru\556.txt,556,556,290.0,300.0,295.101045,290.467273,292.07,33.200043,22.0
in cutie\Set frunze 2\nesanatoasa,leaf_sample,unhealthy,556.txt,in cutie\Set frunze 2\nesanatoasa\spectru\556.txt,556,556,300.0,310.0,305.066727,305.361364,307.195,25.939066,22.0
in cutie\Set frunze 2\nesanatoasa,leaf_sample,unhealthy,556.txt,in cutie\Set frunze 2\nesanatoasa\spectru\556.txt,556,556,310.0,320.0,315.010682,303.415455,308.46,27.423164,22.0
in cutie\Set frunze 2\nesanatoasa,leaf_sample,unhealthy,556.txt,in cutie\Set frunze 2\nesanatoasa\spectru\556.txt,556,556,320.0,330.0,324.932818,304.331364,303.41,23.406029,22.0
in cutie\Set frunze 2\nesanatoasa,leaf_sample,unhealthy,556.txt,in cutie\Set frunze 2\nesanatoasa\spectru\556.txt,556,556,330.0,340.0,334.832955,292.644545,299.63,30.220256,22.0
in cutie\Set frunze 2\nesanatoasa,leaf_sample,unhealthy,556.txt,in cutie\Set frunze 2\nesanatoasa\spectru\556.txt,556,556,340.0,350.0,344.935087,317.003043,310.98,52.392758,23.0
in cutie\Set frunze 2\nesanatoasa,leaf_sample,unhealthy,556.txt,in cutie\Set frunze 2\nesanatoasa\spectru\556.txt,556,556,350.0,360.0,355.014136,298.830909,302.15,25.723441,22.0
in cutie\Set frunze 2\nesanatoasa,leaf_sample,unhealthy,556.txt,in cutie\Set frunze 2\nesanatoasa\spectru\556.txt,556,556,360.0,370.0,365.069739,309.003913,313.5,27.741692,23.0
in cutie\Set frunze 2\nesanatoasa,leaf_sample,unhealthy,556.txt,in cutie\Set frunze 2\nesanatoasa\spectru\556.txt,556,556,370.0,380.0,375.102227,315.903182,314.76,35.957587,22.0
in cutie\Set frunze 2\nesanatoasa,leaf_sample,unhealthy,556.txt,in cutie\Set frunze 2\nesanatoasa\spectru\556.txt,556,556,380.0,390.0,385.110913,305.825217,293.33,46.326114,23.0
in cutie\Set frunze 2\nesanatoasa,leaf_sample,unhealthy,556.txt,in cutie\Set frunze 2\nesanatoasa\spectru\556.txt,556,556,390.0,400.0,395.096045,307.194545,297.11,39.824427,22.0
in cutie\Set frunze 2\nesanatoasa,leaf_sample,unhealthy,556.txt,in cutie\Set frunze 2\nesanatoasa\spectru\556.txt,556,556,400.0,410.0,405.057435,300.237391,290.81,44.652813,23.0
in cutie\Set frunze 2\nesanatoasa,leaf_sample,unhealthy,556.txt,in cutie\Set frunze 2\nesanatoasa\spectru\556.txt,556,556,410.0,420.0,414.995091,321.401818,321.06,41.987072,22.0
in cutie\Set frunze 2\nesanatoasa,leaf_sample,unhealthy,556.txt,in cutie\Set frunze 2\nesanatoasa\spectru\556.txt,556,556,420.0,430.0,424.908696,296.838696,298.37,33.461026,23.0
in cutie\Set frunze 2\nesanatoasa,leaf_sample,unhealthy,556.txt,in cutie\Set frunze 2\nesanatoasa\spectru\556.txt,556,556,430.0,440.0,435.01787,305.716522,313.5,27.116685,23.0
in cutie\Set frunze 2\nesanatoasa,leaf_sample,unhealthy,556.txt,in cutie\Set frunze 2\nesanatoasa\spectru\556.txt,556,556,440.0,450.0,445.101783,311.305217,308.46,21.888395,23.0
in cutie\Set frunze 2\nesanatoasa,leaf_sample,unhealthy,556.txt,in cutie\Set frunze 2\nesanatoasa\spectru\556.txt,556,556,450.0,460.0,455.160348,310.318261,318.54,35.663266,23.0
in cutie\Set frunze 2\nesanatoasa,leaf_sample,unhealthy,556.txt,in cutie\Set frunze 2\nesanatoasa\spectru\556.txt,556,556,460.0,470.0,465.193435,329.497391,323.58,29.04172,23.0
in cutie\Set frunze 2\nesanatoasa,leaf_sample,unhealthy,556.txt,in cutie\Set frunze 2\nesanatoasa\spectru\556.txt,556,556,470.0,480.0,475.201,310.428696,310.98,30.692032,23.0
in cutie\Set frunze 2\nesanatoasa,leaf_sample,unhealthy,556.txt,in cutie\Set frunze 2\nesanatoasa\spectru\556.txt,556,556,480.0,490.0,485.182913,311.744348,318.54,30.541591,23.0
in cutie\Set frunze 2\nesanatoasa,leaf_sample,unhealthy,556.txt,in cutie\Set frunze 2\nesanatoasa\spectru\556.txt,556,556,490.0,500.0,495.139043,306.154348,321.06,38.304891,23.0
in cutie\Set frunze 2\nesanatoasa,leaf_sample,unhealthy,556.txt,in cutie\Set frunze 2\nesanatoasa\spectru\556.txt,556,556,500.0,510.0,505.069348,308.894348,308.46,43.952012,23.0
in cutie\Set frunze 2\nesanatoasa,leaf_sample,unhealthy,556.txt,in cutie\Set frunze 2\nesanatoasa\spectru\556.txt,556,556,510.0,520.0,514.973652,310.757391,318.54,41.629639,23.0
in cutie\Set frunze 2\nesanatoasa,leaf_sample,unhealthy,556.txt,in cutie\Set frunze 2\nesanatoasa\spectru\556.txt,556,556,520.0,530.0,525.066167,336.70625,332.4,26.823384,24.0
in cutie\Set frunze 2\nesanatoasa,leaf_sample,unhealthy,556.txt,in cutie\Set frunze 2\nesanatoasa\spectru\556.txt,556,556,530.0,540.0,535.131478,418.044783,424.4,46.405149,23.0
in cutie\Set frunze 2\nesanatoasa,leaf_sample,unhealthy,556.txt,in cutie\Set frunze 2\nesanatoasa\spectru\556.txt,556,556,540.0,550.0,544.956,452.238261,449.61,31.177275,23.0
in cutie\Set frunze 2\nesanatoasa,leaf_sample,unhealthy,556.txt,in cutie\Set frunze 2\nesanatoasa\spectru\556.txt,556,556,550.0,560.0,554.966667,477.229167,479.855,33.10029,24.0
in cutie\Set frunze 2\nesanatoasa,leaf_sample,unhealthy,556.txt,in cutie\Set frunze 2\nesanatoasa\spectru\556.txt,556,556,560.0,570.0,564.949739,463.526522,447.09,39.37905,23.0
in cutie\Set frunze 2\nesanatoasa,leaf_sample,unhealthy,556.txt,in cutie\Set frunze 2\nesanatoasa\spectru\556.txt,556,556,570.0,580.0,574.905,355.192083,346.265,62.895323,24.0
in cutie\Set frunze 2\nesanatoasa,leaf_sample,unhealthy,556.txt,in cutie\Set frunze 2\nesanatoasa\spectru\556.txt,556,556,580.0,590.0,585.043208,315.597917,317.28,35.360183,24.0
in cutie\Set frunze 2\nesanatoasa,leaf_sample,unhealthy,556.txt,in cutie\Set frunze 2\nesanatoasa\spectru\556.txt,556,556,590.0,600.0,595.152042,318.222917,319.8,32.502066,24.0
in cutie\Set frunze 2\nesanatoasa,leaf_sample,unhealthy,556.txt,in cutie\Set frunze 2\nesanatoasa\spectru\556.txt,556,556,600.0,610.0,605.02213,299.906957,298.37,29.784505,23.0
in cutie\Set frunze 2\nesanatoasa,leaf_sample,unhealthy,556.txt,in cutie\Set frunze 2\nesanatoasa\spectru\556.txt,556,556,610.0,620.0,614.863458,318.748333,309.72,35.993277,24.0
in cutie\Set frunze 2\nesanatoasa,leaf_sample,unhealthy,556.txt,in cutie\Set frunze 2\nesanatoasa\spectru\556.txt,556,556,620.0,630.0,624.885125,313.182083,312.24,33.051425,24.0
in cutie\Set frunze 2\nesanatoasa,leaf_sample,unhealthy,556.txt,in cutie\Set frunze 2\nesanatoasa\spectru\556.txt,556,556,630.0,640.0,634.876917,316.437917,318.54,42.16313,24.0
in cutie\Set frunze 2\nesanatoasa,leaf_sample,unhealthy,556.txt,in cutie\Set frunze 2\nesanatoasa\spectru\556.txt,556,556,640.0,650.0,644.83875,308.87625,310.98,35.90367,24.0
in cutie\Set frunze 2\nesanatoasa,leaf_sample,unhealthy,556.txt,in cutie\Set frunze 2\nesanatoasa\spectru\556.txt,556,556,650.0,660.0,654.97728,308.1524,303.41,31.274444,25.0
in cutie\Set frunze 2\nesanatoasa,leaf_sample,unhealthy,556.txt,in cutie\Set frunze 2\nesanatoasa\spectru\556.txt,556,556,660.0,670.0,665.084458,327.254583,323.58,33.691757,24.0
in cutie\Set frunze 2\nesanatoasa,leaf_sample,unhealthy,556.txt,in cutie\Set frunze 2\nesanatoasa\spectru\556.txt,556,556,670.0,680.0,674.95475,312.972083,321.06,36.778912,24.0
in cutie\Set frunze 2\nesanatoasa,leaf_sample,unhealthy,556.txt,in cutie\Set frunze 2\nesanatoasa\spectru\556.txt,556,556,680.0,690.0,684.9992,297.0632,298.37,26.951303,25.0
in cutie\Set frunze 2\nesanatoasa,leaf_sample,unhealthy,556.txt,in cutie\Set frunze 2\nesanatoasa\spectru\556.txt,556,556,690.0,700.0,695.012,316.3325,317.28,27.383086,24.0
in cutie\Set frunze 2\nesanatoasa,leaf_sample,unhealthy,556.txt,in cutie\Set frunze 2\nesanatoasa\spectru\556.txt,556,556,700.0,710.0,704.99268,300.6924,310.98,34.309676,25.0
in cutie\Set frunze 2\nesanatoasa,leaf_sample,unhealthy,556.txt,in cutie\Set frunze 2\nesanatoasa\spectru\556.txt,556,556,710.0,720.0,714.9415,314.442083,309.72,28.41313,24.0
in cutie\Set frunze 2\nesanatoasa,leaf_sample,unhealthy,556.txt,in cutie\Set frunze 2\nesanatoasa\spectru\556.txt,556,556,720.0,730.0,724.85784,319.0424,323.58,33.952268,25.0
in cutie\Set frunze 2\nesanatoasa,leaf_sample,unhealthy,556.txt,in cutie\Set frunze 2\nesanatoasa\spectru\556.txt,556,556,730.0,740.0,734.94336,311.5812,305.94,37.767019,25.0
in cutie\Set frunze 2\nesanatoasa,leaf_sample,unhealthy,556.txt,in cutie\Set frunze 2\nesanatoasa\spectru\556.txt,556,556,740.0,750.0,744.99528,318.336,310.98,29.661649,25.0
in cutie\Set frunze 2\nesanatoasa,leaf_sample,unhealthy,556.txt,in cutie\Set frunze 2\nesanatoasa\spectru\556.txt,556,556,750.0,760.0,755.01288,317.5292,321.06,43.189942,25.0
in cutie\Set frunze 2\nesanatoasa,leaf_sample,unhealthy,556.txt,in cutie\Set frunze 2\nesanatoasa\spectru\556.txt,556,556,760.0,770.0,764.99664,321.764,323.58,32.078424,25.0
in cutie\Set frunze 2\nesanatoasa,leaf_sample,unhealthy,556.txt,in cutie\Set frunze 2\nesanatoasa\spectru\556.txt,556,556,770.0,780.0,774.94604,322.9748,321.06,24.679069,25.0
in cutie\Set frunze 2\nesanatoasa,leaf_sample,unhealthy,556.txt,in cutie\Set frunze 2\nesanatoasa\spectru\556.txt,556,556,780.0,790.0,784.86132,310.3716,305.94,29.868668,25.0
in cutie\Set frunze 2\nesanatoasa,leaf_sample,unhealthy,556.txt,in cutie\Set frunze 2\nesanatoasa\spectru\556.txt,556,556,790.0,800.0,794.938962,312.915769,314.76,35.29722,26.0
in cutie\Set frunze 2\nesanatoasa,leaf_sample,unhealthy,556.txt,in cutie\Set frunze 2\nesanatoasa\spectru\556.txt,556,556,800.0,810.0,804.98072,319.3448,323.58,32.543399,25.0
in cutie\Set frunze 2\nesanatoasa,leaf_sample,unhealthy,556.txt,in cutie\Set frunze 2\nesanatoasa\spectru\556.txt,556,556,810.0,820.0,814.986231,315.63,316.02,35.13273,26.0
in cutie\Set frunze 2\nesanatoasa,leaf_sample,unhealthy,556.txt,in cutie\Set frunze 2\nesanatoasa\spectru\556.txt,556,556,820.0,830.0,824.95548,322.0668,318.54,37.993405,25.0
in cutie\Set frunze 2\nesanatoasa,leaf_sample,unhealthy,556.txt,in cutie\Set frunze 2\nesanatoasa\spectru\556.txt,556,556,830.0,840.0,834.888115,328.814615,324.84,29.905538,26.0
in cutie\Set frunze 2\nesanatoasa,leaf_sample,unhealthy,556.txt,in cutie\Set frunze 2\nesanatoasa\spectru\556.txt,556,556,840.0,850.0,844.977846,312.721154,312.24,32.816995,26.0
in cutie\Set frunze 2\nesanatoasa,leaf_sample,unhealthy,556.txt,in cutie\Set frunze 2\nesanatoasa\spectru\556.txt,556,556,850.0,860.0,855.029308,304.189231,303.41,29.624728,26.0
in cutie\Set frunze 2\nesanatoasa,leaf_sample,unhealthy,556.txt,in cutie\Set frunze 2\nesanatoasa\spectru\556.txt,556,556,860.0,870.0,865.042308,314.272692,314.76,36.14114,26.0
in cutie\Set frunze 2\nesanatoasa,leaf_sample,unhealthy,556.txt,in cutie\Set frunze 2\nesanatoasa\spectru\556.txt,556,556,870.0,880.0,875.016731,313.593846,309.72,43.665963,26.0
in cutie\Set frunze 2\nesanatoasa,leaf_sample,unhealthy,556.txt,in cutie\Set frunze 2\nesanatoasa\spectru\556.txt,556,556,880.0,890.0,884.952385,322.028462,318.54,31.155164,26.0
in cutie\Set frunze 2\nesanatoasa,leaf_sample,unhealthy,556.txt,in cutie\Set frunze 2\nesanatoasa\spectru\556.txt,556,556,890.0,900.0,895.039037,344.677407,295.85,173.040071,27.0
in cutie\Set frunze 2\nesanatoasa,leaf_sample,unhealthy,556.txt,in cutie\Set frunze 2\nesanatoasa\spectru\556.txt,556,556,900.0,910.0,905.085308,310.201538,308.46,40.29558,26.0
in cutie\Set frunze 2\nesanatoasa,leaf_sample,unhealthy,556.txt,in cutie\Set frunze 2\nesanatoasa\spectru\556.txt,556,556,910.0,920.0,915.090519,312.284074,308.46,25.68122,27.0
in cutie\Set frunze 2\nesanatoasa,leaf_sample,unhealthy,556.txt,in cutie\Set frunze 2\nesanatoasa\spectru\556.txt,556,556,920.0,930.0,925.055154,304.868077,305.935,41.647063,26.0
in cutie\Set frunze 2\nesanatoasa,leaf_sample,unhealthy,556.txt,in cutie\Set frunze 2\nesanatoasa\spectru\556.txt,556,556,930.0,940.0,934.97837,321.432222,318.54,55.582676,27.0
in cutie\Set frunze 2\nesanatoasa,leaf_sample,unhealthy,556.txt,in cutie\Set frunze 2\nesanatoasa\spectru\556.txt,556,556,940.0,950.0,945.046519,304.814444,300.89,37.261808,27.0
in cutie\Set frunze 2\nesanatoasa,leaf_sample,unhealthy,556.txt,in cutie\Set frunze 2\nesanatoasa\spectru\556.txt,556,556,950.0,960.0,955.071815,325.818519,336.18,34.54776,27.0
in cutie\Set frunze 2\nesanatoasa,leaf_sample,unhealthy,556.txt,in cutie\Set frunze 2\nesanatoasa\spectru\556.txt,556,556,960.0,970.0,965.053815,307.615926,305.94,31.533252,27.0
in cutie\Set frunze 2\nesanatoasa,leaf_sample,unhealthy,556.txt,in cutie\Set frunze 2\nesanatoasa\spectru\556.txt,556,556,970.0,980.0,974.992481,330.30037,333.66,37.973832,27.0
in cutie\Set frunze 2\nesanatoasa,leaf_sample,unhealthy,556.txt,in cutie\Set frunze 2\nesanatoasa\spectru\556.txt,556,556,980.0,990.0,984.887556,313.122963,310.98,41.062286,27.0
in cutie\Set frunze 2\nesanatoasa,leaf_sample,unhealthy,556.txt,in cutie\Set frunze 2\nesanatoasa\spectru\556.txt,556,556,990.0,1000.0,994.920964,309.445357,310.98,38.834804,28.0
in cutie\Set frunze 2\nesanatoasa,leaf_sample,unhealthy,556.txt,in cutie\Set frunze 2\nesanatoasa\spectru\556.txt,556,556,1000.0,1010.0,1005.09,330.06,324.84,41.921006,28.0
in cutie\Set frunze 2\nesanatoasa,leaf_sample,unhealthy,556.txt,in cutie\Set frunze 2\nesanatoasa\spectru\556.txt,556,556,1010.0,1020.0,1015.031556,311.629259,313.5,29.124429,27.0
in cutie\Set frunze 2\nesanatoasa,leaf_sample,unhealthy,556.txt,in cutie\Set frunze 2\nesanatoasa\spectru\556.txt,556,556,1020.0,1030.0,1024.926857,307.826071,307.195,30.280829,28.0
in cutie\Set frunze 2\nesanatoasa,leaf_sample,unhealthy,556.txt,in cutie\Set frunze 2\nesanatoasa\spectru\556.txt,556,556,1030.0,1040.0,1032.275,300.313077,300.89,34.561764,13.0
in cutie\Set frunze 2\nesanatoasa,leaf_sample,unhealthy,580.txt,in cutie\Set frunze 2\nesanatoasa\spectru\580.txt,580,580,180.0,190.0,188.705167,-138.368333,-142.57,17.743348,6.0
in cutie\Set frunze 2\nesanatoasa,leaf_sample,unhealthy,580.txt,in cutie\Set frunze 2\nesanatoasa\spectru\580.txt,580,580,190.0,200.0,194.959762,45.512381,46.47,108.438988,21.0
in cutie\Set frunze 2\nesanatoasa,leaf_sample,unhealthy,580.txt,in cutie\Set frunze 2\nesanatoasa\spectru\580.txt,580,580,200.0,210.0,204.905818,288.563636,296.01,44.565039,22.0
in cutie\Set frunze 2\nesanatoasa,leaf_sample,unhealthy,580.txt,in cutie\Set frunze 2\nesanatoasa\spectru\580.txt,580,580,210.0,220.0,215.0625,299.103182,299.79,28.446215,22.0
in cutie\Set frunze 2\nesanatoasa,leaf_sample,unhealthy,580.txt,in cutie\Set frunze 2\nesanatoasa\spectru\580.txt,580,580,220.0,230.0,224.968333,275.366667,285.93,38.914389,21.0
in cutie\Set frunze 2\nesanatoasa,leaf_sample,unhealthy,580.txt,in cutie\Set frunze 2\nesanatoasa\spectru\580.txt,580,580,230.0,240.0,234.853682,276.533636,277.11,26.361854,22.0
in cutie\Set frunze 2\nesanatoasa,leaf_sample,unhealthy,580.txt,in cutie\Set frunze 2\nesanatoasa\spectru\580.txt,580,580,240.0,250.0,244.948455,306.206818,303.57,60.549187,22.0
in cutie\Set frunze 2\nesanatoasa,leaf_sample,unhealthy,580.txt,in cutie\Set frunze 2\nesanatoasa\spectru\580.txt,580,580,250.0,260.0,255.021727,279.855,290.97,29.916467,22.0
in cutie\Set frunze 2\nesanatoasa,leaf_sample,unhealthy,580.txt,in cutie\Set frunze 2\nesanatoasa\spectru\580.txt,580,580,260.0,270.0,265.073818,283.408182,283.41,30.24678,22.0
in cutie\Set frunze 2\nesanatoasa,leaf_sample,unhealthy,580.txt,in cutie\Set frunze 2\nesanatoasa\spectru\580.txt,580,580,270.0,280.0,275.104455,293.260909,285.93,34.750907,22.0
in cutie\Set frunze 2\nesanatoasa,leaf_sample,unhealthy,580.txt,in cutie\Set frunze 2\nesanatoasa\spectru\580.txt,580,580,280.0,290.0,285.113545,313.196364,318.695,38.853744,22.0
in cutie\Set frunze 2\nesanatoasa,leaf_sample,unhealthy,580.txt,in cutie\Set frunze 2\nesanatoasa\spectru\580.txt,580,580,290.0,300.0,295.101045,298.530909,293.49,29.708165,22.0
in cutie\Set frunze 2\nesanatoasa,leaf_sample,unhealthy,580.txt,in cutie\Set frunze 2\nesanatoasa\spectru\580.txt,580,580,300.0,310.0,305.066727,301.281818,302.31,32.394449,22.0
in cutie\Set frunze 2\nesanatoasa,leaf_sample,unhealthy,580.txt,in cutie\Set frunze 2\nesanatoasa\spectru\580.txt,580,580,310.0,320.0,315.010682,306.550909,306.09,37.375321,22.0
in cutie\Set frunze 2\nesanatoasa,leaf_sample,unhealthy,580.txt,in cutie\Set frunze 2\nesanatoasa\spectru\580.txt,580,580,320.0,330.0,324.932818,305.405455,307.35,37.403756,22.0
in cutie\Set frunze 2\nesanatoasa,leaf_sample,unhealthy,580.txt,in cutie\Set frunze 2\nesanatoasa\spectru\580.txt,580,580,330.0,340.0,334.832955,307.009545,309.87,35.755848,22.0
in cutie\Set frunze 2\nesanatoasa,leaf_sample,unhealthy,580.txt,in cutie\Set frunze 2\nesanatoasa\spectru\580.txt,580,580,340.0,350.0,344.935087,310.366522,316.17,50.948796,23.0
in cutie\Set frunze 2\nesanatoasa,leaf_sample,unhealthy,580.txt,in cutie\Set frunze 2\nesanatoasa\spectru\580.txt,580,580,350.0,360.0,355.014136,307.353182,311.135,42.928986,22.0
in cutie\Set frunze 2\nesanatoasa,leaf_sample,unhealthy,580.txt,in cutie\Set frunze 2\nesanatoasa\spectru\580.txt,580,580,360.0,370.0,365.069739,289.873478,288.45,33.428967,23.0
in cutie\Set frunze 2\nesanatoasa,leaf_sample,unhealthy,580.txt,in cutie\Set frunze 2\nesanatoasa\spectru\580.txt,580,580,370.0,380.0,375.102227,306.321818,313.65,33.125326,22.0
in cutie\Set frunze 2\nesanatoasa,leaf_sample,unhealthy,580.txt,in cutie\Set frunze 2\nesanatoasa\spectru\580.txt,580,580,380.0,390.0,385.110913,316.83087,306.09,44.454876,23.0
in cutie\Set frunze 2\nesanatoasa,leaf_sample,unhealthy,580.txt,in cutie\Set frunze 2\nesanatoasa\spectru\580.txt,580,580,390.0,400.0,395.096045,322.361818,318.7,35.790269,22.0
in cutie\Set frunze 2\nesanatoasa,leaf_sample,unhealthy,580.txt,in cutie\Set frunze 2\nesanatoasa\spectru\580.txt,580,580,400.0,410.0,405.057435,318.037826,323.74,36.201686,23.0
in cutie\Set frunze 2\nesanatoasa,leaf_sample,unhealthy,580.txt,in cutie\Set frunze 2\nesanatoasa\spectru\580.txt,580,580,410.0,420.0,414.995091,326.944091,331.3,39.955562,22.0
in cutie\Set frunze 2\nesanatoasa,leaf_sample,unhealthy,580.txt,in cutie\Set frunze 2\nesanatoasa\spectru\580.txt,580,580,420.0,430.0,424.908696,300.721304,306.09,42.100438,23.0
in cutie\Set frunze 2\nesanatoasa,leaf_sample,unhealthy,580.txt,in cutie\Set frunze 2\nesanatoasa\spectru\580.txt,580,580,430.0,440.0,435.01787,323.627391,313.65,38.245126,23.0
in cutie\Set frunze 2\nesanatoasa,leaf_sample,unhealthy,580.txt,in cutie\Set frunze 2\nesanatoasa\spectru\580.txt,580,580,440.0,450.0,445.101783,302.585217,311.13,38.541409,23.0
in cutie\Set frunze 2\nesanatoasa,leaf_sample,unhealthy,580.txt,in cutie\Set frunze 2\nesanatoasa\spectru\580.txt,580,580,450.0,460.0,455.160348,295.572609,298.53,26.578048,23.0
in cutie\Set frunze 2\nesanatoasa,leaf_sample,unhealthy,580.txt,in cutie\Set frunze 2\nesanatoasa\spectru\580.txt,580,580,460.0,470.0,465.193435,305.873478,298.53,31.890454,23.0
in cutie\Set frunze 2\nesanatoasa,leaf_sample,unhealthy,580.txt,in cutie\Set frunze 2\nesanatoasa\spectru\580.txt,580,580,470.0,480.0,475.201,317.161739,313.65,32.182304,23.0
in cutie\Set frunze 2\nesanatoasa,leaf_sample,unhealthy,580.txt,in cutie\Set frunze 2\nesanatoasa\spectru\580.txt,580,580,480.0,490.0,485.182913,312.997826,321.22,40.432071,23.0
in cutie\Set frunze 2\nesanatoasa,leaf_sample,unhealthy,580.txt,in cutie\Set frunze 2\nesanatoasa\spectru\580.txt,580,580,490.0,500.0,495.139043,310.257391,311.13,29.96778,23.0
in cutie\Set frunze 2\nesanatoasa,leaf_sample,unhealthy,580.txt,in cutie\Set frunze 2\nesanatoasa\spectru\580.txt,580,580,500.0,510.0,505.069348,323.736522,331.3,31.4203,23.0
in cutie\Set frunze 2\nesanatoasa,leaf_sample,unhealthy,580.txt,in cutie\Set frunze 2\nesanatoasa\spectru\580.txt,580,580,510.0,520.0,514.973652,319.353478,318.7,29.47229,23.0
in cutie\Set frunze 2\nesanatoasa,leaf_sample,unhealthy,580.txt,in cutie\Set frunze 2\nesanatoasa\spectru\580.txt,580,580,520.0,530.0,525.066167,326.15125,330.04,22.573704,24.0
in cutie\Set frunze 2\nesanatoasa,leaf_sample,unhealthy,580.txt,in cutie\Set frunze 2\nesanatoasa\spectru\580.txt,580,580,530.0,540.0,535.131478,303.352609,301.05,30.336999,23.0
in cutie\Set frunze 2\nesanatoasa,leaf_sample,unhealthy,580.txt,in cutie\Set frunze 2\nesanatoasa\spectru\580.txt,580,580,540.0,550.0,544.956,304.558261,311.13,41.740345,23.0
in cutie\Set frunze 2\nesanatoasa,leaf_sample,unhealthy,580.txt,in cutie\Set frunze 2\nesanatoasa\spectru\580.txt,580,580,550.0,560.0,554.966667,309.2425,312.39,29.333694,24.0
in cutie\Set frunze 2\nesanatoasa,leaf_sample,unhealthy,580.txt,in cutie\Set frunze 2\nesanatoasa\spectru\580.txt,580,580,560.0,570.0,564.949739,310.037391,308.61,36.282775,23.0
in cutie\Set frunze 2\nesanatoasa,leaf_sample,unhealthy,580.txt,in cutie\Set frunze 2\nesanatoasa\spectru\580.txt,580,580,570.0,580.0,574.905,319.219583,336.34,42.768801,24.0
in cutie\Set frunze 2\nesanatoasa,leaf_sample,unhealthy,580.txt,in cutie\Set frunze 2\nesanatoasa\spectru\580.txt,580,580,580.0,590.0,585.043208,323.2125,321.22,34.383965,24.0
in cutie\Set frunze 2\nesanatoasa,leaf_sample,unhealthy,580.txt,in cutie\Set frunze 2\nesanatoasa\spectru\580.txt,580,580,590.0,600.0,595.152042,307.983333,312.39,28.323544,24.0
in cutie\Set frunze 2\nesanatoasa,leaf_sample,unhealthy,580.txt,in cutie\Set frunze 2\nesanatoasa\spectru\580.txt,580,580,600.0,610.0,605.02213,306.969565,303.57,34.405274,23.0
in cutie\Set frunze 2\nesanatoasa,leaf_sample,unhealthy,580.txt,in cutie\Set frunze 2\nesanatoasa\spectru\580.txt,580,580,610.0,620.0,614.863458,311.974583,308.61,34.680362,24.0
in cutie\Set frunze 2\nesanatoasa,leaf_sample,unhealthy,580.txt,in cutie\Set frunze 2\nesanatoasa\spectru\580.txt,580,580,620.0,630.0,624.885125,310.8175,314.91,34.585593,24.0
in cutie\Set frunze 2\nesanatoasa,leaf_sample,unhealthy,580.txt,in cutie\Set frunze 2\nesanatoasa\spectru\580.txt,580,580,630.0,640.0,634.876917,319.535417,322.48,52.58846,24.0
in cutie\Set frunze 2\nesanatoasa,leaf_sample,unhealthy,580.txt,in cutie\Set frunze 2\nesanatoasa\spectru\580.txt,580,580,640.0,650.0,644.83875,309.349167,301.05,38.165919,24.0
in cutie\Set frunze 2\nesanatoasa,leaf_sample,unhealthy,580.txt,in cutie\Set frunze 2\nesanatoasa\spectru\580.txt,580,580,650.0,660.0,654.97728,311.6388,296.01,36.906579,25.0
in cutie\Set frunze 2\nesanatoasa,leaf_sample,unhealthy,580.txt,in cutie\Set frunze 2\nesanatoasa\spectru\580.txt,580,580,660.0,670.0,665.084458,323.736667,322.48,26.814256,24.0
in cutie\Set frunze 2\nesanatoasa,leaf_sample,unhealthy,580.txt,in cutie\Set frunze 2\nesanatoasa\spectru\580.txt,580,580,670.0,680.0,674.95475,306.827917,308.61,35.126085,24.0
in cutie\Set frunze 2\nesanatoasa,leaf_sample,unhealthy,580.txt,in cutie\Set frunze 2\nesanatoasa\spectru\580.txt,580,580,680.0,690.0,684.9992,302.5652,311.13,43.8949,25.0
in cutie\Set frunze 2\nesanatoasa,leaf_sample,unhealthy,580.txt,in cutie\Set frunze 2\nesanatoasa\spectru\580.txt,580,580,690.0,700.0,695.012,303.047083,306.09,29.149317,24.0
in cutie\Set frunze 2\nesanatoasa,leaf_sample,unhealthy,580.txt,in cutie\Set frunze 2\nesanatoasa\spectru\580.txt,580,580,700.0,710.0,704.99268,324.1388,326.26,25.293153,25.0
in cutie\Set frunze 2\nesanatoasa,leaf_sample,unhealthy,580.txt,in cutie\Set frunze 2\nesanatoasa\spectru\580.txt,580,580,710.0,720.0,714.9415,313.96875,314.915,34.440752,24.0
in cutie\Set frunze 2\nesanatoasa,leaf_sample,unhealthy,580.txt,in cutie\Set frunze 2\nesanatoasa\spectru\580.txt,580,580,720.0,730.0,724.85784,315.0668,313.65,31.353093,25.0
in cutie\Set frunze 2\nesanatoasa,leaf_sample,unhealthy,580.txt,in cutie\Set frunze 2\nesanatoasa\spectru\580.txt,580,580,730.0,740.0,734.94336,315.872,308.61,29.706799,25.0
in cutie\Set frunze 2\nesanatoasa,leaf_sample,unhealthy,580.txt,in cutie\Set frunze 2\nesanatoasa\spectru\580.txt,580,580,740.0,750.0,744.99528,303.0684,301.05,36.380583,25.0
in cutie\Set frunze 2\nesanatoasa,leaf_sample,unhealthy,580.txt,in cutie\Set frunze 2\nesanatoasa\spectru\580.txt,580,580,750.0,760.0,755.01288,305.7896,303.57,39.586179,25.0
in cutie\Set frunze 2\nesanatoasa,leaf_sample,unhealthy,580.txt,in cutie\Set frunze 2\nesanatoasa\spectru\580.txt,580,580,760.0,770.0,764.99664,325.4508,328.78,30.819227,25.0
in cutie\Set frunze 2\nesanatoasa,leaf_sample,unhealthy,580.txt,in cutie\Set frunze 2\nesanatoasa\spectru\580.txt,580,580,770.0,780.0,774.94604,305.7912,308.61,24.648311,25.0
in cutie\Set frunze 2\nesanatoasa,leaf_sample,unhealthy,580.txt,in cutie\Set frunze 2\nesanatoasa\spectru\580.txt,580,580,780.0,790.0,784.86132,314.1584,318.7,32.964128,25.0
in cutie\Set frunze 2\nesanatoasa,leaf_sample,unhealthy,580.txt,in cutie\Set frunze 2\nesanatoasa\spectru\580.txt,580,580,790.0,800.0,794.938962,314.914615,314.91,29.086627,26.0
in cutie\Set frunze 2\nesanatoasa,leaf_sample,unhealthy,580.txt,in cutie\Set frunze 2\nesanatoasa\spectru\580.txt,580,580,800.0,810.0,804.98072,322.3244,323.74,40.84903,25.0
in cutie\Set frunze 2\nesanatoasa,leaf_sample,unhealthy,580.txt,in cutie\Set frunze 2\nesanatoasa\spectru\580.txt,580,580,810.0,820.0,814.986231,327.129615,327.52,32.767068,26.0
in cutie\Set frunze 2\nesanatoasa,leaf_sample,unhealthy,580.txt,in cutie\Set frunze 2\nesanatoasa\spectru\580.txt,580,580,820.0,830.0,824.95548,388.3644,391.79,41.281614,25.0
in cutie\Set frunze 2\nesanatoasa,leaf_sample,unhealthy,580.txt,in cutie\Set frunze 2\nesanatoasa\spectru\580.txt,580,580,830.0,840.0,834.888115,469.057692,467.41,38.991665,26.0
in cutie\Set frunze 2\nesanatoasa,leaf_sample,unhealthy,580.txt,in cutie\Set frunze 2\nesanatoasa\spectru\580.txt,580,580,840.0,850.0,844.977846,473.517308,474.97,52.919165,26.0
in cutie\Set frunze 2\nesanatoasa,leaf_sample,unhealthy,580.txt,in cutie\Set frunze 2\nesanatoasa\spectru\580.txt,580,580,850.0,860.0,855.029308,447.923462,447.245,41.291284,26.0
in cutie\Set frunze 2\nesanatoasa,leaf_sample,unhealthy,580.txt,in cutie\Set frunze 2\nesanatoasa\spectru\580.txt,580,580,860.0,870.0,865.042308,415.543846,422.04,33.395556,26.0
in cutie\Set frunze 2\nesanatoasa,leaf_sample,unhealthy,580.txt,in cutie\Set frunze 2\nesanatoasa\spectru\580.txt,580,580,870.0,880.0,875.016731,348.457308,346.42,37.321117,26.0
in cutie\Set frunze 2\nesanatoasa,leaf_sample,unhealthy,580.txt,in cutie\Set frunze 2\nesanatoasa\spectru\580.txt,580,580,880.0,890.0,884.952385,312.393462,309.87,35.640861,26.0
in cutie\Set frunze 2\nesanatoasa,leaf_sample,unhealthy,580.txt,in cutie\Set frunze 2\nesanatoasa\spectru\580.txt,580,580,890.0,900.0,895.039037,362.665185,331.3,169.603242,27.0
in cutie\Set frunze 2\nesanatoasa,leaf_sample,unhealthy,580.txt,in cutie\Set frunze 2\nesanatoasa\spectru\580.txt,580,580,900.0,910.0,905.085308,327.13,337.6,34.918688,26.0
in cutie\Set frunze 2\nesanatoasa,leaf_sample,unhealthy,580.txt,in cutie\Set frunze 2\nesanatoasa\spectru\580.txt,580,580,910.0,920.0,915.090519,301.238519,303.57,24.866346,27.0
in cutie\Set frunze 2\nesanatoasa,leaf_sample,unhealthy,580.txt,in cutie\Set frunze 2\nesanatoasa\spectru\580.txt,580,580,920.0,930.0,925.055154,321.797692,325.0,33.353409,26.0
in cutie\Set frunze 2\nesanatoasa,leaf_sample,unhealthy,580.txt,in cutie\Set frunze 2\nesanatoasa\spectru\580.txt,580,580,930.0,940.0,934.97837,322.429259,308.61,49.541592,27.0
in cutie\Set frunze 2\nesanatoasa,leaf_sample,unhealthy,580.txt,in cutie\Set frunze 2\nesanatoasa\spectru\580.txt,580,580,940.0,950.0,945.046519,310.76,313.65,41.485082,27.0
in cutie\Set frunze 2\nesanatoasa,leaf_sample,unhealthy,580.txt,in cutie\Set frunze 2\nesanatoasa\spectru\580.txt,580,580,950.0,960.0,955.071815,296.29,306.09,34.913948,27.0
in cutie\Set frunze 2\nesanatoasa,leaf_sample,unhealthy,580.txt,in cutie\Set frunze 2\nesanatoasa\spectru\580.txt,580,580,960.0,970.0,965.053815,319.722222,313.65,38.215354,27.0
in cutie\Set frunze 2\nesanatoasa,leaf_sample,unhealthy,580.txt,in cutie\Set frunze 2\nesanatoasa\spectru\580.txt,580,580,970.0,980.0,974.992481,309.266296,311.13,36.510839,27.0
in cutie\Set frunze 2\nesanatoasa,leaf_sample,unhealthy,580.txt,in cutie\Set frunze 2\nesanatoasa\spectru\580.txt,580,580,980.0,990.0,984.887556,307.773333,301.05,23.85257,27.0
in cutie\Set frunze 2\nesanatoasa,leaf_sample,unhealthy,580.txt,in cutie\Set frunze 2\nesanatoasa\spectru\580.txt,580,580,990.0,1000.0,994.920964,322.566429,325.0,36.535859,28.0
in cutie\Set frunze 2\nesanatoasa,leaf_sample,unhealthy,580.txt,in cutie\Set frunze 2\nesanatoasa\spectru\580.txt,580,580,1000.0,1010.0,1005.09,312.663929,307.35,27.728955,28.0
in cutie\Set frunze 2\nesanatoasa,leaf_sample,unhealthy,580.txt,in cutie\Set frunze 2\nesanatoasa\spectru\580.txt,580,580,1010.0,1020.0,1015.031556,314.027778,313.65,34.89685,27.0
in cutie\Set frunze 2\nesanatoasa,leaf_sample,unhealthy,580.txt,in cutie\Set frunze 2\nesanatoasa\spectru\580.txt,580,580,1020.0,1030.0,1024.926857,305.552143,301.05,30.361225,28.0
in cutie\Set frunze 2\nesanatoasa,leaf_sample,unhealthy,580.txt,in cutie\Set frunze 2\nesanatoasa\spectru\580.txt,580,580,1030.0,1040.0,1032.275,329.941538,318.7,32.424855,13.0
in cutie\Set frunze 2\nesanatoasa,leaf_sample,unhealthy,680.txt,in cutie\Set frunze 2\nesanatoasa\spectru\680.txt,680,680,180.0,190.0,188.705167,-77.14,-51.515,53.079602,6.0
in cutie\Set frunze 2\nesanatoasa,leaf_sample,unhealthy,680.txt,in cutie\Set frunze 2\nesanatoasa\spectru\680.txt,680,680,190.0,200.0,194.959762,43.548095,56.87,111.474921,21.0
in cutie\Set frunze 2\nesanatoasa,leaf_sample,unhealthy,680.txt,in cutie\Set frunze 2\nesanatoasa\spectru\680.txt,680,680,200.0,210.0,204.905818,286.93,286.24,36.952723,22.0
in cutie\Set frunze 2\nesanatoasa,leaf_sample,unhealthy,680.txt,in cutie\Set frunze 2\nesanatoasa\spectru\680.txt,680,680,210.0,220.0,215.0625,283.608182,279.94,36.379131,22.0
in cutie\Set frunze 2\nesanatoasa,leaf_sample,unhealthy,680.txt,in cutie\Set frunze 2\nesanatoasa\spectru\680.txt,680,680,220.0,230.0,224.968333,256.476667,256.0,31.727289,21.0
in cutie\Set frunze 2\nesanatoasa,leaf_sample,unhealthy,680.txt,in cutie\Set frunze 2\nesanatoasa\spectru\680.txt,680,680,230.0,240.0,234.853682,271.347727,279.94,31.600436,22.0
in cutie\Set frunze 2\nesanatoasa,leaf_sample,unhealthy,680.txt,in cutie\Set frunze 2\nesanatoasa\spectru\680.txt,680,680,240.0,250.0,244.948455,318.208636,303.885,65.545778,22.0
in cutie\Set frunze 2\nesanatoasa,leaf_sample,unhealthy,680.txt,in cutie\Set frunze 2\nesanatoasa\spectru\680.txt,680,680,250.0,260.0,255.021727,294.950455,301.37,30.7752,22.0
in cutie\Set frunze 2\nesanatoasa,leaf_sample,unhealthy,680.txt,in cutie\Set frunze 2\nesanatoasa\spectru\680.txt,680,680,260.0,270.0,265.073818,281.661364,282.46,28.926002,22.0
in cutie\Set frunze 2\nesanatoasa,leaf_sample,unhealthy,680.txt,in cutie\Set frunze 2\nesanatoasa\spectru\680.txt,680,680,270.0,280.0,275.104455,291.971818,290.02,40.793024,22.0
in cutie\Set frunze 2\nesanatoasa,leaf_sample,unhealthy,680.txt,in cutie\Set frunze 2\nesanatoasa\spectru\680.txt,680,680,280.0,290.0,285.113545,302.053636,303.89,28.368127,22.0
in cutie\Set frunze 2\nesanatoasa,leaf_sample,unhealthy,680.txt,in cutie\Set frunze 2\nesanatoasa\spectru\680.txt,680,680,290.0,300.0,295.101045,292.430455,300.11,41.114594,22.0
in cutie\Set frunze 2\nesanatoasa,leaf_sample,unhealthy,680.txt,in cutie\Set frunze 2\nesanatoasa\spectru\680.txt,680,680,300.0,310.0,305.066727,310.533182,300.11,30.414652,22.0
in cutie\Set frunze 2\nesanatoasa,leaf_sample,unhealthy,680.txt,in cutie\Set frunze 2\nesanatoasa\spectru\680.txt,680,680,310.0,320.0,315.010682,298.845909,296.33,26.072708,22.0
in cutie\Set frunze 2\nesanatoasa,leaf_sample,unhealthy,680.txt,in cutie\Set frunze 2\nesanatoasa\spectru\680.txt,680,680,320.0,330.0,324.932818,291.627273,288.76,40.360219,22.0
in cutie\Set frunze 2\nesanatoasa,leaf_sample,unhealthy,680.txt,in cutie\Set frunze 2\nesanatoasa\spectru\680.txt,680,680,330.0,340.0,334.832955,305.491364,305.15,36.953698,22.0
in cutie\Set frunze 2\nesanatoasa,leaf_sample,unhealthy,680.txt,in cutie\Set frunze 2\nesanatoasa\spectru\680.txt,680,680,340.0,350.0,344.935087,305.858696,293.8,57.140336,23.0
in cutie\Set frunze 2\nesanatoasa,leaf_sample,unhealthy,680.txt,in cutie\Set frunze 2\nesanatoasa\spectru\680.txt,680,680,350.0,360.0,355.014136,309.73,301.37,32.701265,22.0
in cutie\Set frunze 2\nesanatoasa,leaf_sample,unhealthy,680.txt,in cutie\Set frunze 2\nesanatoasa\spectru\680.txt,680,680,360.0,370.0,365.069739,305.64087,308.93,32.909694,23.0
in cutie\Set frunze 2\nesanatoasa,leaf_sample,unhealthy,680.txt,in cutie\Set frunze 2\nesanatoasa\spectru\680.txt,680,680,370.0,380.0,375.102227,325.312273,325.31,31.026053,22.0
in cutie\Set frunze 2\nesanatoasa,leaf_sample,unhealthy,680.txt,in cutie\Set frunze 2\nesanatoasa\spectru\680.txt,680,680,380.0,390.0,385.110913,313.531304,311.45,42.135674,23.0
in cutie\Set frunze 2\nesanatoasa,leaf_sample,unhealthy,680.txt,in cutie\Set frunze 2\nesanatoasa\spectru\680.txt,680,680,390.0,400.0,395.096045,317.063182,325.31,46.002188,22.0
in cutie\Set frunze 2\nesanatoasa,leaf_sample,unhealthy,680.txt,in cutie\Set frunze 2\nesanatoasa\spectru\680.txt,680,680,400.0,410.0,405.057435,301.146957,301.37,35.154601,23.0
in cutie\Set frunze 2\nesanatoasa,leaf_sample,unhealthy,680.txt,in cutie\Set frunze 2\nesanatoasa\spectru\680.txt,680,680,410.0,420.0,414.995091,308.47,300.105,48.914651,22.0
in cutie\Set frunze 2\nesanatoasa,leaf_sample,unhealthy,680.txt,in cutie\Set frunze 2\nesanatoasa\spectru\680.txt,680,680,420.0,430.0,424.908696,318.682609,321.53,36.37798,23.0
in cutie\Set frunze 2\nesanatoasa,leaf_sample,unhealthy,680.txt,in cutie\Set frunze 2\nesanatoasa\spectru\680.txt,680,680,430.0,440.0,435.01787,295.558261,296.33,33.40234,23.0
in cutie\Set frunze 2\nesanatoasa,leaf_sample,unhealthy,680.txt,in cutie\Set frunze 2\nesanatoasa\spectru\680.txt,680,680,440.0,450.0,445.101783,317.147826,319.01,27.068978,23.0
in cutie\Set frunze 2\nesanatoasa,leaf_sample,unhealthy,680.txt,in cutie\Set frunze 2\nesanatoasa\spectru\680.txt,680,680,450.0,460.0,455.160348,325.585652,324.05,38.990467,23.0
in cutie\Set frunze 2\nesanatoasa,leaf_sample,unhealthy,680.txt,in cutie\Set frunze 2\nesanatoasa\spectru\680.txt,680,680,460.0,470.0,465.193435,306.188696,316.49,42.151259,23.0
in cutie\Set frunze 2\nesanatoasa,leaf_sample,unhealthy,680.txt,in cutie\Set frunze 2\nesanatoasa\spectru\680.txt,680,680,470.0,480.0,475.201,314.07913,313.97,29.641342,23.0
in cutie\Set frunze 2\nesanatoasa,leaf_sample,unhealthy,680.txt,in cutie\Set frunze 2\nesanatoasa\spectru\680.txt,680,680,480.0,490.0,485.182913,312.764348,311.45,37.797121,23.0
in cutie\Set frunze 2\nesanatoasa,leaf_sample,unhealthy,680.txt,in cutie\Set frunze 2\nesanatoasa\spectru\680.txt,680,680,490.0,500.0,495.139043,300.70913,301.37,29.42532,23.0
in cutie\Set frunze 2\nesanatoasa,leaf_sample,unhealthy,680.txt,in cutie\Set frunze 2\nesanatoasa\spectru\680.txt,680,680,500.0,510.0,505.069348,321.202174,326.57,51.173864,23.0
in cutie\Set frunze 2\nesanatoasa,leaf_sample,unhealthy,680.txt,in cutie\Set frunze 2\nesanatoasa\spectru\680.txt,680,680,510.0,520.0,514.973652,304.763043,303.89,29.884548,23.0
in cutie\Set frunze 2\nesanatoasa,leaf_sample,unhealthy,680.txt,in cutie\Set frunze 2\nesanatoasa\spectru\680.txt,680,680,520.0,530.0,525.066167,312.39375,317.75,30.296853,24.0
in cutie\Set frunze 2\nesanatoasa,leaf_sample,unhealthy,680.txt,in cutie\Set frunze 2\nesanatoasa\spectru\680.txt,680,680,530.0,540.0,535.131478,319.229565,321.53,27.580003,23.0
in cutie\Set frunze 2\nesanatoasa,leaf_sample,unhealthy,680.txt,in cutie\Set frunze 2\nesanatoasa\spectru\680.txt,680,680,540.0,550.0,544.956,316.380435,313.97,30.342961,23.0
in cutie\Set frunze 2\nesanatoasa,leaf_sample,unhealthy,680.txt,in cutie\Set frunze 2\nesanatoasa\spectru\680.txt,680,680,550.0,560.0,554.966667,323.42125,324.05,29.007769,24.0
in cutie\Set frunze 2\nesanatoasa,leaf_sample,unhealthy,680.txt,in cutie\Set frunze 2\nesanatoasa\spectru\680.txt,680,680,560.0,570.0,564.949739,321.85913,316.49,27.714331,23.0
in cutie\Set frunze 2\nesanatoasa,leaf_sample,unhealthy,680.txt,in cutie\Set frunze 2\nesanatoasa\spectru\680.txt,680,680,570.0,580.0,574.905,331.717917,334.13,34.410093,24.0
in cutie\Set frunze 2\nesanatoasa,leaf_sample,unhealthy,680.txt,in cutie\Set frunze 2\nesanatoasa\spectru\680.txt,680,680,580.0,590.0,585.043208,306.302083,316.49,36.303935,24.0
in cutie\Set frunze 2\nesanatoasa,leaf_sample,unhealthy,680.txt,in cutie\Set frunze 2\nesanatoasa\spectru\680.txt,680,680,590.0,600.0,595.152042,312.499583,312.71,34.283561,24.0
in cutie\Set frunze 2\nesanatoasa,leaf_sample,unhealthy,680.txt,in cutie\Set frunze 2\nesanatoasa\spectru\680.txt,680,680,600.0,610.0,605.02213,319.12,313.97,29.277116,23.0
in cutie\Set frunze 2\nesanatoasa,leaf_sample,unhealthy,680.txt,in cutie\Set frunze 2\nesanatoasa\spectru\680.txt,680,680,610.0,620.0,614.863458,305.147917,305.15,38.564533,24.0
in cutie\Set frunze 2\nesanatoasa,leaf_sample,unhealthy,680.txt,in cutie\Set frunze 2\nesanatoasa\spectru\680.txt,680,680,620.0,630.0,624.885125,310.504167,311.45,35.755575,24.0
in cutie\Set frunze 2\nesanatoasa,leaf_sample,unhealthy,680.txt,in cutie\Set frunze 2\nesanatoasa\spectru\680.txt,680,680,630.0,640.0,634.876917,313.024167,305.15,44.964994,24.0
in cutie\Set frunze 2\nesanatoasa,leaf_sample,unhealthy,680.txt,in cutie\Set frunze 2\nesanatoasa\spectru\680.txt,680,680,640.0,650.0,644.83875,312.70875,317.75,39.513351,24.0
in cutie\Set frunze 2\nesanatoasa,leaf_sample,unhealthy,680.txt,in cutie\Set frunze 2\nesanatoasa\spectru\680.txt,680,680,650.0,660.0,654.97728,385.0488,382.02,62.045631,25.0
in cutie\Set frunze 2\nesanatoasa,leaf_sample,unhealthy,680.txt,in cutie\Set frunze 2\nesanatoasa\spectru\680.txt,680,680,660.0,670.0,665.084458,525.172917,521.92,45.499156,24.0
in cutie\Set frunze 2\nesanatoasa,leaf_sample,unhealthy,680.txt,in cutie\Set frunze 2\nesanatoasa\spectru\680.txt,680,680,670.0,680.0,674.95475,536.515,543.34,31.629527,24.0
in cutie\Set frunze 2\nesanatoasa,leaf_sample,unhealthy,680.txt,in cutie\Set frunze 2\nesanatoasa\spectru\680.txt,680,680,680.0,690.0,684.9992,528.3192,525.7,29.51959,25.0
in cutie\Set frunze 2\nesanatoasa,leaf_sample,unhealthy,680.txt,in cutie\Set frunze 2\nesanatoasa\spectru\680.txt,680,680,690.0,700.0,695.012,495.76625,500.49,48.545062,24.0
in cutie\Set frunze 2\nesanatoasa,leaf_sample,unhealthy,680.txt,in cutie\Set frunze 2\nesanatoasa\spectru\680.txt,680,680,700.0,710.0,704.99268,357.4248,349.26,43.536725,25.0
in cutie\Set frunze 2\nesanatoasa,leaf_sample,unhealthy,680.txt,in cutie\Set frunze 2\nesanatoasa\spectru\680.txt,680,680,710.0,720.0,714.9415,307.0375,296.33,38.345605,24.0
in cutie\Set frunze 2\nesanatoasa,leaf_sample,unhealthy,680.txt,in cutie\Set frunze 2\nesanatoasa\spectru\680.txt,680,680,720.0,730.0,724.85784,310.9444,311.45,39.559662,25.0
in cutie\Set frunze 2\nesanatoasa,leaf_sample,unhealthy,680.txt,in cutie\Set frunze 2\nesanatoasa\spectru\680.txt,680,680,730.0,740.0,734.94336,317.1972,313.97,27.89154,25.0
in cutie\Set frunze 2\nesanatoasa,leaf_sample,unhealthy,680.txt,in cutie\Set frunze 2\nesanatoasa\spectru\680.txt,680,680,740.0,750.0,744.99528,311.5496,316.49,36.88285,25.0
in cutie\Set frunze 2\nesanatoasa,leaf_sample,unhealthy,680.txt,in cutie\Set frunze 2\nesanatoasa\spectru\680.txt,680,680,750.0,760.0,755.01288,321.834,324.05,24.315235,25.0
in cutie\Set frunze 2\nesanatoasa,leaf_sample,unhealthy,680.txt,in cutie\Set frunze 2\nesanatoasa\spectru\680.txt,680,680,760.0,770.0,764.99664,322.3376,326.57,31.106567,25.0
in cutie\Set frunze 2\nesanatoasa,leaf_sample,unhealthy,680.txt,in cutie\Set frunze 2\nesanatoasa\spectru\680.txt,680,680,770.0,780.0,774.94604,315.4824,321.53,43.744163,25.0
in cutie\Set frunze 2\nesanatoasa,leaf_sample,unhealthy,680.txt,in cutie\Set frunze 2\nesanatoasa\spectru\680.txt,680,680,780.0,790.0,784.86132,320.4216,326.57,30.573647,25.0
in cutie\Set frunze 2\nesanatoasa,leaf_sample,unhealthy,680.txt,in cutie\Set frunze 2\nesanatoasa\spectru\680.txt,680,680,790.0,800.0,794.938962,319.592308,325.31,44.479491,26.0
in cutie\Set frunze 2\nesanatoasa,leaf_sample,unhealthy,680.txt,in cutie\Set frunze 2\nesanatoasa\spectru\680.txt,680,680,800.0,810.0,804.98072,308.7272,308.93,34.308764,25.0
in cutie\Set frunze 2\nesanatoasa,leaf_sample,unhealthy,680.txt,in cutie\Set frunze 2\nesanatoasa\spectru\680.txt,680,680,810.0,820.0,814.986231,306.988846,306.41,41.560023,26.0
in cutie\Set frunze 2\nesanatoasa,leaf_sample,unhealthy,680.txt,in cutie\Set frunze 2\nesanatoasa\spectru\680.txt,680,680,820.0,830.0,824.95548,316.9948,306.41,35.144013,25.0
in cutie\Set frunze 2\nesanatoasa,leaf_sample,unhealthy,680.txt,in cutie\Set frunze 2\nesanatoasa\spectru\680.txt,680,680,830.0,840.0,834.888115,313.678846,316.49,26.559604,26.0
in cutie\Set frunze 2\nesanatoasa,leaf_sample,unhealthy,680.txt,in cutie\Set frunze 2\nesanatoasa\spectru\680.txt,680,680,840.0,850.0,844.977846,329.190385,337.915,33.010458,26.0
in cutie\Set frunze 2\nesanatoasa,leaf_sample,unhealthy,680.txt,in cutie\Set frunze 2\nesanatoasa\spectru\680.txt,680,680,850.0,860.0,855.029308,306.891923,302.63,37.686039,26.0
in cutie\Set frunze 2\nesanatoasa,leaf_sample,unhealthy,680.txt,in cutie\Set frunze 2\nesanatoasa\spectru\680.txt,680,680,860.0,870.0,865.042308,310.285385,316.49,36.009204,26.0
in cutie\Set frunze 2\nesanatoasa,leaf_sample,unhealthy,680.txt,in cutie\Set frunze 2\nesanatoasa\spectru\680.txt,680,680,870.0,880.0,875.016731,316.004615,312.71,36.020592,26.0
in cutie\Set frunze 2\nesanatoasa,leaf_sample,unhealthy,680.txt,in cutie\Set frunze 2\nesanatoasa\spectru\680.txt,680,680,880.0,890.0,884.952385,320.755385,317.75,30.132228,26.0
in cutie\Set frunze 2\nesanatoasa,leaf_sample,unhealthy,680.txt,in cutie\Set frunze 2\nesanatoasa\spectru\680.txt,680,680,890.0,900.0,895.039037,344.776667,311.45,163.350916,27.0
in cutie\Set frunze 2\nesanatoasa,leaf_sample,unhealthy,680.txt,in cutie\Set frunze 2\nesanatoasa\spectru\680.txt,680,680,900.0,910.0,905.085308,313.871538,313.97,22.61495,26.0
in cutie\Set frunze 2\nesanatoasa,leaf_sample,unhealthy,680.txt,in cutie\Set frunze 2\nesanatoasa\spectru\680.txt,680,680,910.0,920.0,915.090519,310.515185,301.37,33.086377,27.0
in cutie\Set frunze 2\nesanatoasa,leaf_sample,unhealthy,680.txt,in cutie\Set frunze 2\nesanatoasa\spectru\680.txt,680,680,920.0,930.0,925.055154,326.766923,325.31,31.473128,26.0
in cutie\Set frunze 2\nesanatoasa,leaf_sample,unhealthy,680.txt,in cutie\Set frunze 2\nesanatoasa\spectru\680.txt,680,680,930.0,940.0,934.97837,320.318519,308.93,61.556483,27.0
in cutie\Set frunze 2\nesanatoasa,leaf_sample,unhealthy,680.txt,in cutie\Set frunze 2\nesanatoasa\spectru\680.txt,680,680,940.0,950.0,945.046519,308.835185,308.93,34.591084,27.0
in cutie\Set frunze 2\nesanatoasa,leaf_sample,unhealthy,680.txt,in cutie\Set frunze 2\nesanatoasa\spectru\680.txt,680,680,950.0,960.0,955.071815,324.238519,319.01,27.576497,27.0
in cutie\Set frunze 2\nesanatoasa,leaf_sample,unhealthy,680.txt,in cutie\Set frunze 2\nesanatoasa\spectru\680.txt,680,680,960.0,970.0,965.053815,321.531111,321.53,27.06054,27.0
in cutie\Set frunze 2\nesanatoasa,leaf_sample,unhealthy,680.txt,in cutie\Set frunze 2\nesanatoasa\spectru\680.txt,680,680,970.0,980.0,974.992481,315.742963,321.53,36.110905,27.0
in cutie\Set frunze 2\nesanatoasa,leaf_sample,unhealthy,680.txt,in cutie\Set frunze 2\nesanatoasa\spectru\680.txt,680,680,980.0,990.0,984.887556,306.967778,298.85,28.962599,27.0
in cutie\Set frunze 2\nesanatoasa,leaf_sample,unhealthy,680.txt,in cutie\Set frunze 2\nesanatoasa\spectru\680.txt,680,680,990.0,1000.0,994.920964,314.330357,310.19,26.985292,28.0
in cutie\Set frunze 2\nesanatoasa,leaf_sample,unhealthy,680.txt,in cutie\Set frunze 2\nesanatoasa\spectru\680.txt,680,680,1000.0,1010.0,1005.09,312.708929,311.45,33.861151,28.0
in cutie\Set frunze 2\nesanatoasa,leaf_sample,unhealthy,680.txt,in cutie\Set frunze 2\nesanatoasa\spectru\680.txt,680,680,1010.0,1020.0,1015.031556,306.593333,308.93,35.777629,27.0
in cutie\Set frunze 2\nesanatoasa,leaf_sample,unhealthy,680.txt,in cutie\Set frunze 2\nesanatoasa\spectru\680.txt,680,680,1020.0,1030.0,1024.926857,315.14,316.49,27.967709,28.0
in cutie\Set frunze 2\nesanatoasa,leaf_sample,unhealthy,680.txt,in cutie\Set frunze 2\nesanatoasa\spectru\680.txt,680,680,1030.0,1040.0,1032.275,301.173077,306.41,29.351235,13.0
in cutie\Set frunze 2\nesanatoasa,leaf_sample,unhealthy,725.txt,in cutie\Set frunze 2\nesanatoasa\spectru\725.txt,725,725,180.0,190.0,188.705167,-99.67,-96.73,26.048709,6.0
in cutie\Set frunze 2\nesanatoasa,leaf_sample,unhealthy,725.txt,in cutie\Set frunze 2\nesanatoasa\spectru\725.txt,725,725,190.0,200.0,194.959762,48.146667,44.43,118.18302,21.0
in cutie\Set frunze 2\nesanatoasa,leaf_sample,unhealthy,725.txt,in cutie\Set frunze 2\nesanatoasa\spectru\725.txt,725,725,200.0,210.0,204.905818,293.503636,304.045,42.058844,22.0
in cutie\Set frunze 2\nesanatoasa,leaf_sample,unhealthy,725.txt,in cutie\Set frunze 2\nesanatoasa\spectru\725.txt,725,725,210.0,220.0,215.0625,296.826818,291.44,37.834031,22.0
in cutie\Set frunze 2\nesanatoasa,leaf_sample,unhealthy,725.txt,in cutie\Set frunze 2\nesanatoasa\spectru\725.txt,725,725,220.0,230.0,224.968333,274.277619,286.4,29.410813,21.0
in cutie\Set frunze 2\nesanatoasa,leaf_sample,unhealthy,725.txt,in cutie\Set frunze 2\nesanatoasa\spectru\725.txt,725,725,230.0,240.0,234.853682,281.703636,280.1,23.660835,22.0
in cutie\Set frunze 2\nesanatoasa,leaf_sample,unhealthy,725.txt,in cutie\Set frunze 2\nesanatoasa\spectru\725.txt,725,725,240.0,250.0,244.948455,293.045455,293.96,61.777707,22.0
in cutie\Set frunze 2\nesanatoasa,leaf_sample,unhealthy,725.txt,in cutie\Set frunze 2\nesanatoasa\spectru\725.txt,725,725,250.0,260.0,255.021727,295.451818,297.74,24.727505,22.0
in cutie\Set frunze 2\nesanatoasa,leaf_sample,unhealthy,725.txt,in cutie\Set frunze 2\nesanatoasa\spectru\725.txt,725,725,260.0,270.0,265.073818,286.285,285.14,33.043884,22.0
in cutie\Set frunze 2\nesanatoasa,leaf_sample,unhealthy,725.txt,in cutie\Set frunze 2\nesanatoasa\spectru\725.txt,725,725,270.0,280.0,275.104455,283.994545,290.18,33.132612,22.0
in cutie\Set frunze 2\nesanatoasa,leaf_sample,unhealthy,725.txt,in cutie\Set frunze 2\nesanatoasa\spectru\725.txt,725,725,280.0,290.0,285.113545,296.827273,293.96,36.188004,22.0
in cutie\Set frunze 2\nesanatoasa,leaf_sample,unhealthy,725.txt,in cutie\Set frunze 2\nesanatoasa\spectru\725.txt,725,725,290.0,300.0,295.101045,312.752273,305.305,34.297905,22.0
in cutie\Set frunze 2\nesanatoasa,leaf_sample,unhealthy,725.txt,in cutie\Set frunze 2\nesanatoasa\spectru\725.txt,725,725,300.0,310.0,305.066727,298.430455,287.66,33.533506,22.0
in cutie\Set frunze 2\nesanatoasa,leaf_sample,unhealthy,725.txt,in cutie\Set frunze 2\nesanatoasa\spectru\725.txt,725,725,310.0,320.0,315.010682,308.971818,309.09,34.313346,22.0
in cutie\Set frunze 2\nesanatoasa,leaf_sample,unhealthy,725.txt,in cutie\Set frunze 2\nesanatoasa\spectru\725.txt,725,725,320.0,330.0,324.932818,302.783636,305.305,35.055978,22.0
in cutie\Set frunze 2\nesanatoasa,leaf_sample,unhealthy,725.txt,in cutie\Set frunze 2\nesanatoasa\spectru\725.txt,725,725,330.0,340.0,334.832955,303.93,301.52,26.395928,22.0
in cutie\Set frunze 2\nesanatoasa,leaf_sample,unhealthy,725.txt,in cutie\Set frunze 2\nesanatoasa\spectru\725.txt,725,725,340.0,350.0,344.935087,314.127391,314.13,63.522824,23.0
in cutie\Set frunze 2\nesanatoasa,leaf_sample,unhealthy,725.txt,in cutie\Set frunze 2\nesanatoasa\spectru\725.txt,725,725,350.0,360.0,355.014136,319.511818,322.95,27.310614,22.0
in cutie\Set frunze 2\nesanatoasa,leaf_sample,unhealthy,725.txt,in cutie\Set frunze 2\nesanatoasa\spectru\725.txt,725,725,360.0,370.0,365.069739,313.03,314.13,36.175858,23.0
in cutie\Set frunze 2\nesanatoasa,leaf_sample,unhealthy,725.txt,in cutie\Set frunze 2\nesanatoasa\spectru\725.txt,725,725,370.0,380.0,375.102227,315.272273,310.35,38.533415,22.0
in cutie\Set frunze 2\nesanatoasa,leaf_sample,unhealthy,725.txt,in cutie\Set frunze 2\nesanatoasa\spectru\725.txt,725,725,380.0,390.0,385.110913,327.058261,319.17,45.826631,23.0
in cutie\Set frunze 2\nesanatoasa,leaf_sample,unhealthy,725.txt,in cutie\Set frunze 2\nesanatoasa\spectru\725.txt,725,725,390.0,400.0,395.096045,304.502273,296.48,38.770356,22.0
in cutie\Set frunze 2\nesanatoasa,leaf_sample,unhealthy,725.txt,in cutie\Set frunze 2\nesanatoasa\spectru\725.txt,725,725,400.0,410.0,405.057435,313.688696,316.65,28.42561,23.0
in cutie\Set frunze 2\nesanatoasa,leaf_sample,unhealthy,725.txt,in cutie\Set frunze 2\nesanatoasa\spectru\725.txt,725,725,410.0,420.0,414.995091,307.138636,293.96,46.421418,22.0
in cutie\Set frunze 2\nesanatoasa,leaf_sample,unhealthy,725.txt,in cutie\Set frunze 2\nesanatoasa\spectru\725.txt,725,725,420.0,430.0,424.908696,309.194783,304.04,37.976141,23.0
in cutie\Set frunze 2\nesanatoasa,leaf_sample,unhealthy,725.txt,in cutie\Set frunze 2\nesanatoasa\spectru\725.txt,725,725,430.0,440.0,435.01787,306.673913,304.04,41.320604,23.0
in cutie\Set frunze 2\nesanatoasa,leaf_sample,unhealthy,725.txt,in cutie\Set frunze 2\nesanatoasa\spectru\725.txt,725,725,440.0,450.0,445.101783,315.88087,319.17,34.418999,23.0
in cutie\Set frunze 2\nesanatoasa,leaf_sample,unhealthy,725.txt,in cutie\Set frunze 2\nesanatoasa\spectru\725.txt,725,725,450.0,460.0,455.160348,325.304348,324.21,34.350185,23.0
in cutie\Set frunze 2\nesanatoasa,leaf_sample,unhealthy,725.txt,in cutie\Set frunze 2\nesanatoasa\spectru\725.txt,725,725,460.0,470.0,465.193435,312.812174,309.09,44.129258,23.0
in cutie\Set frunze 2\nesanatoasa,leaf_sample,unhealthy,725.txt,in cutie\Set frunze 2\nesanatoasa\spectru\725.txt,725,725,470.0,480.0,475.201,300.646522,301.52,36.166801,23.0
in cutie\Set frunze 2\nesanatoasa,leaf_sample,unhealthy,725.txt,in cutie\Set frunze 2\nesanatoasa\spectru\725.txt,725,725,480.0,490.0,485.182913,310.510435,306.57,23.467408,23.0
in cutie\Set frunze 2\nesanatoasa,leaf_sample,unhealthy,725.txt,in cutie\Set frunze 2\nesanatoasa\spectru\725.txt,725,725,490.0,500.0,495.139043,315.661304,321.69,31.890121,23.0
in cutie\Set frunze 2\nesanatoasa,leaf_sample,unhealthy,725.txt,in cutie\Set frunze 2\nesanatoasa\spectru\725.txt,725,725,500.0,510.0,505.069348,314.566087,309.09,52.455963,23.0
in cutie\Set frunze 2\nesanatoasa,leaf_sample,unhealthy,725.txt,in cutie\Set frunze 2\nesanatoasa\spectru\725.txt,725,725,510.0,520.0,514.973652,301.742609,301.52,32.226574,23.0
in cutie\Set frunze 2\nesanatoasa,leaf_sample,unhealthy,725.txt,in cutie\Set frunze 2\nesanatoasa\spectru\725.txt,725,725,520.0,530.0,525.066167,308.770417,309.09,29.870148,24.0
in cutie\Set frunze 2\nesanatoasa,leaf_sample,unhealthy,725.txt,in cutie\Set frunze 2\nesanatoasa\spectru\725.txt,725,725,530.0,540.0,535.131478,304.482609,296.48,36.569737,23.0
in cutie\Set frunze 2\nesanatoasa,leaf_sample,unhealthy,725.txt,in cutie\Set frunze 2\nesanatoasa\spectru\725.txt,725,725,540.0,550.0,544.956,315.112609,306.57,32.121654,23.0
in cutie\Set frunze 2\nesanatoasa,leaf_sample,unhealthy,725.txt,in cutie\Set frunze 2\nesanatoasa\spectru\725.txt,725,725,550.0,560.0,554.966667,321.37375,316.65,39.809118,24.0
in cutie\Set frunze 2\nesanatoasa,leaf_sample,unhealthy,725.txt,in cutie\Set frunze 2\nesanatoasa\spectru\725.txt,725,725,560.0,570.0,564.949739,308.207826,304.04,27.577098,23.0
in cutie\Set frunze 2\nesanatoasa,leaf_sample,unhealthy,725.txt,in cutie\Set frunze 2\nesanatoasa\spectru\725.txt,725,725,570.0,580.0,574.905,321.79375,321.69,29.353173,24.0
in cutie\Set frunze 2\nesanatoasa,leaf_sample,unhealthy,725.txt,in cutie\Set frunze 2\nesanatoasa\spectru\725.txt,725,725,580.0,590.0,585.043208,303.414583,296.48,35.223162,24.0
in cutie\Set frunze 2\nesanatoasa,leaf_sample,unhealthy,725.txt,in cutie\Set frunze 2\nesanatoasa\spectru\725.txt,725,725,590.0,600.0,595.152042,322.94875,321.69,37.123659,24.0
in cutie\Set frunze 2\nesanatoasa,leaf_sample,unhealthy,725.txt,in cutie\Set frunze 2\nesanatoasa\spectru\725.txt,725,725,600.0,610.0,605.02213,325.852609,324.21,29.09769,23.0
in cutie\Set frunze 2\nesanatoasa,leaf_sample,unhealthy,725.txt,in cutie\Set frunze 2\nesanatoasa\spectru\725.txt,725,725,610.0,620.0,614.863458,313.07625,312.87,39.593382,24.0
in cutie\Set frunze 2\nesanatoasa,leaf_sample,unhealthy,725.txt,in cutie\Set frunze 2\nesanatoasa\spectru\725.txt,725,725,620.0,630.0,624.885125,310.76625,315.39,40.32698,24.0
in cutie\Set frunze 2\nesanatoasa,leaf_sample,unhealthy,725.txt,in cutie\Set frunze 2\nesanatoasa\spectru\725.txt,725,725,630.0,640.0,634.876917,325.259167,319.17,57.963459,24.0
in cutie\Set frunze 2\nesanatoasa,leaf_sample,unhealthy,725.txt,in cutie\Set frunze 2\nesanatoasa\spectru\725.txt,725,725,640.0,650.0,644.83875,309.506667,309.09,35.337315,24.0
in cutie\Set frunze 2\nesanatoasa,leaf_sample,unhealthy,725.txt,in cutie\Set frunze 2\nesanatoasa\spectru\725.txt,725,725,650.0,660.0,654.97728,308.582,301.52,35.266513,25.0
in cutie\Set frunze 2\nesanatoasa,leaf_sample,unhealthy,725.txt,in cutie\Set frunze 2\nesanatoasa\spectru\725.txt,725,725,660.0,670.0,665.084458,306.46,297.74,32.527776,24.0
in cutie\Set frunze 2\nesanatoasa,leaf_sample,unhealthy,725.txt,in cutie\Set frunze 2\nesanatoasa\spectru\725.txt,725,725,670.0,680.0,674.95475,315.701667,309.09,35.904116,24.0
in cutie\Set frunze 2\nesanatoasa,leaf_sample,unhealthy,725.txt,in cutie\Set frunze 2\nesanatoasa\spectru\725.txt,725,725,680.0,690.0,684.9992,313.5224,314.13,29.894557,25.0
in cutie\Set frunze 2\nesanatoasa,leaf_sample,unhealthy,725.txt,in cutie\Set frunze 2\nesanatoasa\spectru\725.txt,725,725,690.0,700.0,695.012,332.926667,327.99,40.713753,24.0
in cutie\Set frunze 2\nesanatoasa,leaf_sample,unhealthy,725.txt,in cutie\Set frunze 2\nesanatoasa\spectru\725.txt,725,725,700.0,710.0,704.99268,435.922,435.11,47.470396,25.0
in cutie\Set frunze 2\nesanatoasa,leaf_sample,unhealthy,725.txt,in cutie\Set frunze 2\nesanatoasa\spectru\725.txt,725,725,710.0,720.0,714.9415,499.808333,501.91,33.334,24.0
in cutie\Set frunze 2\nesanatoasa,leaf_sample,unhealthy,725.txt,in cutie\Set frunze 2\nesanatoasa\spectru\725.txt,725,725,720.0,730.0,724.85784,535.5344,535.94,38.876652,25.0
in cutie\Set frunze 2\nesanatoasa,leaf_sample,unhealthy,725.txt,in cutie\Set frunze 2\nesanatoasa\spectru\725.txt,725,725,730.0,740.0,734.94336,479.1752,483.01,62.421514,25.0
in cutie\Set frunze 2\nesanatoasa,leaf_sample,unhealthy,725.txt,in cutie\Set frunze 2\nesanatoasa\spectru\725.txt,725,725,740.0,750.0,744.99528,359.0932,356.98,39.17548,25.0
in cutie\Set frunze 2\nesanatoasa,leaf_sample,unhealthy,725.txt,in cutie\Set frunze 2\nesanatoasa\spectru\725.txt,725,725,750.0,760.0,755.01288,313.4204,314.13,32.906389,25.0
in cutie\Set frunze 2\nesanatoasa,leaf_sample,unhealthy,725.txt,in cutie\Set frunze 2\nesanatoasa\spectru\725.txt,725,725,760.0,770.0,764.99664,314.3284,316.65,36.078158,25.0
in cutie\Set frunze 2\nesanatoasa,leaf_sample,unhealthy,725.txt,in cutie\Set frunze 2\nesanatoasa\spectru\725.txt,725,725,770.0,780.0,774.94604,320.0748,324.21,34.271763,25.0
in cutie\Set frunze 2\nesanatoasa,leaf_sample,unhealthy,725.txt,in cutie\Set frunze 2\nesanatoasa\spectru\725.txt,725,725,780.0,790.0,784.86132,313.1192,316.65,36.085693,25.0
in cutie\Set frunze 2\nesanatoasa,leaf_sample,unhealthy,725.txt,in cutie\Set frunze 2\nesanatoasa\spectru\725.txt,725,725,790.0,800.0,794.938962,325.373462,321.69,29.180568,26.0
in cutie\Set frunze 2\nesanatoasa,leaf_sample,unhealthy,725.txt,in cutie\Set frunze 2\nesanatoasa\spectru\725.txt,725,725,800.0,810.0,804.98072,314.7324,314.13,35.231968,25.0
in cutie\Set frunze 2\nesanatoasa,leaf_sample,unhealthy,725.txt,in cutie\Set frunze 2\nesanatoasa\spectru\725.txt,725,725,810.0,820.0,814.986231,317.616538,316.65,34.01097,26.0
in cutie\Set frunze 2\nesanatoasa,leaf_sample,unhealthy,725.txt,in cutie\Set frunze 2\nesanatoasa\spectru\725.txt,725,725,820.0,830.0,824.95548,313.4208,311.61,33.206695,25.0
in cutie\Set frunze 2\nesanatoasa,leaf_sample,unhealthy,725.txt,in cutie\Set frunze 2\nesanatoasa\spectru\725.txt,725,725,830.0,840.0,834.888115,318.780769,316.65,28.633645,26.0
in cutie\Set frunze 2\nesanatoasa,leaf_sample,unhealthy,725.txt,in cutie\Set frunze 2\nesanatoasa\spectru\725.txt,725,725,840.0,850.0,844.977846,313.836923,319.17,29.297912,26.0
in cutie\Set frunze 2\nesanatoasa,leaf_sample,unhealthy,725.txt,in cutie\Set frunze 2\nesanatoasa\spectru\725.txt,725,725,850.0,860.0,855.029308,315.581538,315.39,29.111344,26.0
in cutie\Set frunze 2\nesanatoasa,leaf_sample,unhealthy,725.txt,in cutie\Set frunze 2\nesanatoasa\spectru\725.txt,725,725,860.0,870.0,865.042308,319.555769,320.43,30.550212,26.0
in cutie\Set frunze 2\nesanatoasa,leaf_sample,unhealthy,725.txt,in cutie\Set frunze 2\nesanatoasa\spectru\725.txt,725,725,870.0,880.0,875.016731,307.631923,309.09,53.347038,26.0
in cutie\Set frunze 2\nesanatoasa,leaf_sample,unhealthy,725.txt,in cutie\Set frunze 2\nesanatoasa\spectru\725.txt,725,725,880.0,890.0,884.952385,325.566538,321.69,34.377826,26.0
in cutie\Set frunze 2\nesanatoasa,leaf_sample,unhealthy,725.txt,in cutie\Set frunze 2\nesanatoasa\spectru\725.txt,725,725,890.0,900.0,895.039037,349.694444,319.17,163.358061,27.0
in cutie\Set frunze 2\nesanatoasa,leaf_sample,unhealthy,725.txt,in cutie\Set frunze 2\nesanatoasa\spectru\725.txt,725,725,900.0,910.0,905.085308,312.963077,309.09,37.183396,26.0
in cutie\Set frunze 2\nesanatoasa,leaf_sample,unhealthy,725.txt,in cutie\Set frunze 2\nesanatoasa\spectru\725.txt,725,725,910.0,920.0,915.090519,317.208148,324.21,35.289156,27.0
in cutie\Set frunze 2\nesanatoasa,leaf_sample,unhealthy,725.txt,in cutie\Set frunze 2\nesanatoasa\spectru\725.txt,725,725,920.0,930.0,925.055154,309.861538,310.35,33.914993,26.0
in cutie\Set frunze 2\nesanatoasa,leaf_sample,unhealthy,725.txt,in cutie\Set frunze 2\nesanatoasa\spectru\725.txt,725,725,930.0,940.0,934.97837,345.027407,336.81,53.234017,27.0
in cutie\Set frunze 2\nesanatoasa,leaf_sample,unhealthy,725.txt,in cutie\Set frunze 2\nesanatoasa\spectru\725.txt,725,725,940.0,950.0,945.046519,308.805185,314.13,34.679024,27.0
in cutie\Set frunze 2\nesanatoasa,leaf_sample,unhealthy,725.txt,in cutie\Set frunze 2\nesanatoasa\spectru\725.txt,725,725,950.0,960.0,955.071815,321.875185,321.69,31.481866,27.0
in cutie\Set frunze 2\nesanatoasa,leaf_sample,unhealthy,725.txt,in cutie\Set frunze 2\nesanatoasa\spectru\725.txt,725,725,960.0,970.0,965.053815,311.046296,316.65,29.920997,27.0
in cutie\Set frunze 2\nesanatoasa,leaf_sample,unhealthy,725.txt,in cutie\Set frunze 2\nesanatoasa\spectru\725.txt,725,725,970.0,980.0,974.992481,317.01963,326.73,39.105907,27.0
in cutie\Set frunze 2\nesanatoasa,leaf_sample,unhealthy,725.txt,in cutie\Set frunze 2\nesanatoasa\spectru\725.txt,725,725,980.0,990.0,984.887556,307.591481,301.52,31.454592,27.0
in cutie\Set frunze 2\nesanatoasa,leaf_sample,unhealthy,725.txt,in cutie\Set frunze 2\nesanatoasa\spectru\725.txt,725,725,990.0,1000.0,994.920964,302.424643,309.09,34.318332,28.0
in cutie\Set frunze 2\nesanatoasa,leaf_sample,unhealthy,725.txt,in cutie\Set frunze 2\nesanatoasa\spectru\725.txt,725,725,1000.0,1010.0,1005.09,324.389643,325.47,37.228154,28.0
in cutie\Set frunze 2\nesanatoasa,leaf_sample,unhealthy,725.txt,in cutie\Set frunze 2\nesanatoasa\spectru\725.txt,725,725,1010.0,1020.0,1015.031556,321.222222,329.25,41.069875,27.0
in cutie\Set frunze 2\nesanatoasa,leaf_sample,unhealthy,725.txt,in cutie\Set frunze 2\nesanatoasa\spectru\725.txt,725,725,1020.0,1030.0,1024.926857,315.386786,310.35,22.760592,28.0
in cutie\Set frunze 2\nesanatoasa,leaf_sample,unhealthy,725.txt,in cutie\Set frunze 2\nesanatoasa\spectru\725.txt,725,725,1030.0,1040.0,1032.275,313.739231,321.69,27.127059,13.0
in cutie\Set frunze 2\nesanatoasa,leaf_sample,unhealthy,850.txt,in cutie\Set frunze 2\nesanatoasa\spectru\850.txt,850,850,180.0,190.0,188.705167,-126.61,-123.67,4.695743,6.0
in cutie\Set frunze 2\nesanatoasa,leaf_sample,unhealthy,850.txt,in cutie\Set frunze 2\nesanatoasa\spectru\850.txt,850,850,190.0,200.0,194.959762,46.05381,67.9,118.660146,21.0
in cutie\Set frunze 2\nesanatoasa,leaf_sample,unhealthy,850.txt,in cutie\Set frunze 2\nesanatoasa\spectru\850.txt,850,850,200.0,210.0,204.905818,291.885455,301.05,44.021468,22.0
in cutie\Set frunze 2\nesanatoasa,leaf_sample,unhealthy,850.txt,in cutie\Set frunze 2\nesanatoasa\spectru\850.txt,850,850,210.0,220.0,215.0625,306.435909,303.57,36.70453,22.0
in cutie\Set frunze 2\nesanatoasa,leaf_sample,unhealthy,850.txt,in cutie\Set frunze 2\nesanatoasa\spectru\850.txt,850,850,220.0,230.0,224.968333,274.344762,269.54,34.943222,21.0
in cutie\Set frunze 2\nesanatoasa,leaf_sample,unhealthy,850.txt,in cutie\Set frunze 2\nesanatoasa\spectru\850.txt,850,850,230.0,240.0,234.853682,283.750909,283.41,42.174274,22.0
in cutie\Set frunze 2\nesanatoasa,leaf_sample,unhealthy,850.txt,in cutie\Set frunze 2\nesanatoasa\spectru\850.txt,850,850,240.0,250.0,244.948455,300.365,283.41,68.93585,22.0
in cutie\Set frunze 2\nesanatoasa,leaf_sample,unhealthy,850.txt,in cutie\Set frunze 2\nesanatoasa\spectru\850.txt,850,850,250.0,260.0,255.021727,289.594545,289.71,32.246934,22.0
in cutie\Set frunze 2\nesanatoasa,leaf_sample,unhealthy,850.txt,in cutie\Set frunze 2\nesanatoasa\spectru\850.txt,850,850,260.0,270.0,265.073818,303.915,304.83,37.089245,22.0
in cutie\Set frunze 2\nesanatoasa,leaf_sample,unhealthy,850.txt,in cutie\Set frunze 2\nesanatoasa\spectru\850.txt,850,850,270.0,280.0,275.104455,306.779091,311.13,28.056419,22.0
in cutie\Set frunze 2\nesanatoasa,leaf_sample,unhealthy,850.txt,in cutie\Set frunze 2\nesanatoasa\spectru\850.txt,850,850,280.0,290.0,285.113545,305.519545,301.05,28.62884,22.0
in cutie\Set frunze 2\nesanatoasa,leaf_sample,unhealthy,850.txt,in cutie\Set frunze 2\nesanatoasa\spectru\850.txt,850,850,290.0,300.0,295.101045,312.277727,308.61,31.228155,22.0
in cutie\Set frunze 2\nesanatoasa,leaf_sample,unhealthy,850.txt,in cutie\Set frunze 2\nesanatoasa\spectru\850.txt,850,850,300.0,310.0,305.066727,302.083182,299.79,26.31469,22.0
in cutie\Set frunze 2\nesanatoasa,leaf_sample,unhealthy,850.txt,in cutie\Set frunze 2\nesanatoasa\spectru\850.txt,850,850,310.0,320.0,315.010682,304.145,307.35,29.229723,22.0
in cutie\Set frunze 2\nesanatoasa,leaf_sample,unhealthy,850.txt,in cutie\Set frunze 2\nesanatoasa\spectru\850.txt,850,850,320.0,330.0,324.932818,306.895,311.13,38.941953,22.0
in cutie\Set frunze 2\nesanatoasa,leaf_sample,unhealthy,850.txt,in cutie\Set frunze 2\nesanatoasa\spectru\850.txt,850,850,330.0,340.0,334.832955,322.935455,325.0,28.83376,22.0
in cutie\Set frunze 2\nesanatoasa,leaf_sample,unhealthy,850.txt,in cutie\Set frunze 2\nesanatoasa\spectru\850.txt,850,850,340.0,350.0,344.935087,320.614348,304.83,53.892222,23.0
in cutie\Set frunze 2\nesanatoasa,leaf_sample,unhealthy,850.txt,in cutie\Set frunze 2\nesanatoasa\spectru\850.txt,850,850,350.0,360.0,355.014136,311.706818,317.435,30.09569,22.0
in cutie\Set frunze 2\nesanatoasa,leaf_sample,unhealthy,850.txt,in cutie\Set frunze 2\nesanatoasa\spectru\850.txt,850,850,360.0,370.0,365.069739,313.490435,317.44,29.83245,23.0
in cutie\Set frunze 2\nesanatoasa,leaf_sample,unhealthy,850.txt,in cutie\Set frunze 2\nesanatoasa\spectru\850.txt,850,850,370.0,380.0,375.102227,316.404091,306.09,31.762096,22.0
in cutie\Set frunze 2\nesanatoasa,leaf_sample,unhealthy,850.txt,in cutie\Set frunze 2\nesanatoasa\spectru\850.txt,850,850,380.0,390.0,385.110913,322.585217,312.39,37.278048,23.0
in cutie\Set frunze 2\nesanatoasa,leaf_sample,unhealthy,850.txt,in cutie\Set frunze 2\nesanatoasa\spectru\850.txt,850,850,390.0,400.0,395.096045,323.391818,317.435,39.705722,22.0
in cutie\Set frunze 2\nesanatoasa,leaf_sample,unhealthy,850.txt,in cutie\Set frunze 2\nesanatoasa\spectru\850.txt,850,850,400.0,410.0,405.057435,312.393913,307.35,30.301315,23.0
in cutie\Set frunze 2\nesanatoasa,leaf_sample,unhealthy,850.txt,in cutie\Set frunze 2\nesanatoasa\spectru\850.txt,850,850,410.0,420.0,414.995091,322.134091,325.0,47.047398,22.0
in cutie\Set frunze 2\nesanatoasa,leaf_sample,unhealthy,850.txt,in cutie\Set frunze 2\nesanatoasa\spectru\850.txt,850,850,420.0,430.0,424.908696,315.681304,314.91,26.948088,23.0
in cutie\Set frunze 2\nesanatoasa,leaf_sample,unhealthy,850.txt,in cutie\Set frunze 2\nesanatoasa\spectru\850.txt,850,850,430.0,440.0,435.01787,302.639565,309.87,30.403415,23.0
in cutie\Set frunze 2\nesanatoasa,leaf_sample,unhealthy,850.txt,in cutie\Set frunze 2\nesanatoasa\spectru\850.txt,850,850,440.0,450.0,445.101783,308.667826,312.39,33.189278,23.0
in cutie\Set frunze 2\nesanatoasa,leaf_sample,unhealthy,850.txt,in cutie\Set frunze 2\nesanatoasa\spectru\850.txt,850,850,450.0,460.0,455.160348,305.818696,294.75,36.143226,23.0
in cutie\Set frunze 2\nesanatoasa,leaf_sample,unhealthy,850.txt,in cutie\Set frunze 2\nesanatoasa\spectru\850.txt,850,850,460.0,470.0,465.193435,323.244348,319.96,30.76659,23.0
in cutie\Set frunze 2\nesanatoasa,leaf_sample,unhealthy,850.txt,in cutie\Set frunze 2\nesanatoasa\spectru\850.txt,850,850,470.0,480.0,475.201,317.435217,317.44,34.367326,23.0
in cutie\Set frunze 2\nesanatoasa,leaf_sample,unhealthy,850.txt,in cutie\Set frunze 2\nesanatoasa\spectru\850.txt,850,850,480.0,490.0,485.182913,314.586522,314.91,31.98009,23.0
in cutie\Set frunze 2\nesanatoasa,leaf_sample,unhealthy,850.txt,in cutie\Set frunze 2\nesanatoasa\spectru\850.txt,850,850,490.0,500.0,495.139043,325.763043,312.39,36.409176,23.0
in cutie\Set frunze 2\nesanatoasa,leaf_sample,unhealthy,850.txt,in cutie\Set frunze 2\nesanatoasa\spectru\850.txt,850,850,500.0,510.0,505.069348,327.517826,325.0,55.527225,23.0
in cutie\Set frunze 2\nesanatoasa,leaf_sample,unhealthy,850.txt,in cutie\Set frunze 2\nesanatoasa\spectru\850.txt,850,850,510.0,520.0,514.973652,322.367826,319.96,36.439195,23.0
in cutie\Set frunze 2\nesanatoasa,leaf_sample,unhealthy,850.txt,in cutie\Set frunze 2\nesanatoasa\spectru\850.txt,850,850,520.0,530.0,525.066167,327.832917,328.78,30.065448,24.0
in cutie\Set frunze 2\nesanatoasa,leaf_sample,unhealthy,850.txt,in cutie\Set frunze 2\nesanatoasa\spectru\850.txt,850,850,530.0,540.0,535.131478,320.723478,317.44,23.963673,23.0
in cutie\Set frunze 2\nesanatoasa,leaf_sample,unhealthy,850.txt,in cutie\Set frunze 2\nesanatoasa\spectru\850.txt,850,850,540.0,550.0,544.956,326.421304,332.56,29.506509,23.0
in cutie\Set frunze 2\nesanatoasa,leaf_sample,unhealthy,850.txt,in cutie\Set frunze 2\nesanatoasa\spectru\850.txt,850,850,550.0,560.0,554.966667,328.043333,322.48,39.183638,24.0
in cutie\Set frunze 2\nesanatoasa,leaf_sample,unhealthy,850.txt,in cutie\Set frunze 2\nesanatoasa\spectru\850.txt,850,850,560.0,570.0,564.949739,317.983913,319.96,31.803805,23.0
in cutie\Set frunze 2\nesanatoasa,leaf_sample,unhealthy,850.txt,in cutie\Set frunze 2\nesanatoasa\spectru\850.txt,850,850,570.0,580.0,574.905,319.43125,319.96,37.145074,24.0
in cutie\Set frunze 2\nesanatoasa,leaf_sample,unhealthy,850.txt,in cutie\Set frunze 2\nesanatoasa\spectru\850.txt,850,850,580.0,590.0,585.043208,311.239167,309.87,36.37328,24.0
in cutie\Set frunze 2\nesanatoasa,leaf_sample,unhealthy,850.txt,in cutie\Set frunze 2\nesanatoasa\spectru\850.txt,850,850,590.0,600.0,595.152042,324.787917,322.48,31.244887,24.0
in cutie\Set frunze 2\nesanatoasa,leaf_sample,unhealthy,850.txt,in cutie\Set frunze 2\nesanatoasa\spectru\850.txt,850,850,600.0,610.0,605.02213,321.160435,319.96,36.563349,23.0
in cutie\Set frunze 2\nesanatoasa,leaf_sample,unhealthy,850.txt,in cutie\Set frunze 2\nesanatoasa\spectru\850.txt,850,850,610.0,620.0,614.863458,326.256667,321.22,28.339925,24.0
in cutie\Set frunze 2\nesanatoasa,leaf_sample,unhealthy,850.txt,in cutie\Set frunze 2\nesanatoasa\spectru\850.txt,850,850,620.0,630.0,624.885125,317.54,311.13,28.109023,24.0
in cutie\Set frunze 2\nesanatoasa,leaf_sample,unhealthy,850.txt,in cutie\Set frunze 2\nesanatoasa\spectru\850.txt,850,850,630.0,640.0,634.876917,337.705,337.6,48.584441,24.0
in cutie\Set frunze 2\nesanatoasa,leaf_sample,unhealthy,850.txt,in cutie\Set frunze 2\nesanatoasa\spectru\850.txt,850,850,640.0,650.0,644.83875,314.284167,308.61,44.106251,24.0
in cutie\Set frunze 2\nesanatoasa,leaf_sample,unhealthy,850.txt,in cutie\Set frunze 2\nesanatoasa\spectru\850.txt,850,850,650.0,660.0,654.97728,326.308,319.96,37.583014,25.0
in cutie\Set frunze 2\nesanatoasa,leaf_sample,unhealthy,850.txt,in cutie\Set frunze 2\nesanatoasa\spectru\850.txt,850,850,660.0,670.0,665.084458,339.280417,335.08,35.00642,24.0
in cutie\Set frunze 2\nesanatoasa,leaf_sample,unhealthy,850.txt,in cutie\Set frunze 2\nesanatoasa\spectru\850.txt,850,850,670.0,680.0,674.95475,328.672917,330.04,36.678676,24.0
in cutie\Set frunze 2\nesanatoasa,leaf_sample,unhealthy,850.txt,in cutie\Set frunze 2\nesanatoasa\spectru\850.txt,850,850,680.0,690.0,684.9992,315.0148,319.96,29.785436,25.0
in cutie\Set frunze 2\nesanatoasa,leaf_sample,unhealthy,850.txt,in cutie\Set frunze 2\nesanatoasa\spectru\850.txt,850,850,690.0,700.0,695.012,323.84125,317.435,32.105306,24.0
in cutie\Set frunze 2\nesanatoasa,leaf_sample,unhealthy,850.txt,in cutie\Set frunze 2\nesanatoasa\spectru\850.txt,850,850,700.0,710.0,704.99268,299.5896,299.79,31.271898,25.0
in cutie\Set frunze 2\nesanatoasa,leaf_sample,unhealthy,850.txt,in cutie\Set frunze 2\nesanatoasa\spectru\850.txt,850,850,710.0,720.0,714.9415,332.138333,323.74,40.816433,24.0
in cutie\Set frunze 2\nesanatoasa,leaf_sample,unhealthy,850.txt,in cutie\Set frunze 2\nesanatoasa\spectru\850.txt,850,850,720.0,730.0,724.85784,324.1904,325.0,30.901593,25.0
in cutie\Set frunze 2\nesanatoasa,leaf_sample,unhealthy,850.txt,in cutie\Set frunze 2\nesanatoasa\spectru\850.txt,850,850,730.0,740.0,734.94336,331.1464,330.04,32.608413,25.0
in cutie\Set frunze 2\nesanatoasa,leaf_sample,unhealthy,850.txt,in cutie\Set frunze 2\nesanatoasa\spectru\850.txt,850,850,740.0,750.0,744.99528,338.0044,332.56,28.912597,25.0
in cutie\Set frunze 2\nesanatoasa,leaf_sample,unhealthy,850.txt,in cutie\Set frunze 2\nesanatoasa\spectru\850.txt,850,850,750.0,760.0,755.01288,350.3032,350.2,29.484897,25.0
in cutie\Set frunze 2\nesanatoasa,leaf_sample,unhealthy,850.txt,in cutie\Set frunze 2\nesanatoasa\spectru\850.txt,850,850,760.0,770.0,764.99664,349.5984,342.64,32.548378,25.0
in cutie\Set frunze 2\nesanatoasa,leaf_sample,unhealthy,850.txt,in cutie\Set frunze 2\nesanatoasa\spectru\850.txt,850,850,770.0,780.0,774.94604,338.5076,335.08,36.574851,25.0
in cutie\Set frunze 2\nesanatoasa,leaf_sample,unhealthy,850.txt,in cutie\Set frunze 2\nesanatoasa\spectru\850.txt,850,850,780.0,790.0,784.86132,364.418,355.24,34.765317,25.0
in cutie\Set frunze 2\nesanatoasa,leaf_sample,unhealthy,850.txt,in cutie\Set frunze 2\nesanatoasa\spectru\850.txt,850,850,790.0,800.0,794.938962,353.498462,353.98,33.496034,26.0
in cutie\Set frunze 2\nesanatoasa,leaf_sample,unhealthy,850.txt,in cutie\Set frunze 2\nesanatoasa\spectru\850.txt,850,850,800.0,810.0,804.98072,350.8072,345.16,34.920025,25.0
in cutie\Set frunze 2\nesanatoasa,leaf_sample,unhealthy,850.txt,in cutie\Set frunze 2\nesanatoasa\spectru\850.txt,850,850,810.0,820.0,814.986231,376.862692,377.93,44.491197,26.0
in cutie\Set frunze 2\nesanatoasa,leaf_sample,unhealthy,850.txt,in cutie\Set frunze 2\nesanatoasa\spectru\850.txt,850,850,820.0,830.0,824.95548,466.4532,463.63,35.39061,25.0
in cutie\Set frunze 2\nesanatoasa,leaf_sample,unhealthy,850.txt,in cutie\Set frunze 2\nesanatoasa\spectru\850.txt,850,850,830.0,840.0,834.888115,486.411154,486.31,33.565793,26.0
in cutie\Set frunze 2\nesanatoasa,leaf_sample,unhealthy,850.txt,in cutie\Set frunze 2\nesanatoasa\spectru\850.txt,850,850,840.0,850.0,844.977846,473.517308,476.23,33.373657,26.0
in cutie\Set frunze 2\nesanatoasa,leaf_sample,unhealthy,850.txt,in cutie\Set frunze 2\nesanatoasa\spectru\850.txt,850,850,850.0,860.0,855.029308,430.764231,428.34,46.463278,26.0
in cutie\Set frunze 2\nesanatoasa,leaf_sample,unhealthy,850.txt,in cutie\Set frunze 2\nesanatoasa\spectru\850.txt,850,850,860.0,870.0,865.042308,373.856923,374.15,37.789915,26.0
in cutie\Set frunze 2\nesanatoasa,leaf_sample,unhealthy,850.txt,in cutie\Set frunze 2\nesanatoasa\spectru\850.txt,850,850,870.0,880.0,875.016731,334.206154,330.04,39.981369,26.0
in cutie\Set frunze 2\nesanatoasa,leaf_sample,unhealthy,850.txt,in cutie\Set frunze 2\nesanatoasa\spectru\850.txt,850,850,880.0,890.0,884.952385,329.844231,333.82,32.767196,26.0
in cutie\Set frunze 2\nesanatoasa,leaf_sample,unhealthy,850.txt,in cutie\Set frunze 2\nesanatoasa\spectru\850.txt,850,850,890.0,900.0,895.039037,357.578148,330.04,168.321299,27.0
in cutie\Set frunze 2\nesanatoasa,leaf_sample,unhealthy,850.txt,in cutie\Set frunze 2\nesanatoasa\spectru\850.txt,850,850,900.0,910.0,905.085308,324.609231,330.04,31.001979,26.0
in cutie\Set frunze 2\nesanatoasa,leaf_sample,unhealthy,850.txt,in cutie\Set frunze 2\nesanatoasa\spectru\850.txt,850,850,910.0,920.0,915.090519,326.022963,319.96,23.457155,27.0
in cutie\Set frunze 2\nesanatoasa,leaf_sample,unhealthy,850.txt,in cutie\Set frunze 2\nesanatoasa\spectru\850.txt,850,850,920.0,930.0,925.055154,316.466538,313.655,30.207649,26.0
in cutie\Set frunze 2\nesanatoasa,leaf_sample,unhealthy,850.txt,in cutie\Set frunze 2\nesanatoasa\spectru\850.txt,850,850,930.0,940.0,934.97837,321.542593,317.44,50.225333,27.0
in cutie\Set frunze 2\nesanatoasa,leaf_sample,unhealthy,850.txt,in cutie\Set frunze 2\nesanatoasa\spectru\850.txt,850,850,940.0,950.0,945.046519,327.424815,330.04,37.155272,27.0
in cutie\Set frunze 2\nesanatoasa,leaf_sample,unhealthy,850.txt,in cutie\Set frunze 2\nesanatoasa\spectru\850.txt,850,850,950.0,960.0,955.071815,317.621852,314.91,32.791817,27.0
in cutie\Set frunze 2\nesanatoasa,leaf_sample,unhealthy,850.txt,in cutie\Set frunze 2\nesanatoasa\spectru\850.txt,850,850,960.0,970.0,965.053815,330.039259,325.0,35.026737,27.0
in cutie\Set frunze 2\nesanatoasa,leaf_sample,unhealthy,850.txt,in cutie\Set frunze 2\nesanatoasa\spectru\850.txt,850,850,970.0,980.0,974.992481,324.343333,327.52,32.238499,27.0
in cutie\Set frunze 2\nesanatoasa,leaf_sample,unhealthy,850.txt,in cutie\Set frunze 2\nesanatoasa\spectru\850.txt,850,850,980.0,990.0,984.887556,318.368519,307.35,42.267243,27.0
in cutie\Set frunze 2\nesanatoasa,leaf_sample,unhealthy,850.txt,in cutie\Set frunze 2\nesanatoasa\spectru\850.txt,850,850,990.0,1000.0,994.920964,321.845714,316.175,37.66231,28.0
in cutie\Set frunze 2\nesanatoasa,leaf_sample,unhealthy,850.txt,in cutie\Set frunze 2\nesanatoasa\spectru\850.txt,850,850,1000.0,1010.0,1005.09,324.186786,322.48,32.36333,28.0
in cutie\Set frunze 2\nesanatoasa,leaf_sample,unhealthy,850.txt,in cutie\Set frunze 2\nesanatoasa\spectru\850.txt,850,850,1010.0,1020.0,1015.031556,318.088519,325.0,41.52221,27.0
in cutie\Set frunze 2\nesanatoasa,leaf_sample,unhealthy,850.txt,in cutie\Set frunze 2\nesanatoasa\spectru\850.txt,850,850,1020.0,1030.0,1024.926857,309.692857,308.61,30.870061,28.0
in cutie\Set frunze 2\nesanatoasa,leaf_sample,unhealthy,850.txt,in cutie\Set frunze 2\nesanatoasa\spectru\850.txt,850,850,1030.0,1040.0,1032.275,313.363846,325.0,40.251307,13.0
in cutie\Set frunze 2\nesanatoasa,leaf_sample,unhealthy,940 2 nes.txt,in cutie\Set frunze 2\nesanatoasa\spectru\940 2 nes.txt,940,940,180.0,190.0,188.705167,-125.241667,-112.64,37.469332,6.0
in cutie\Set frunze 2\nesanatoasa,leaf_sample,unhealthy,940 2 nes.txt,in cutie\Set frunze 2\nesanatoasa\spectru\940 2 nes.txt,940,940,190.0,200.0,194.959762,42.196667,23.47,112.543488,21.0
in cutie\Set frunze 2\nesanatoasa,leaf_sample,unhealthy,940 2 nes.txt,in cutie\Set frunze 2\nesanatoasa\spectru\940 2 nes.txt,940,940,200.0,210.0,204.905818,302.454091,291.915,44.2634,22.0
in cutie\Set frunze 2\nesanatoasa,leaf_sample,unhealthy,940 2 nes.txt,in cutie\Set frunze 2\nesanatoasa\spectru\940 2 nes.txt,940,940,210.0,220.0,215.0625,289.393182,288.13,33.471659,22.0
in cutie\Set frunze 2\nesanatoasa,leaf_sample,unhealthy,940 2 nes.txt,in cutie\Set frunze 2\nesanatoasa\spectru\940 2 nes.txt,940,940,220.0,230.0,224.968333,265.807143,262.93,35.936307,21.0
in cutie\Set frunze 2\nesanatoasa,leaf_sample,unhealthy,940 2 nes.txt,in cutie\Set frunze 2\nesanatoasa\spectru\940 2 nes.txt,940,940,230.0,240.0,234.853682,273.583182,266.71,38.08275,22.0
in cutie\Set frunze 2\nesanatoasa,leaf_sample,unhealthy,940 2 nes.txt,in cutie\Set frunze 2\nesanatoasa\spectru\940 2 nes.txt,940,940,240.0,250.0,244.948455,305.663636,300.74,61.75375,22.0
in cutie\Set frunze 2\nesanatoasa,leaf_sample,unhealthy,940 2 nes.txt,in cutie\Set frunze 2\nesanatoasa\spectru\940 2 nes.txt,940,940,250.0,260.0,255.021727,283.206818,286.87,27.721325,22.0
in cutie\Set frunze 2\nesanatoasa,leaf_sample,unhealthy,940 2 nes.txt,in cutie\Set frunze 2\nesanatoasa\spectru\940 2 nes.txt,940,940,260.0,270.0,265.073818,291.456364,298.22,36.930987,22.0
in cutie\Set frunze 2\nesanatoasa,leaf_sample,unhealthy,940 2 nes.txt,in cutie\Set frunze 2\nesanatoasa\spectru\940 2 nes.txt,940,940,270.0,280.0,275.104455,285.955909,279.31,44.595754,22.0
in cutie\Set frunze 2\nesanatoasa,leaf_sample,unhealthy,940 2 nes.txt,in cutie\Set frunze 2\nesanatoasa\spectru\940 2 nes.txt,940,940,280.0,290.0,285.113545,301.08,300.74,24.65337,22.0
in cutie\Set frunze 2\nesanatoasa,leaf_sample,unhealthy,940 2 nes.txt,in cutie\Set frunze 2\nesanatoasa\spectru\940 2 nes.txt,940,940,290.0,300.0,295.101045,295.81,295.695,23.479287,22.0
in cutie\Set frunze 2\nesanatoasa,leaf_sample,unhealthy,940 2 nes.txt,in cutie\Set frunze 2\nesanatoasa\spectru\940 2 nes.txt,940,940,300.0,310.0,305.066727,278.51,283.09,34.541082,22.0
in cutie\Set frunze 2\nesanatoasa,leaf_sample,unhealthy,940 2 nes.txt,in cutie\Set frunze 2\nesanatoasa\spectru\940 2 nes.txt,940,940,310.0,320.0,315.010682,292.258182,293.175,27.342978,22.0
in cutie\Set frunze 2\nesanatoasa,leaf_sample,unhealthy,940 2 nes.txt,in cutie\Set frunze 2\nesanatoasa\spectru\940 2 nes.txt,940,940,320.0,330.0,324.932818,289.736818,291.91,25.01711,22.0
in cutie\Set frunze 2\nesanatoasa,leaf_sample,unhealthy,940 2 nes.txt,in cutie\Set frunze 2\nesanatoasa\spectru\940 2 nes.txt,940,940,330.0,340.0,334.832955,292.487273,293.175,41.223891,22.0
in cutie\Set frunze 2\nesanatoasa,leaf_sample,unhealthy,940 2 nes.txt,in cutie\Set frunze 2\nesanatoasa\spectru\940 2 nes.txt,940,940,340.0,350.0,344.935087,313.667391,308.3,50.022897,23.0
in cutie\Set frunze 2\nesanatoasa,leaf_sample,unhealthy,940 2 nes.txt,in cutie\Set frunze 2\nesanatoasa\spectru\940 2 nes.txt,940,940,350.0,360.0,355.014136,295.351818,295.7,31.411334,22.0
in cutie\Set frunze 2\nesanatoasa,leaf_sample,unhealthy,940 2 nes.txt,in cutie\Set frunze 2\nesanatoasa\spectru\940 2 nes.txt,940,940,360.0,370.0,365.069739,308.736957,303.26,45.245869,23.0
in cutie\Set frunze 2\nesanatoasa,leaf_sample,unhealthy,940 2 nes.txt,in cutie\Set frunze 2\nesanatoasa\spectru\940 2 nes.txt,940,940,370.0,380.0,375.102227,294.206364,293.175,33.643241,22.0
in cutie\Set frunze 2\nesanatoasa,leaf_sample,unhealthy,940 2 nes.txt,in cutie\Set frunze 2\nesanatoasa\spectru\940 2 nes.txt,940,940,380.0,390.0,385.110913,315.749565,315.86,49.570047,23.0
in cutie\Set frunze 2\nesanatoasa,leaf_sample,unhealthy,940 2 nes.txt,in cutie\Set frunze 2\nesanatoasa\spectru\940 2 nes.txt,940,940,390.0,400.0,395.096045,290.195909,278.05,45.95606,22.0
in cutie\Set frunze 2\nesanatoasa,leaf_sample,unhealthy,940 2 nes.txt,in cutie\Set frunze 2\nesanatoasa\spectru\940 2 nes.txt,940,940,400.0,410.0,405.057435,292.07913,290.65,37.05131,23.0
in cutie\Set frunze 2\nesanatoasa,leaf_sample,unhealthy,940 2 nes.txt,in cutie\Set frunze 2\nesanatoasa\spectru\940 2 nes.txt,940,940,410.0,420.0,414.995091,320.786364,317.12,41.105039,22.0
in cutie\Set frunze 2\nesanatoasa,leaf_sample,unhealthy,940 2 nes.txt,in cutie\Set frunze 2\nesanatoasa\spectru\940 2 nes.txt,940,940,420.0,430.0,424.908696,293.393913,283.09,36.842694,23.0
in cutie\Set frunze 2\nesanatoasa,leaf_sample,unhealthy,940 2 nes.txt,in cutie\Set frunze 2\nesanatoasa\spectru\940 2 nes.txt,940,940,430.0,440.0,435.01787,298.215652,295.7,28.710067,23.0
in cutie\Set frunze 2\nesanatoasa,leaf_sample,unhealthy,940 2 nes.txt,in cutie\Set frunze 2\nesanatoasa\spectru\940 2 nes.txt,940,940,440.0,450.0,445.101783,285.174348,280.57,43.281015,23.0
in cutie\Set frunze 2\nesanatoasa,leaf_sample,unhealthy,940 2 nes.txt,in cutie\Set frunze 2\nesanatoasa\spectru\940 2 nes.txt,940,940,450.0,460.0,455.160348,302.70913,300.74,31.569629,23.0
in cutie\Set frunze 2\nesanatoasa,leaf_sample,unhealthy,940 2 nes.txt,in cutie\Set frunze 2\nesanatoasa\spectru\940 2 nes.txt,940,940,460.0,470.0,465.193435,315.202609,318.38,38.329075,23.0
in cutie\Set frunze 2\nesanatoasa,leaf_sample,unhealthy,940 2 nes.txt,in cutie\Set frunze 2\nesanatoasa\spectru\940 2 nes.txt,940,940,470.0,480.0,475.201,301.503043,300.74,27.06994,23.0
in cutie\Set frunze 2\nesanatoasa,leaf_sample,unhealthy,940 2 nes.txt,in cutie\Set frunze 2\nesanatoasa\spectru\940 2 nes.txt,940,940,480.0,490.0,485.182913,301.175652,303.26,34.953941,23.0
in cutie\Set frunze 2\nesanatoasa,leaf_sample,unhealthy,940 2 nes.txt,in cutie\Set frunze 2\nesanatoasa\spectru\940 2 nes.txt,940,940,490.0,500.0,495.139043,301.394783,298.22,28.527656,23.0
in cutie\Set frunze 2\nesanatoasa,leaf_sample,unhealthy,940 2 nes.txt,in cutie\Set frunze 2\nesanatoasa\spectru\940 2 nes.txt,940,940,500.0,510.0,505.069348,305.23,308.3,35.217024,23.0
in cutie\Set frunze 2\nesanatoasa,leaf_sample,unhealthy,940 2 nes.txt,in cutie\Set frunze 2\nesanatoasa\spectru\940 2 nes.txt,940,940,510.0,520.0,514.973652,302.817826,298.22,29.718172,23.0
in cutie\Set frunze 2\nesanatoasa,leaf_sample,unhealthy,940 2 nes.txt,in cutie\Set frunze 2\nesanatoasa\spectru\940 2 nes.txt,940,940,520.0,530.0,525.066167,296.745417,289.39,26.505025,24.0
in cutie\Set frunze 2\nesanatoasa,leaf_sample,unhealthy,940 2 nes.txt,in cutie\Set frunze 2\nesanatoasa\spectru\940 2 nes.txt,940,940,530.0,540.0,535.131478,308.516522,303.26,30.181996,23.0
in cutie\Set frunze 2\nesanatoasa,leaf_sample,unhealthy,940 2 nes.txt,in cutie\Set frunze 2\nesanatoasa\spectru\940 2 nes.txt,940,940,540.0,550.0,544.956,303.695652,303.26,29.700492,23.0
in cutie\Set frunze 2\nesanatoasa,leaf_sample,unhealthy,940 2 nes.txt,in cutie\Set frunze 2\nesanatoasa\spectru\940 2 nes.txt,940,940,550.0,560.0,554.966667,304.306667,305.78,38.21773,24.0
in cutie\Set frunze 2\nesanatoasa,leaf_sample,unhealthy,940 2 nes.txt,in cutie\Set frunze 2\nesanatoasa\spectru\940 2 nes.txt,940,940,560.0,570.0,564.949739,303.148261,298.22,33.780277,23.0
in cutie\Set frunze 2\nesanatoasa,leaf_sample,unhealthy,940 2 nes.txt,in cutie\Set frunze 2\nesanatoasa\spectru\940 2 nes.txt,940,940,570.0,580.0,574.905,312.603333,314.6,32.68291,24.0
in cutie\Set frunze 2\nesanatoasa,leaf_sample,unhealthy,940 2 nes.txt,in cutie\Set frunze 2\nesanatoasa\spectru\940 2 nes.txt,940,940,580.0,590.0,585.043208,321.215833,319.64,34.783818,24.0
in cutie\Set frunze 2\nesanatoasa,leaf_sample,unhealthy,940 2 nes.txt,in cutie\Set frunze 2\nesanatoasa\spectru\940 2 nes.txt,940,940,590.0,600.0,595.152042,315.334583,310.82,39.600815,24.0
in cutie\Set frunze 2\nesanatoasa,leaf_sample,unhealthy,940 2 nes.txt,in cutie\Set frunze 2\nesanatoasa\spectru\940 2 nes.txt,940,940,600.0,610.0,605.02213,315.531304,315.86,37.299725,23.0
in cutie\Set frunze 2\nesanatoasa,leaf_sample,unhealthy,940 2 nes.txt,in cutie\Set frunze 2\nesanatoasa\spectru\940 2 nes.txt,940,940,610.0,620.0,614.863458,295.37875,289.39,42.279518,24.0
in cutie\Set frunze 2\nesanatoasa,leaf_sample,unhealthy,940 2 nes.txt,in cutie\Set frunze 2\nesanatoasa\spectru\940 2 nes.txt,940,940,620.0,630.0,624.885125,311.763333,310.82,36.043619,24.0
in cutie\Set frunze 2\nesanatoasa,leaf_sample,unhealthy,940 2 nes.txt,in cutie\Set frunze 2\nesanatoasa\spectru\940 2 nes.txt,940,940,630.0,640.0,634.876917,321.846667,315.86,47.917689,24.0
in cutie\Set frunze 2\nesanatoasa,leaf_sample,unhealthy,940 2 nes.txt,in cutie\Set frunze 2\nesanatoasa\spectru\940 2 nes.txt,940,940,640.0,650.0,644.83875,315.229167,315.86,16.643301,24.0
in cutie\Set frunze 2\nesanatoasa,leaf_sample,unhealthy,940 2 nes.txt,in cutie\Set frunze 2\nesanatoasa\spectru\940 2 nes.txt,940,940,650.0,660.0,654.97728,303.256,300.74,31.59501,25.0
in cutie\Set frunze 2\nesanatoasa,leaf_sample,unhealthy,940 2 nes.txt,in cutie\Set frunze 2\nesanatoasa\spectru\940 2 nes.txt,940,940,660.0,670.0,665.084458,304.832083,304.52,34.42854,24.0
in cutie\Set frunze 2\nesanatoasa,leaf_sample,unhealthy,940 2 nes.txt,in cutie\Set frunze 2\nesanatoasa\spectru\940 2 nes.txt,940,940,670.0,680.0,674.95475,309.137917,312.08,32.739727,24.0
in cutie\Set frunze 2\nesanatoasa,leaf_sample,unhealthy,940 2 nes.txt,in cutie\Set frunze 2\nesanatoasa\spectru\940 2 nes.txt,940,940,680.0,690.0,684.9992,325.9416,328.46,29.436766,25.0
in cutie\Set frunze 2\nesanatoasa,leaf_sample,unhealthy,940 2 nes.txt,in cutie\Set frunze 2\nesanatoasa\spectru\940 2 nes.txt,940,940,690.0,700.0,695.012,298.74125,303.26,32.385638,24.0
in cutie\Set frunze 2\nesanatoasa,leaf_sample,unhealthy,940 2 nes.txt,in cutie\Set frunze 2\nesanatoasa\spectru\940 2 nes.txt,940,940,700.0,710.0,704.99268,312.432,305.78,40.284336,25.0
in cutie\Set frunze 2\nesanatoasa,leaf_sample,unhealthy,940 2 nes.txt,in cutie\Set frunze 2\nesanatoasa\spectru\940 2 nes.txt,940,940,710.0,720.0,714.9415,312.918333,318.38,27.006552,24.0
in cutie\Set frunze 2\nesanatoasa,leaf_sample,unhealthy,940 2 nes.txt,in cutie\Set frunze 2\nesanatoasa\spectru\940 2 nes.txt,940,940,720.0,730.0,724.85784,303.0552,305.78,29.814548,25.0
in cutie\Set frunze 2\nesanatoasa,leaf_sample,unhealthy,940 2 nes.txt,in cutie\Set frunze 2\nesanatoasa\spectru\940 2 nes.txt,940,940,730.0,740.0,734.94336,296.8032,293.17,36.59689,25.0
in cutie\Set frunze 2\nesanatoasa,leaf_sample,unhealthy,940 2 nes.txt,in cutie\Set frunze 2\nesanatoasa\spectru\940 2 nes.txt,940,940,740.0,750.0,744.99528,312.432,315.86,32.01737,25.0
in cutie\Set frunze 2\nesanatoasa,leaf_sample,unhealthy,940 2 nes.txt,in cutie\Set frunze 2\nesanatoasa\spectru\940 2 nes.txt,940,940,750.0,760.0,755.01288,305.4752,305.78,29.962256,25.0
in cutie\Set frunze 2\nesanatoasa,leaf_sample,unhealthy,940 2 nes.txt,in cutie\Set frunze 2\nesanatoasa\spectru\940 2 nes.txt,940,940,760.0,770.0,764.99664,305.9784,305.78,38.125519,25.0
in cutie\Set frunze 2\nesanatoasa,leaf_sample,unhealthy,940 2 nes.txt,in cutie\Set frunze 2\nesanatoasa\spectru\940 2 nes.txt,940,940,770.0,780.0,774.94604,300.3336,298.22,25.898912,25.0
in cutie\Set frunze 2\nesanatoasa,leaf_sample,unhealthy,940 2 nes.txt,in cutie\Set frunze 2\nesanatoasa\spectru\940 2 nes.txt,940,940,780.0,790.0,784.86132,301.5436,300.74,25.211785,25.0
in cutie\Set frunze 2\nesanatoasa,leaf_sample,unhealthy,940 2 nes.txt,in cutie\Set frunze 2\nesanatoasa\spectru\940 2 nes.txt,940,940,790.0,800.0,794.938962,305.874615,313.34,33.762485,26.0
in cutie\Set frunze 2\nesanatoasa,leaf_sample,unhealthy,940 2 nes.txt,in cutie\Set frunze 2\nesanatoasa\spectru\940 2 nes.txt,940,940,800.0,810.0,804.98072,313.3392,315.86,38.3135,25.0
in cutie\Set frunze 2\nesanatoasa,leaf_sample,unhealthy,940 2 nes.txt,in cutie\Set frunze 2\nesanatoasa\spectru\940 2 nes.txt,940,940,810.0,820.0,814.986231,305.874231,308.3,39.679345,26.0
in cutie\Set frunze 2\nesanatoasa,leaf_sample,unhealthy,940 2 nes.txt,in cutie\Set frunze 2\nesanatoasa\spectru\940 2 nes.txt,940,940,820.0,830.0,824.95548,303.5584,300.74,36.479768,25.0
in cutie\Set frunze 2\nesanatoasa,leaf_sample,unhealthy,940 2 nes.txt,in cutie\Set frunze 2\nesanatoasa\spectru\940 2 nes.txt,940,940,830.0,840.0,834.888115,305.777692,295.7,32.459839,26.0
in cutie\Set frunze 2\nesanatoasa,leaf_sample,unhealthy,940 2 nes.txt,in cutie\Set frunze 2\nesanatoasa\spectru\940 2 nes.txt,940,940,840.0,850.0,844.977846,305.098077,307.04,22.862349,26.0
in cutie\Set frunze 2\nesanatoasa,leaf_sample,unhealthy,940 2 nes.txt,in cutie\Set frunze 2\nesanatoasa\spectru\940 2 nes.txt,940,940,850.0,860.0,855.029308,296.858846,293.175,34.632779,26.0
in cutie\Set frunze 2\nesanatoasa,leaf_sample,unhealthy,940 2 nes.txt,in cutie\Set frunze 2\nesanatoasa\spectru\940 2 nes.txt,940,940,860.0,870.0,865.042308,296.665385,302.0,33.709244,26.0
in cutie\Set frunze 2\nesanatoasa,leaf_sample,unhealthy,940 2 nes.txt,in cutie\Set frunze 2\nesanatoasa\spectru\940 2 nes.txt,940,940,870.0,880.0,875.016731,322.55,315.86,33.917554,26.0
in cutie\Set frunze 2\nesanatoasa,leaf_sample,unhealthy,940 2 nes.txt,in cutie\Set frunze 2\nesanatoasa\spectru\940 2 nes.txt,940,940,880.0,890.0,884.952385,304.032692,304.52,29.184763,26.0
in cutie\Set frunze 2\nesanatoasa,leaf_sample,unhealthy,940 2 nes.txt,in cutie\Set frunze 2\nesanatoasa\spectru\940 2 nes.txt,940,940,890.0,900.0,895.039037,353.668148,320.9,175.603545,27.0
in cutie\Set frunze 2\nesanatoasa,leaf_sample,unhealthy,940 2 nes.txt,in cutie\Set frunze 2\nesanatoasa\spectru\940 2 nes.txt,940,940,900.0,910.0,905.085308,317.313846,318.38,34.17712,26.0
in cutie\Set frunze 2\nesanatoasa,leaf_sample,unhealthy,940 2 nes.txt,in cutie\Set frunze 2\nesanatoasa\spectru\940 2 nes.txt,940,940,910.0,920.0,915.090519,319.593333,315.86,30.804283,27.0
in cutie\Set frunze 2\nesanatoasa,leaf_sample,unhealthy,940 2 nes.txt,in cutie\Set frunze 2\nesanatoasa\spectru\940 2 nes.txt,940,940,920.0,930.0,925.055154,437.328077,454.905,42.528258,26.0
in cutie\Set frunze 2\nesanatoasa,leaf_sample,unhealthy,940 2 nes.txt,in cutie\Set frunze 2\nesanatoasa\spectru\940 2 nes.txt,940,940,930.0,940.0,934.97837,487.46037,486.85,9.035338,27.0
in cutie\Set frunze 2\nesanatoasa,leaf_sample,unhealthy,940 2 nes.txt,in cutie\Set frunze 2\nesanatoasa\spectru\940 2 nes.txt,940,940,940.0,950.0,945.046519,486.747778,482.74,8.609326,27.0
in cutie\Set frunze 2\nesanatoasa,leaf_sample,unhealthy,940 2 nes.txt,in cutie\Set frunze 2\nesanatoasa\spectru\940 2 nes.txt,940,940,950.0,960.0,955.071815,435.828148,459.56,45.934341,27.0
in cutie\Set frunze 2\nesanatoasa,leaf_sample,unhealthy,940 2 nes.txt,in cutie\Set frunze 2\nesanatoasa\spectru\940 2 nes.txt,940,940,960.0,970.0,965.053815,310.352593,308.3,25.327344,27.0
in cutie\Set frunze 2\nesanatoasa,leaf_sample,unhealthy,940 2 nes.txt,in cutie\Set frunze 2\nesanatoasa\spectru\940 2 nes.txt,940,940,970.0,980.0,974.992481,307.645185,303.26,34.31134,27.0
in cutie\Set frunze 2\nesanatoasa,leaf_sample,unhealthy,940 2 nes.txt,in cutie\Set frunze 2\nesanatoasa\spectru\940 2 nes.txt,940,940,980.0,990.0,984.887556,290.094815,290.65,37.077966,27.0
in cutie\Set frunze 2\nesanatoasa,leaf_sample,unhealthy,940 2 nes.txt,in cutie\Set frunze 2\nesanatoasa\spectru\940 2 nes.txt,940,940,990.0,1000.0,994.920964,303.346429,309.56,37.931222,28.0
in cutie\Set frunze 2\nesanatoasa,leaf_sample,unhealthy,940 2 nes.txt,in cutie\Set frunze 2\nesanatoasa\spectru\940 2 nes.txt,940,940,1000.0,1010.0,1005.09,301.816786,295.695,36.925087,28.0
in cutie\Set frunze 2\nesanatoasa,leaf_sample,unhealthy,940 2 nes.txt,in cutie\Set frunze 2\nesanatoasa\spectru\940 2 nes.txt,940,940,1010.0,1020.0,1015.031556,305.123333,315.86,26.334465,27.0
in cutie\Set frunze 2\nesanatoasa,leaf_sample,unhealthy,940 2 nes.txt,in cutie\Set frunze 2\nesanatoasa\spectru\940 2 nes.txt,940,940,1020.0,1030.0,1024.926857,307.307857,298.22,38.682791,28.0
in cutie\Set frunze 2\nesanatoasa,leaf_sample,unhealthy,940 2 nes.txt,in cutie\Set frunze 2\nesanatoasa\spectru\940 2 nes.txt,940,940,1030.0,1040.0,1032.275,308.687692,303.26,45.731651,13.0
in cutie\Set frunze 2\nesanatoasa,leaf_sample,unhealthy,fara filtru 2 nes.txt,in cutie\Set frunze 2\nesanatoasa\spectru\fara filtru 2 nes.txt,fara,,180.0,190.0,188.705167,-60.755,-37.65,37.735223,6.0
in cutie\Set frunze 2\nesanatoasa,leaf_sample,unhealthy,fara filtru 2 nes.txt,in cutie\Set frunze 2\nesanatoasa\spectru\fara filtru 2 nes.txt,fara,,190.0,200.0,194.959762,48.528571,50.57,113.931357,21.0
in cutie\Set frunze 2\nesanatoasa,leaf_sample,unhealthy,fara filtru 2 nes.txt,in cutie\Set frunze 2\nesanatoasa\spectru\fara filtru 2 nes.txt,fara,,200.0,210.0,204.905818,318.208182,322.79,31.128515,22.0
in cutie\Set frunze 2\nesanatoasa,leaf_sample,unhealthy,fara filtru 2 nes.txt,in cutie\Set frunze 2\nesanatoasa\spectru\fara filtru 2 nes.txt,fara,,210.0,220.0,215.0625,312.824545,311.45,32.745287,22.0
in cutie\Set frunze 2\nesanatoasa,leaf_sample,unhealthy,fara filtru 2 nes.txt,in cutie\Set frunze 2\nesanatoasa\spectru\fara filtru 2 nes.txt,fara,,220.0,230.0,224.968333,300.585238,297.59,36.131358,21.0
in cutie\Set frunze 2\nesanatoasa,leaf_sample,unhealthy,fara filtru 2 nes.txt,in cutie\Set frunze 2\nesanatoasa\spectru\fara filtru 2 nes.txt,fara,,230.0,240.0,234.853682,309.271818,306.41,35.103553,22.0
in cutie\Set frunze 2\nesanatoasa,leaf_sample,unhealthy,fara filtru 2 nes.txt,in cutie\Set frunze 2\nesanatoasa\spectru\fara filtru 2 nes.txt,fara,,240.0,250.0,244.948455,317.178182,313.97,67.814346,22.0
in cutie\Set frunze 2\nesanatoasa,leaf_sample,unhealthy,fara filtru 2 nes.txt,in cutie\Set frunze 2\nesanatoasa\spectru\fara filtru 2 nes.txt,fara,,250.0,260.0,255.021727,324.854545,316.49,34.339025,22.0
in cutie\Set frunze 2\nesanatoasa,leaf_sample,unhealthy,fara filtru 2 nes.txt,in cutie\Set frunze 2\nesanatoasa\spectru\fara filtru 2 nes.txt,fara,,260.0,270.0,265.073818,308.470909,302.63,32.371898,22.0
in cutie\Set frunze 2\nesanatoasa,leaf_sample,unhealthy,fara filtru 2 nes.txt,in cutie\Set frunze 2\nesanatoasa\spectru\fara filtru 2 nes.txt,fara,,270.0,280.0,275.104455,318.895909,307.67,44.765776,22.0
in cutie\Set frunze 2\nesanatoasa,leaf_sample,unhealthy,fara filtru 2 nes.txt,in cutie\Set frunze 2\nesanatoasa\spectru\fara filtru 2 nes.txt,fara,,280.0,290.0,285.113545,319.813182,321.53,45.918605,22.0
in cutie\Set frunze 2\nesanatoasa,leaf_sample,unhealthy,fara filtru 2 nes.txt,in cutie\Set frunze 2\nesanatoasa\spectru\fara filtru 2 nes.txt,fara,,290.0,300.0,295.101045,331.843182,334.13,25.041126,22.0
in cutie\Set frunze 2\nesanatoasa,leaf_sample,unhealthy,fara filtru 2 nes.txt,in cutie\Set frunze 2\nesanatoasa\spectru\fara filtru 2 nes.txt,fara,,300.0,310.0,305.066727,325.999091,329.09,28.365935,22.0
in cutie\Set frunze 2\nesanatoasa,leaf_sample,unhealthy,fara filtru 2 nes.txt,in cutie\Set frunze 2\nesanatoasa\spectru\fara filtru 2 nes.txt,fara,,310.0,320.0,315.010682,334.02,339.175,25.430119,22.0
in cutie\Set frunze 2\nesanatoasa,leaf_sample,unhealthy,fara filtru 2 nes.txt,in cutie\Set frunze 2\nesanatoasa\spectru\fara filtru 2 nes.txt,fara,,320.0,330.0,324.932818,316.49,312.71,36.086941,22.0
in cutie\Set frunze 2\nesanatoasa,leaf_sample,unhealthy,fara filtru 2 nes.txt,in cutie\Set frunze 2\nesanatoasa\spectru\fara filtru 2 nes.txt,fara,,330.0,340.0,334.832955,338.03,340.435,37.173313,22.0
in cutie\Set frunze 2\nesanatoasa,leaf_sample,unhealthy,fara filtru 2 nes.txt,in cutie\Set frunze 2\nesanatoasa\spectru\fara filtru 2 nes.txt,fara,,340.0,350.0,344.935087,348.982174,340.44,53.539988,23.0
in cutie\Set frunze 2\nesanatoasa,leaf_sample,unhealthy,fara filtru 2 nes.txt,in cutie\Set frunze 2\nesanatoasa\spectru\fara filtru 2 nes.txt,fara,,350.0,360.0,355.014136,320.040455,316.49,32.242842,22.0
in cutie\Set frunze 2\nesanatoasa,leaf_sample,unhealthy,fara filtru 2 nes.txt,in cutie\Set frunze 2\nesanatoasa\spectru\fara filtru 2 nes.txt,fara,,360.0,370.0,365.069739,329.585217,330.35,28.887589,23.0
in cutie\Set frunze 2\nesanatoasa,leaf_sample,unhealthy,fara filtru 2 nes.txt,in cutie\Set frunze 2\nesanatoasa\spectru\fara filtru 2 nes.txt,fara,,370.0,380.0,375.102227,342.383636,342.96,33.653515,22.0
in cutie\Set frunze 2\nesanatoasa,leaf_sample,unhealthy,fara filtru 2 nes.txt,in cutie\Set frunze 2\nesanatoasa\spectru\fara filtru 2 nes.txt,fara,,380.0,390.0,385.110913,344.71,342.96,44.057569,23.0
in cutie\Set frunze 2\nesanatoasa,leaf_sample,unhealthy,fara filtru 2 nes.txt,in cutie\Set frunze 2\nesanatoasa\spectru\fara filtru 2 nes.txt,fara,,390.0,400.0,395.096045,335.737273,331.61,34.151107,22.0
in cutie\Set frunze 2\nesanatoasa,leaf_sample,unhealthy,fara filtru 2 nes.txt,in cutie\Set frunze 2\nesanatoasa\spectru\fara filtru 2 nes.txt,fara,,400.0,410.0,405.057435,334.078696,337.91,33.692687,23.0
in cutie\Set frunze 2\nesanatoasa,leaf_sample,unhealthy,fara filtru 2 nes.txt,in cutie\Set frunze 2\nesanatoasa\spectru\fara filtru 2 nes.txt,fara,,410.0,420.0,414.995091,345.820909,344.22,32.228247,22.0
in cutie\Set frunze 2\nesanatoasa,leaf_sample,unhealthy,fara filtru 2 nes.txt,in cutie\Set frunze 2\nesanatoasa\spectru\fara filtru 2 nes.txt,fara,,420.0,430.0,424.908696,331.668261,330.35,30.044184,23.0
in cutie\Set frunze 2\nesanatoasa,leaf_sample,unhealthy,fara filtru 2 nes.txt,in cutie\Set frunze 2\nesanatoasa\spectru\fara filtru 2 nes.txt,fara,,430.0,440.0,435.01787,336.710435,340.44,28.957945,23.0
in cutie\Set frunze 2\nesanatoasa,leaf_sample,unhealthy,fara filtru 2 nes.txt,in cutie\Set frunze 2\nesanatoasa\spectru\fara filtru 2 nes.txt,fara,,440.0,450.0,445.101783,348.543913,348.0,30.744845,23.0
in cutie\Set frunze 2\nesanatoasa,leaf_sample,unhealthy,fara filtru 2 nes.txt,in cutie\Set frunze 2\nesanatoasa\spectru\fara filtru 2 nes.txt,fara,,450.0,460.0,455.160348,349.531739,342.96,36.319842,23.0
in cutie\Set frunze 2\nesanatoasa,leaf_sample,unhealthy,fara filtru 2 nes.txt,in cutie\Set frunze 2\nesanatoasa\spectru\fara filtru 2 nes.txt,fara,,460.0,470.0,465.193435,365.64087,365.64,34.846814,23.0
in cutie\Set frunze 2\nesanatoasa,leaf_sample,unhealthy,fara filtru 2 nes.txt,in cutie\Set frunze 2\nesanatoasa\spectru\fara filtru 2 nes.txt,fara,,470.0,480.0,475.201,356.326957,355.56,37.107412,23.0
in cutie\Set frunze 2\nesanatoasa,leaf_sample,unhealthy,fara filtru 2 nes.txt,in cutie\Set frunze 2\nesanatoasa\spectru\fara filtru 2 nes.txt,fara,,480.0,490.0,485.182913,363.450435,368.16,28.061189,23.0
in cutie\Set frunze 2\nesanatoasa,leaf_sample,unhealthy,fara filtru 2 nes.txt,in cutie\Set frunze 2\nesanatoasa\spectru\fara filtru 2 nes.txt,fara,,490.0,500.0,495.139043,384.052609,388.33,31.57397,23.0
in cutie\Set frunze 2\nesanatoasa,leaf_sample,unhealthy,fara filtru 2 nes.txt,in cutie\Set frunze 2\nesanatoasa\spectru\fara filtru 2 nes.txt,fara,,500.0,510.0,505.069348,416.49087,413.53,56.560347,23.0
in cutie\Set frunze 2\nesanatoasa,leaf_sample,unhealthy,fara filtru 2 nes.txt,in cutie\Set frunze 2\nesanatoasa\spectru\fara filtru 2 nes.txt,fara,,510.0,520.0,514.973652,459.231304,463.94,36.187337,23.0
in cutie\Set frunze 2\nesanatoasa,leaf_sample,unhealthy,fara filtru 2 nes.txt,in cutie\Set frunze 2\nesanatoasa\spectru\fara filtru 2 nes.txt,fara,,520.0,530.0,525.066167,480.747083,480.33,40.294464,24.0
in cutie\Set frunze 2\nesanatoasa,leaf_sample,unhealthy,fara filtru 2 nes.txt,in cutie\Set frunze 2\nesanatoasa\spectru\fara filtru 2 nes.txt,fara,,530.0,540.0,535.131478,498.135217,501.75,30.209117,23.0
in cutie\Set frunze 2\nesanatoasa,leaf_sample,unhealthy,fara filtru 2 nes.txt,in cutie\Set frunze 2\nesanatoasa\spectru\fara filtru 2 nes.txt,fara,,540.0,550.0,544.956,523.013478,524.44,36.19068,23.0
in cutie\Set frunze 2\nesanatoasa,leaf_sample,unhealthy,fara filtru 2 nes.txt,in cutie\Set frunze 2\nesanatoasa\spectru\fara filtru 2 nes.txt,fara,,550.0,560.0,554.966667,553.319167,559.73,30.482748,24.0
in cutie\Set frunze 2\nesanatoasa,leaf_sample,unhealthy,fara filtru 2 nes.txt,in cutie\Set frunze 2\nesanatoasa\spectru\fara filtru 2 nes.txt,fara,,560.0,570.0,564.949739,572.328696,572.33,31.509061,23.0
in cutie\Set frunze 2\nesanatoasa,leaf_sample,unhealthy,fara filtru 2 nes.txt,in cutie\Set frunze 2\nesanatoasa\spectru\fara filtru 2 nes.txt,fara,,570.0,580.0,574.905,571.804167,573.59,34.499198,24.0
in cutie\Set frunze 2\nesanatoasa,leaf_sample,unhealthy,fara filtru 2 nes.txt,in cutie\Set frunze 2\nesanatoasa\spectru\fara filtru 2 nes.txt,fara,,580.0,590.0,585.043208,585.980417,588.71,32.426431,24.0
in cutie\Set frunze 2\nesanatoasa,leaf_sample,unhealthy,fara filtru 2 nes.txt,in cutie\Set frunze 2\nesanatoasa\spectru\fara filtru 2 nes.txt,fara,,590.0,600.0,595.152042,601.210417,607.62,45.909241,24.0
in cutie\Set frunze 2\nesanatoasa,leaf_sample,unhealthy,fara filtru 2 nes.txt,in cutie\Set frunze 2\nesanatoasa\spectru\fara filtru 2 nes.txt,fara,,600.0,610.0,605.02213,619.123478,620.22,45.266386,23.0
in cutie\Set frunze 2\nesanatoasa,leaf_sample,unhealthy,fara filtru 2 nes.txt,in cutie\Set frunze 2\nesanatoasa\spectru\fara filtru 2 nes.txt,fara,,610.0,620.0,614.863458,639.649583,634.08,34.693306,24.0
in cutie\Set frunze 2\nesanatoasa,leaf_sample,unhealthy,fara filtru 2 nes.txt,in cutie\Set frunze 2\nesanatoasa\spectru\fara filtru 2 nes.txt,fara,,620.0,630.0,624.885125,629.6725,636.6,39.549023,24.0
in cutie\Set frunze 2\nesanatoasa,leaf_sample,unhealthy,fara filtru 2 nes.txt,in cutie\Set frunze 2\nesanatoasa\spectru\fara filtru 2 nes.txt,fara,,630.0,640.0,634.876917,630.407083,624.0,47.626293,24.0
in cutie\Set frunze 2\nesanatoasa,leaf_sample,unhealthy,fara filtru 2 nes.txt,in cutie\Set frunze 2\nesanatoasa\spectru\fara filtru 2 nes.txt,fara,,640.0,650.0,644.83875,621.375417,613.92,39.115614,24.0
in cutie\Set frunze 2\nesanatoasa,leaf_sample,unhealthy,fara filtru 2 nes.txt,in cutie\Set frunze 2\nesanatoasa\spectru\fara filtru 2 nes.txt,fara,,650.0,660.0,654.97728,605.9028,602.58,33.008973,25.0
in cutie\Set frunze 2\nesanatoasa,leaf_sample,unhealthy,fara filtru 2 nes.txt,in cutie\Set frunze 2\nesanatoasa\spectru\fara filtru 2 nes.txt,fara,,660.0,670.0,665.084458,593.122917,589.97,40.936723,24.0
in cutie\Set frunze 2\nesanatoasa,leaf_sample,unhealthy,fara filtru 2 nes.txt,in cutie\Set frunze 2\nesanatoasa\spectru\fara filtru 2 nes.txt,fara,,670.0,680.0,674.95475,597.429583,595.01,42.518926,24.0
in cutie\Set frunze 2\nesanatoasa,leaf_sample,unhealthy,fara filtru 2 nes.txt,in cutie\Set frunze 2\nesanatoasa\spectru\fara filtru 2 nes.txt,fara,,680.0,690.0,684.9992,604.7936,605.1,38.328242,25.0
in cutie\Set frunze 2\nesanatoasa,leaf_sample,unhealthy,fara filtru 2 nes.txt,in cutie\Set frunze 2\nesanatoasa\spectru\fara filtru 2 nes.txt,fara,,690.0,700.0,695.012,637.75875,637.86,31.76304,24.0
in cutie\Set frunze 2\nesanatoasa,leaf_sample,unhealthy,fara filtru 2 nes.txt,in cutie\Set frunze 2\nesanatoasa\spectru\fara filtru 2 nes.txt,fara,,700.0,710.0,704.99268,652.18,665.59,29.504064,25.0
in cutie\Set frunze 2\nesanatoasa,leaf_sample,unhealthy,fara filtru 2 nes.txt,in cutie\Set frunze 2\nesanatoasa\spectru\fara filtru 2 nes.txt,fara,,710.0,720.0,714.9415,661.4925,664.33,39.377554,24.0
in cutie\Set frunze 2\nesanatoasa,leaf_sample,unhealthy,fara filtru 2 nes.txt,in cutie\Set frunze 2\nesanatoasa\spectru\fara filtru 2 nes.txt,fara,,720.0,730.0,724.85784,655.9112,658.03,35.119756,25.0
in cutie\Set frunze 2\nesanatoasa,leaf_sample,unhealthy,fara filtru 2 nes.txt,in cutie\Set frunze 2\nesanatoasa\spectru\fara filtru 2 nes.txt,fara,,730.0,740.0,734.94336,653.9956,655.51,35.446704,25.0
in cutie\Set frunze 2\nesanatoasa,leaf_sample,unhealthy,fara filtru 2 nes.txt,in cutie\Set frunze 2\nesanatoasa\spectru\fara filtru 2 nes.txt,fara,,740.0,750.0,744.99528,678.0928,668.11,34.313662,25.0
in cutie\Set frunze 2\nesanatoasa,leaf_sample,unhealthy,fara filtru 2 nes.txt,in cutie\Set frunze 2\nesanatoasa\spectru\fara filtru 2 nes.txt,fara,,750.0,760.0,755.01288,658.6344,673.15,47.548576,25.0
in cutie\Set frunze 2\nesanatoasa,leaf_sample,unhealthy,fara filtru 2 nes.txt,in cutie\Set frunze 2\nesanatoasa\spectru\fara filtru 2 nes.txt,fara,,760.0,770.0,764.99664,637.1572,632.82,25.857893,25.0
in cutie\Set frunze 2\nesanatoasa,leaf_sample,unhealthy,fara filtru 2 nes.txt,in cutie\Set frunze 2\nesanatoasa\spectru\fara filtru 2 nes.txt,fara,,770.0,780.0,774.94604,619.0088,617.7,32.161184,25.0
in cutie\Set frunze 2\nesanatoasa,leaf_sample,unhealthy,fara filtru 2 nes.txt,in cutie\Set frunze 2\nesanatoasa\spectru\fara filtru 2 nes.txt,fara,,780.0,790.0,784.86132,607.5152,595.01,35.991052,25.0
in cutie\Set frunze 2\nesanatoasa,leaf_sample,unhealthy,fara filtru 2 nes.txt,in cutie\Set frunze 2\nesanatoasa\spectru\fara filtru 2 nes.txt,fara,,790.0,800.0,794.938962,590.650769,582.41,34.486234,26.0
in cutie\Set frunze 2\nesanatoasa,leaf_sample,unhealthy,fara filtru 2 nes.txt,in cutie\Set frunze 2\nesanatoasa\spectru\fara filtru 2 nes.txt,fara,,800.0,810.0,804.98072,561.742,567.29,28.993511,25.0
in cutie\Set frunze 2\nesanatoasa,leaf_sample,unhealthy,fara filtru 2 nes.txt,in cutie\Set frunze 2\nesanatoasa\spectru\fara filtru 2 nes.txt,fara,,810.0,820.0,814.986231,557.689615,549.64,36.594082,26.0
in cutie\Set frunze 2\nesanatoasa,leaf_sample,unhealthy,fara filtru 2 nes.txt,in cutie\Set frunze 2\nesanatoasa\spectru\fara filtru 2 nes.txt,fara,,820.0,830.0,824.95548,550.2484,547.12,38.413303,25.0
in cutie\Set frunze 2\nesanatoasa,leaf_sample,unhealthy,fara filtru 2 nes.txt,in cutie\Set frunze 2\nesanatoasa\spectru\fara filtru 2 nes.txt,fara,,830.0,840.0,834.888115,533.162692,535.78,31.149268,26.0
in cutie\Set frunze 2\nesanatoasa,leaf_sample,unhealthy,fara filtru 2 nes.txt,in cutie\Set frunze 2\nesanatoasa\spectru\fara filtru 2 nes.txt,fara,,840.0,850.0,844.977846,511.156154,509.31,35.916209,26.0
in cutie\Set frunze 2\nesanatoasa,leaf_sample,unhealthy,fara filtru 2 nes.txt,in cutie\Set frunze 2\nesanatoasa\spectru\fara filtru 2 nes.txt,fara,,850.0,860.0,855.029308,489.273462,489.14,1.025472,26.0
in cutie\Set frunze 2\nesanatoasa,leaf_sample,unhealthy,fara filtru 2 nes.txt,in cutie\Set frunze 2\nesanatoasa\spectru\fara filtru 2 nes.txt,fara,,860.0,870.0,865.042308,490.548462,491.29,1.865154,26.0
in cutie\Set frunze 2\nesanatoasa,leaf_sample,unhealthy,fara filtru 2 nes.txt,in cutie\Set frunze 2\nesanatoasa\spectru\fara filtru 2 nes.txt,fara,,870.0,880.0,875.016731,495.273077,495.38,0.706545,26.0
in cutie\Set frunze 2\nesanatoasa,leaf_sample,unhealthy,fara filtru 2 nes.txt,in cutie\Set frunze 2\nesanatoasa\spectru\fara filtru 2 nes.txt,fara,,880.0,890.0,884.952385,487.106538,486.21,3.673621,26.0
in cutie\Set frunze 2\nesanatoasa,leaf_sample,unhealthy,fara filtru 2 nes.txt,in cutie\Set frunze 2\nesanatoasa\spectru\fara filtru 2 nes.txt,fara,,890.0,900.0,895.039037,483.756296,483.78,0.565261,27.0
in cutie\Set frunze 2\nesanatoasa,leaf_sample,unhealthy,fara filtru 2 nes.txt,in cutie\Set frunze 2\nesanatoasa\spectru\fara filtru 2 nes.txt,fara,,900.0,910.0,905.085308,477.760769,476.69,3.126955,26.0
in cutie\Set frunze 2\nesanatoasa,leaf_sample,unhealthy,fara filtru 2 nes.txt,in cutie\Set frunze 2\nesanatoasa\spectru\fara filtru 2 nes.txt,fara,,910.0,920.0,915.090519,475.965926,474.84,2.510345,27.0
in cutie\Set frunze 2\nesanatoasa,leaf_sample,unhealthy,fara filtru 2 nes.txt,in cutie\Set frunze 2\nesanatoasa\spectru\fara filtru 2 nes.txt,fara,,920.0,930.0,925.055154,483.728846,483.955,0.968652,26.0
in cutie\Set frunze 2\nesanatoasa,leaf_sample,unhealthy,fara filtru 2 nes.txt,in cutie\Set frunze 2\nesanatoasa\spectru\fara filtru 2 nes.txt,fara,,930.0,940.0,934.97837,486.598889,485.43,3.281415,27.0
in cutie\Set frunze 2\nesanatoasa,leaf_sample,unhealthy,fara filtru 2 nes.txt,in cutie\Set frunze 2\nesanatoasa\spectru\fara filtru 2 nes.txt,fara,,940.0,950.0,945.046519,496.105185,496.46,1.782488,27.0
in cutie\Set frunze 2\nesanatoasa,leaf_sample,unhealthy,fara filtru 2 nes.txt,in cutie\Set frunze 2\nesanatoasa\spectru\fara filtru 2 nes.txt,fara,,950.0,960.0,955.071815,492.652222,492.56,2.201039,27.0
in cutie\Set frunze 2\nesanatoasa,leaf_sample,unhealthy,fara filtru 2 nes.txt,in cutie\Set frunze 2\nesanatoasa\spectru\fara filtru 2 nes.txt,fara,,960.0,970.0,965.053815,489.386667,489.32,0.828072,27.0
in cutie\Set frunze 2\nesanatoasa,leaf_sample,unhealthy,fara filtru 2 nes.txt,in cutie\Set frunze 2\nesanatoasa\spectru\fara filtru 2 nes.txt,fara,,970.0,980.0,974.992481,480.958519,481.33,4.915062,27.0
in cutie\Set frunze 2\nesanatoasa,leaf_sample,unhealthy,fara filtru 2 nes.txt,in cutie\Set frunze 2\nesanatoasa\spectru\fara filtru 2 nes.txt,fara,,980.0,990.0,984.887556,474.312963,473.68,2.31812,27.0
in cutie\Set frunze 2\nesanatoasa,leaf_sample,unhealthy,fara filtru 2 nes.txt,in cutie\Set frunze 2\nesanatoasa\spectru\fara filtru 2 nes.txt,fara,,990.0,1000.0,994.920964,476.181071,476.11,1.058157,28.0
in cutie\Set frunze 2\nesanatoasa,leaf_sample,unhealthy,fara filtru 2 nes.txt,in cutie\Set frunze 2\nesanatoasa\spectru\fara filtru 2 nes.txt,fara,,1000.0,1010.0,1005.09,478.463929,477.375,3.517581,28.0
in cutie\Set frunze 2\nesanatoasa,leaf_sample,unhealthy,fara filtru 2 nes.txt,in cutie\Set frunze 2\nesanatoasa\spectru\fara filtru 2 nes.txt,fara,,1010.0,1020.0,1015.031556,490.366667,491.05,1.815911,27.0
in cutie\Set frunze 2\nesanatoasa,leaf_sample,unhealthy,fara filtru 2 nes.txt,in cutie\Set frunze 2\nesanatoasa\spectru\fara filtru 2 nes.txt,fara,,1020.0,1030.0,1024.926857,491.439643,491.185,1.198807,28.0
in cutie\Set frunze 2\nesanatoasa,leaf_sample,unhealthy,fara filtru 2 nes.txt,in cutie\Set frunze 2\nesanatoasa\spectru\fara filtru 2 nes.txt,fara,,1030.0,1040.0,1032.275,495.331538,495.77,1.731002,13.0
in cutie\Set frunze 2\sanatoasa,leaf_sample,healthy,532.txt,in cutie\Set frunze 2\sanatoasa\spectru\532.txt,532,532,180.0,190.0,188.705167,-93.313333,-81.13,28.094043,6.0
in cutie\Set frunze 2\sanatoasa,leaf_sample,healthy,532.txt,in cutie\Set frunze 2\sanatoasa\spectru\532.txt,532,532,190.0,200.0,194.959762,54.56,56.24,129.60379,21.0
in cutie\Set frunze 2\sanatoasa,leaf_sample,healthy,532.txt,in cutie\Set frunze 2\sanatoasa\spectru\532.txt,532,532,200.0,210.0,204.905818,304.287273,300.74,46.257099,22.0
in cutie\Set frunze 2\sanatoasa,leaf_sample,healthy,532.txt,in cutie\Set frunze 2\sanatoasa\spectru\532.txt,532,532,210.0,220.0,215.0625,302.799091,307.04,33.366872,22.0
in cutie\Set frunze 2\sanatoasa,leaf_sample,healthy,532.txt,in cutie\Set frunze 2\sanatoasa\spectru\532.txt,532,532,220.0,230.0,224.968333,282.972857,290.65,33.902825,21.0
in cutie\Set frunze 2\sanatoasa,leaf_sample,healthy,532.txt,in cutie\Set frunze 2\sanatoasa\spectru\532.txt,532,532,230.0,240.0,234.853682,289.851818,300.74,33.46007,22.0
in cutie\Set frunze 2\sanatoasa,leaf_sample,healthy,532.txt,in cutie\Set frunze 2\sanatoasa\spectru\532.txt,532,532,240.0,250.0,244.948455,292.371818,274.27,71.200905,22.0
in cutie\Set frunze 2\sanatoasa,leaf_sample,healthy,532.txt,in cutie\Set frunze 2\sanatoasa\spectru\532.txt,532,532,250.0,260.0,255.021727,294.205909,299.48,30.338726,22.0
in cutie\Set frunze 2\sanatoasa,leaf_sample,healthy,532.txt,in cutie\Set frunze 2\sanatoasa\spectru\532.txt,532,532,260.0,270.0,265.073818,291.340455,295.695,35.873384,22.0
in cutie\Set frunze 2\sanatoasa,leaf_sample,healthy,532.txt,in cutie\Set frunze 2\sanatoasa\spectru\532.txt,532,532,270.0,280.0,275.104455,296.154545,291.915,47.859299,22.0
in cutie\Set frunze 2\sanatoasa,leaf_sample,healthy,532.txt,in cutie\Set frunze 2\sanatoasa\spectru\532.txt,532,532,280.0,290.0,285.113545,303.715455,302.0,27.544797,22.0
in cutie\Set frunze 2\sanatoasa,leaf_sample,healthy,532.txt,in cutie\Set frunze 2\sanatoasa\spectru\532.txt,532,532,290.0,300.0,295.101045,311.047727,305.78,30.379353,22.0
in cutie\Set frunze 2\sanatoasa,leaf_sample,healthy,532.txt,in cutie\Set frunze 2\sanatoasa\spectru\532.txt,532,532,300.0,310.0,305.066727,304.975455,300.74,28.267181,22.0
in cutie\Set frunze 2\sanatoasa,leaf_sample,healthy,532.txt,in cutie\Set frunze 2\sanatoasa\spectru\532.txt,532,532,310.0,320.0,315.010682,313.684091,313.34,32.165136,22.0
in cutie\Set frunze 2\sanatoasa,leaf_sample,healthy,532.txt,in cutie\Set frunze 2\sanatoasa\spectru\532.txt,532,532,320.0,330.0,324.932818,307.840455,310.82,31.368922,22.0
in cutie\Set frunze 2\sanatoasa,leaf_sample,healthy,532.txt,in cutie\Set frunze 2\sanatoasa\spectru\532.txt,532,532,330.0,340.0,334.832955,325.025455,324.68,34.153004,22.0
in cutie\Set frunze 2\sanatoasa,leaf_sample,healthy,532.txt,in cutie\Set frunze 2\sanatoasa\spectru\532.txt,532,532,340.0,350.0,344.935087,335.696087,330.98,61.175856,23.0
in cutie\Set frunze 2\sanatoasa,leaf_sample,healthy,532.txt,in cutie\Set frunze 2\sanatoasa\spectru\532.txt,532,532,350.0,360.0,355.014136,320.213182,323.42,29.495693,22.0
in cutie\Set frunze 2\sanatoasa,leaf_sample,healthy,532.txt,in cutie\Set frunze 2\sanatoasa\spectru\532.txt,532,532,360.0,370.0,365.069739,305.558696,303.26,34.255231,23.0
in cutie\Set frunze 2\sanatoasa,leaf_sample,healthy,532.txt,in cutie\Set frunze 2\sanatoasa\spectru\532.txt,532,532,370.0,380.0,375.102227,318.495,317.12,26.863301,22.0
in cutie\Set frunze 2\sanatoasa,leaf_sample,healthy,532.txt,in cutie\Set frunze 2\sanatoasa\spectru\532.txt,532,532,380.0,390.0,385.110913,330.764783,320.9,56.174852,23.0
in cutie\Set frunze 2\sanatoasa,leaf_sample,healthy,532.txt,in cutie\Set frunze 2\sanatoasa\spectru\532.txt,532,532,390.0,400.0,395.096045,305.090455,303.26,46.489239,22.0
in cutie\Set frunze 2\sanatoasa,leaf_sample,healthy,532.txt,in cutie\Set frunze 2\sanatoasa\spectru\532.txt,532,532,400.0,410.0,405.057435,310.27087,305.78,29.516357,23.0
in cutie\Set frunze 2\sanatoasa,leaf_sample,healthy,532.txt,in cutie\Set frunze 2\sanatoasa\spectru\532.txt,532,532,410.0,420.0,414.995091,316.203182,313.34,40.977358,22.0
in cutie\Set frunze 2\sanatoasa,leaf_sample,healthy,532.txt,in cutie\Set frunze 2\sanatoasa\spectru\532.txt,532,532,420.0,430.0,424.908696,327.804783,328.46,31.430449,23.0
in cutie\Set frunze 2\sanatoasa,leaf_sample,healthy,532.txt,in cutie\Set frunze 2\sanatoasa\spectru\532.txt,532,532,430.0,440.0,435.01787,319.804783,318.38,32.659801,23.0
in cutie\Set frunze 2\sanatoasa,leaf_sample,healthy,532.txt,in cutie\Set frunze 2\sanatoasa\spectru\532.txt,532,532,440.0,450.0,445.101783,323.311304,315.86,31.86918,23.0
in cutie\Set frunze 2\sanatoasa,leaf_sample,healthy,532.txt,in cutie\Set frunze 2\sanatoasa\spectru\532.txt,532,532,450.0,460.0,455.160348,313.996522,310.82,26.956941,23.0
in cutie\Set frunze 2\sanatoasa,leaf_sample,healthy,532.txt,in cutie\Set frunze 2\sanatoasa\spectru\532.txt,532,532,460.0,470.0,465.193435,330.544783,328.46,28.523593,23.0
in cutie\Set frunze 2\sanatoasa,leaf_sample,healthy,532.txt,in cutie\Set frunze 2\sanatoasa\spectru\532.txt,532,532,470.0,480.0,475.201,318.818261,320.9,35.534312,23.0
in cutie\Set frunze 2\sanatoasa,leaf_sample,healthy,532.txt,in cutie\Set frunze 2\sanatoasa\spectru\532.txt,532,532,480.0,490.0,485.182913,306.762609,313.34,32.895386,23.0
in cutie\Set frunze 2\sanatoasa,leaf_sample,healthy,532.txt,in cutie\Set frunze 2\sanatoasa\spectru\532.txt,532,532,490.0,500.0,495.139043,324.845652,323.42,36.586238,23.0
in cutie\Set frunze 2\sanatoasa,leaf_sample,healthy,532.txt,in cutie\Set frunze 2\sanatoasa\spectru\532.txt,532,532,500.0,510.0,505.069348,312.791304,315.86,34.67227,23.0
in cutie\Set frunze 2\sanatoasa,leaf_sample,healthy,532.txt,in cutie\Set frunze 2\sanatoasa\spectru\532.txt,532,532,510.0,520.0,514.973652,317.393913,320.9,30.930461,23.0
in cutie\Set frunze 2\sanatoasa,leaf_sample,healthy,532.txt,in cutie\Set frunze 2\sanatoasa\spectru\532.txt,532,532,520.0,530.0,525.066167,349.572083,337.28,29.21353,24.0
in cutie\Set frunze 2\sanatoasa,leaf_sample,healthy,532.txt,in cutie\Set frunze 2\sanatoasa\spectru\532.txt,532,532,530.0,540.0,535.131478,358.92913,368.79,34.893602,23.0
in cutie\Set frunze 2\sanatoasa,leaf_sample,healthy,532.txt,in cutie\Set frunze 2\sanatoasa\spectru\532.txt,532,532,540.0,550.0,544.956,367.366957,366.27,32.287458,23.0
in cutie\Set frunze 2\sanatoasa,leaf_sample,healthy,532.txt,in cutie\Set frunze 2\sanatoasa\spectru\532.txt,532,532,550.0,560.0,554.966667,352.723333,361.23,43.814128,24.0
in cutie\Set frunze 2\sanatoasa,leaf_sample,healthy,532.txt,in cutie\Set frunze 2\sanatoasa\spectru\532.txt,532,532,560.0,570.0,564.949739,337.668261,330.98,38.209213,23.0
in cutie\Set frunze 2\sanatoasa,leaf_sample,healthy,532.txt,in cutie\Set frunze 2\sanatoasa\spectru\532.txt,532,532,570.0,580.0,574.905,306.512083,303.26,29.470908,24.0
in cutie\Set frunze 2\sanatoasa,leaf_sample,healthy,532.txt,in cutie\Set frunze 2\sanatoasa\spectru\532.txt,532,532,580.0,590.0,585.043208,316.910417,312.08,29.393521,24.0
in cutie\Set frunze 2\sanatoasa,leaf_sample,healthy,532.txt,in cutie\Set frunze 2\sanatoasa\spectru\532.txt,532,532,590.0,600.0,595.152042,329.091667,332.24,38.989804,24.0
in cutie\Set frunze 2\sanatoasa,leaf_sample,healthy,532.txt,in cutie\Set frunze 2\sanatoasa\spectru\532.txt,532,532,600.0,610.0,605.02213,312.681739,308.3,35.305776,23.0
in cutie\Set frunze 2\sanatoasa,leaf_sample,healthy,532.txt,in cutie\Set frunze 2\sanatoasa\spectru\532.txt,532,532,610.0,620.0,614.863458,308.823333,313.34,24.995151,24.0
in cutie\Set frunze 2\sanatoasa,leaf_sample,healthy,532.txt,in cutie\Set frunze 2\sanatoasa\spectru\532.txt,532,532,620.0,630.0,624.885125,321.00625,322.16,29.253443,24.0
in cutie\Set frunze 2\sanatoasa,leaf_sample,healthy,532.txt,in cutie\Set frunze 2\sanatoasa\spectru\532.txt,532,532,630.0,640.0,634.876917,328.14625,328.46,48.779407,24.0
in cutie\Set frunze 2\sanatoasa,leaf_sample,healthy,532.txt,in cutie\Set frunze 2\sanatoasa\spectru\532.txt,532,532,640.0,650.0,644.83875,313.549167,313.34,25.184003,24.0
in cutie\Set frunze 2\sanatoasa,leaf_sample,healthy,532.txt,in cutie\Set frunze 2\sanatoasa\spectru\532.txt,532,532,650.0,660.0,654.97728,297.6104,288.13,35.124679,25.0
in cutie\Set frunze 2\sanatoasa,leaf_sample,healthy,532.txt,in cutie\Set frunze 2\sanatoasa\spectru\532.txt,532,532,660.0,670.0,665.084458,317.855833,313.34,37.230606,24.0
in cutie\Set frunze 2\sanatoasa,leaf_sample,healthy,532.txt,in cutie\Set frunze 2\sanatoasa\spectru\532.txt,532,532,670.0,680.0,674.95475,321.216667,320.9,31.45965,24.0
in cutie\Set frunze 2\sanatoasa,leaf_sample,healthy,532.txt,in cutie\Set frunze 2\sanatoasa\spectru\532.txt,532,532,680.0,690.0,684.9992,326.1436,318.38,36.789465,25.0
in cutie\Set frunze 2\sanatoasa,leaf_sample,healthy,532.txt,in cutie\Set frunze 2\sanatoasa\spectru\532.txt,532,532,690.0,700.0,695.012,320.060833,323.42,32.836983,24.0
in cutie\Set frunze 2\sanatoasa,leaf_sample,healthy,532.txt,in cutie\Set frunze 2\sanatoasa\spectru\532.txt,532,532,700.0,710.0,704.99268,312.7348,315.86,31.581011,25.0
in cutie\Set frunze 2\sanatoasa,leaf_sample,healthy,532.txt,in cutie\Set frunze 2\sanatoasa\spectru\532.txt,532,532,710.0,720.0,714.9415,320.27125,324.68,31.53444,24.0
in cutie\Set frunze 2\sanatoasa,leaf_sample,healthy,532.txt,in cutie\Set frunze 2\sanatoasa\spectru\532.txt,532,532,720.0,730.0,724.85784,322.514,320.9,30.902081,25.0
in cutie\Set frunze 2\sanatoasa,leaf_sample,healthy,532.txt,in cutie\Set frunze 2\sanatoasa\spectru\532.txt,532,532,730.0,740.0,734.94336,320.5992,318.38,36.695357,25.0
in cutie\Set frunze 2\sanatoasa,leaf_sample,healthy,532.txt,in cutie\Set frunze 2\sanatoasa\spectru\532.txt,532,532,740.0,750.0,744.99528,315.356,315.86,34.743957,25.0
in cutie\Set frunze 2\sanatoasa,leaf_sample,healthy,532.txt,in cutie\Set frunze 2\sanatoasa\spectru\532.txt,532,532,750.0,760.0,755.01288,313.8432,308.3,27.832007,25.0
in cutie\Set frunze 2\sanatoasa,leaf_sample,healthy,532.txt,in cutie\Set frunze 2\sanatoasa\spectru\532.txt,532,532,760.0,770.0,764.99664,319.6908,313.34,30.298102,25.0
in cutie\Set frunze 2\sanatoasa,leaf_sample,healthy,532.txt,in cutie\Set frunze 2\sanatoasa\spectru\532.txt,532,532,770.0,780.0,774.94604,325.2368,318.38,33.213924,25.0
in cutie\Set frunze 2\sanatoasa,leaf_sample,healthy,532.txt,in cutie\Set frunze 2\sanatoasa\spectru\532.txt,532,532,780.0,790.0,784.86132,306.9864,313.34,26.733014,25.0
in cutie\Set frunze 2\sanatoasa,leaf_sample,healthy,532.txt,in cutie\Set frunze 2\sanatoasa\spectru\532.txt,532,532,790.0,800.0,794.938962,311.884231,317.12,24.707171,26.0
in cutie\Set frunze 2\sanatoasa,leaf_sample,healthy,532.txt,in cutie\Set frunze 2\sanatoasa\spectru\532.txt,532,532,800.0,810.0,804.98072,308.0956,305.78,30.546853,25.0
in cutie\Set frunze 2\sanatoasa,leaf_sample,healthy,532.txt,in cutie\Set frunze 2\sanatoasa\spectru\532.txt,532,532,810.0,820.0,814.986231,327.59,327.2,38.386087,26.0
in cutie\Set frunze 2\sanatoasa,leaf_sample,healthy,532.txt,in cutie\Set frunze 2\sanatoasa\spectru\532.txt,532,532,820.0,830.0,824.95548,311.5232,313.34,39.799231,25.0
in cutie\Set frunze 2\sanatoasa,leaf_sample,healthy,532.txt,in cutie\Set frunze 2\sanatoasa\spectru\532.txt,532,532,830.0,840.0,834.888115,325.747692,328.46,34.140469,26.0
in cutie\Set frunze 2\sanatoasa,leaf_sample,healthy,532.txt,in cutie\Set frunze 2\sanatoasa\spectru\532.txt,532,532,840.0,850.0,844.977846,322.064615,322.16,36.71479,26.0
in cutie\Set frunze 2\sanatoasa,leaf_sample,healthy,532.txt,in cutie\Set frunze 2\sanatoasa\spectru\532.txt,532,532,850.0,860.0,855.029308,324.488462,327.2,21.797759,26.0
in cutie\Set frunze 2\sanatoasa,leaf_sample,healthy,532.txt,in cutie\Set frunze 2\sanatoasa\spectru\532.txt,532,532,860.0,870.0,865.042308,319.058462,325.94,37.929332,26.0
in cutie\Set frunze 2\sanatoasa,leaf_sample,healthy,532.txt,in cutie\Set frunze 2\sanatoasa\spectru\532.txt,532,532,870.0,880.0,875.016731,328.754231,336.02,30.266091,26.0
in cutie\Set frunze 2\sanatoasa,leaf_sample,healthy,532.txt,in cutie\Set frunze 2\sanatoasa\spectru\532.txt,532,532,880.0,890.0,884.952385,314.017308,317.12,33.33229,26.0
in cutie\Set frunze 2\sanatoasa,leaf_sample,healthy,532.txt,in cutie\Set frunze 2\sanatoasa\spectru\532.txt,532,532,890.0,900.0,895.039037,356.188889,318.38,169.902488,27.0
in cutie\Set frunze 2\sanatoasa,leaf_sample,healthy,532.txt,in cutie\Set frunze 2\sanatoasa\spectru\532.txt,532,532,900.0,910.0,905.085308,304.905385,309.56,25.272296,26.0
in cutie\Set frunze 2\sanatoasa,leaf_sample,healthy,532.txt,in cutie\Set frunze 2\sanatoasa\spectru\532.txt,532,532,910.0,920.0,915.090519,316.232222,318.38,31.261954,27.0
in cutie\Set frunze 2\sanatoasa,leaf_sample,healthy,532.txt,in cutie\Set frunze 2\sanatoasa\spectru\532.txt,532,532,920.0,930.0,925.055154,314.405,313.34,37.361117,26.0
in cutie\Set frunze 2\sanatoasa,leaf_sample,healthy,532.txt,in cutie\Set frunze 2\sanatoasa\spectru\532.txt,532,532,930.0,940.0,934.97837,326.128889,325.94,63.22846,27.0
in cutie\Set frunze 2\sanatoasa,leaf_sample,healthy,532.txt,in cutie\Set frunze 2\sanatoasa\spectru\532.txt,532,532,940.0,950.0,945.046519,324.634444,325.94,39.051862,27.0
in cutie\Set frunze 2\sanatoasa,leaf_sample,healthy,532.txt,in cutie\Set frunze 2\sanatoasa\spectru\532.txt,532,532,950.0,960.0,955.071815,318.472963,320.9,39.919876,27.0
in cutie\Set frunze 2\sanatoasa,leaf_sample,healthy,532.txt,in cutie\Set frunze 2\sanatoasa\spectru\532.txt,532,532,960.0,970.0,965.053815,316.606667,313.34,29.31344,27.0
in cutie\Set frunze 2\sanatoasa,leaf_sample,healthy,532.txt,in cutie\Set frunze 2\sanatoasa\spectru\532.txt,532,532,970.0,980.0,974.992481,327.80963,328.46,37.809492,27.0
in cutie\Set frunze 2\sanatoasa,leaf_sample,healthy,532.txt,in cutie\Set frunze 2\sanatoasa\spectru\532.txt,532,532,980.0,990.0,984.887556,331.169259,328.46,36.897292,27.0
in cutie\Set frunze 2\sanatoasa,leaf_sample,healthy,532.txt,in cutie\Set frunze 2\sanatoasa\spectru\532.txt,532,532,990.0,1000.0,994.920964,316.039643,308.3,32.376606,28.0
in cutie\Set frunze 2\sanatoasa,leaf_sample,healthy,532.txt,in cutie\Set frunze 2\sanatoasa\spectru\532.txt,532,532,1000.0,1010.0,1005.09,318.020714,314.6,38.649277,28.0
in cutie\Set frunze 2\sanatoasa,leaf_sample,healthy,532.txt,in cutie\Set frunze 2\sanatoasa\spectru\532.txt,532,532,1010.0,1020.0,1015.031556,319.5,320.9,32.44806,27.0
in cutie\Set frunze 2\sanatoasa,leaf_sample,healthy,532.txt,in cutie\Set frunze 2\sanatoasa\spectru\532.txt,532,532,1020.0,1030.0,1024.926857,317.120714,314.6,25.38071,28.0
in cutie\Set frunze 2\sanatoasa,leaf_sample,healthy,532.txt,in cutie\Set frunze 2\sanatoasa\spectru\532.txt,532,532,1030.0,1040.0,1032.275,316.246154,305.78,29.870535,13.0
in cutie\Set frunze 2\sanatoasa,leaf_sample,healthy,556.txt,in cutie\Set frunze 2\sanatoasa\spectru\556.txt,556,556,180.0,190.0,188.705167,-131.806667,-135.17,23.084601,6.0
in cutie\Set frunze 2\sanatoasa,leaf_sample,healthy,556.txt,in cutie\Set frunze 2\sanatoasa\spectru\556.txt,556,556,190.0,200.0,194.959762,47.87619,36.23,123.015845,21.0
in cutie\Set frunze 2\sanatoasa,leaf_sample,healthy,556.txt,in cutie\Set frunze 2\sanatoasa\spectru\556.txt,556,556,200.0,210.0,204.905818,317.735909,313.5,44.264934,22.0
in cutie\Set frunze 2\sanatoasa,leaf_sample,healthy,556.txt,in cutie\Set frunze 2\sanatoasa\spectru\556.txt,556,556,210.0,220.0,215.0625,307.654091,308.46,39.857448,22.0
in cutie\Set frunze 2\sanatoasa,leaf_sample,healthy,556.txt,in cutie\Set frunze 2\sanatoasa\spectru\556.txt,556,556,220.0,230.0,224.968333,291.052381,295.85,26.054767,21.0
in cutie\Set frunze 2\sanatoasa,leaf_sample,healthy,556.txt,in cutie\Set frunze 2\sanatoasa\spectru\556.txt,556,556,230.0,240.0,234.853682,309.029545,305.94,23.472831,22.0
in cutie\Set frunze 2\sanatoasa,leaf_sample,healthy,556.txt,in cutie\Set frunze 2\sanatoasa\spectru\556.txt,556,556,240.0,250.0,244.948455,317.621364,300.89,71.854995,22.0
in cutie\Set frunze 2\sanatoasa,leaf_sample,healthy,556.txt,in cutie\Set frunze 2\sanatoasa\spectru\556.txt,556,556,250.0,260.0,255.021727,305.705909,304.675,24.163792,22.0
in cutie\Set frunze 2\sanatoasa,leaf_sample,healthy,556.txt,in cutie\Set frunze 2\sanatoasa\spectru\556.txt,556,556,260.0,270.0,265.073818,311.892727,304.675,30.137379,22.0
in cutie\Set frunze 2\sanatoasa,leaf_sample,healthy,556.txt,in cutie\Set frunze 2\sanatoasa\spectru\556.txt,556,556,270.0,280.0,275.104455,308.685909,317.28,27.621302,22.0
in cutie\Set frunze 2\sanatoasa,leaf_sample,healthy,556.txt,in cutie\Set frunze 2\sanatoasa\spectru\556.txt,556,556,280.0,290.0,285.113545,315.903636,317.28,33.880425,22.0
in cutie\Set frunze 2\sanatoasa,leaf_sample,healthy,556.txt,in cutie\Set frunze 2\sanatoasa\spectru\556.txt,556,556,290.0,300.0,295.101045,332.171364,331.14,35.512697,22.0
in cutie\Set frunze 2\sanatoasa,leaf_sample,healthy,556.txt,in cutie\Set frunze 2\sanatoasa\spectru\556.txt,556,556,300.0,310.0,305.066727,314.413182,318.54,38.221799,22.0
in cutie\Set frunze 2\sanatoasa,leaf_sample,healthy,556.txt,in cutie\Set frunze 2\sanatoasa\spectru\556.txt,556,556,310.0,320.0,315.010682,321.975455,318.54,39.325264,22.0
in cutie\Set frunze 2\sanatoasa,leaf_sample,healthy,556.txt,in cutie\Set frunze 2\sanatoasa\spectru\556.txt,556,556,320.0,330.0,324.932818,323.579091,324.84,25.089714,22.0
in cutie\Set frunze 2\sanatoasa,leaf_sample,healthy,556.txt,in cutie\Set frunze 2\sanatoasa\spectru\556.txt,556,556,330.0,340.0,334.832955,325.525909,332.4,33.351038,22.0
in cutie\Set frunze 2\sanatoasa,leaf_sample,healthy,556.txt,in cutie\Set frunze 2\sanatoasa\spectru\556.txt,556,556,340.0,350.0,344.935087,343.524348,336.18,63.834231,23.0
in cutie\Set frunze 2\sanatoasa,leaf_sample,healthy,556.txt,in cutie\Set frunze 2\sanatoasa\spectru\556.txt,556,556,350.0,360.0,355.014136,329.079091,331.14,31.479376,22.0
in cutie\Set frunze 2\sanatoasa,leaf_sample,healthy,556.txt,in cutie\Set frunze 2\sanatoasa\spectru\556.txt,556,556,360.0,370.0,365.069739,323.470435,326.1,38.753639,23.0
in cutie\Set frunze 2\sanatoasa,leaf_sample,healthy,556.txt,in cutie\Set frunze 2\sanatoasa\spectru\556.txt,556,556,370.0,380.0,375.102227,338.015909,337.44,30.334502,22.0
in cutie\Set frunze 2\sanatoasa,leaf_sample,healthy,556.txt,in cutie\Set frunze 2\sanatoasa\spectru\556.txt,556,556,380.0,390.0,385.110913,326.317826,331.14,43.255894,23.0
in cutie\Set frunze 2\sanatoasa,leaf_sample,healthy,556.txt,in cutie\Set frunze 2\sanatoasa\spectru\556.txt,556,556,390.0,400.0,395.096045,341.222727,331.14,46.15962,22.0
in cutie\Set frunze 2\sanatoasa,leaf_sample,healthy,556.txt,in cutie\Set frunze 2\sanatoasa\spectru\556.txt,556,556,400.0,410.0,405.057435,330.373913,331.14,36.438561,23.0
in cutie\Set frunze 2\sanatoasa,leaf_sample,healthy,556.txt,in cutie\Set frunze 2\sanatoasa\spectru\556.txt,556,556,410.0,420.0,414.995091,331.828182,333.66,49.341808,22.0
in cutie\Set frunze 2\sanatoasa,leaf_sample,healthy,556.txt,in cutie\Set frunze 2\sanatoasa\spectru\556.txt,556,556,420.0,430.0,424.908696,328.620435,333.66,33.9798,23.0
in cutie\Set frunze 2\sanatoasa,leaf_sample,healthy,556.txt,in cutie\Set frunze 2\sanatoasa\spectru\556.txt,556,556,430.0,440.0,435.01787,322.593043,321.06,27.000971,23.0
in cutie\Set frunze 2\sanatoasa,leaf_sample,healthy,556.txt,in cutie\Set frunze 2\sanatoasa\spectru\556.txt,556,556,440.0,450.0,445.101783,322.482609,333.66,33.495734,23.0
in cutie\Set frunze 2\sanatoasa,leaf_sample,healthy,556.txt,in cutie\Set frunze 2\sanatoasa\spectru\556.txt,556,556,450.0,460.0,455.160348,320.729565,318.54,38.887409,23.0
in cutie\Set frunze 2\sanatoasa,leaf_sample,healthy,556.txt,in cutie\Set frunze 2\sanatoasa\spectru\556.txt,556,556,460.0,470.0,465.193435,326.428696,323.58,39.938295,23.0
in cutie\Set frunze 2\sanatoasa,leaf_sample,healthy,556.txt,in cutie\Set frunze 2\sanatoasa\spectru\556.txt,556,556,470.0,480.0,475.201,337.606522,333.66,40.395158,23.0
in cutie\Set frunze 2\sanatoasa,leaf_sample,healthy,556.txt,in cutie\Set frunze 2\sanatoasa\spectru\556.txt,556,556,480.0,490.0,485.182913,339.58,336.18,43.769098,23.0
in cutie\Set frunze 2\sanatoasa,leaf_sample,healthy,556.txt,in cutie\Set frunze 2\sanatoasa\spectru\556.txt,556,556,490.0,500.0,495.139043,325.223478,326.1,25.785945,23.0
in cutie\Set frunze 2\sanatoasa,leaf_sample,healthy,556.txt,in cutie\Set frunze 2\sanatoasa\spectru\556.txt,556,556,500.0,510.0,505.069348,343.524348,341.22,28.689176,23.0
in cutie\Set frunze 2\sanatoasa,leaf_sample,healthy,556.txt,in cutie\Set frunze 2\sanatoasa\spectru\556.txt,556,556,510.0,520.0,514.973652,337.168696,326.1,43.888922,23.0
in cutie\Set frunze 2\sanatoasa,leaf_sample,healthy,556.txt,in cutie\Set frunze 2\sanatoasa\spectru\556.txt,556,556,520.0,530.0,525.066167,337.337917,337.44,35.71325,24.0
in cutie\Set frunze 2\sanatoasa,leaf_sample,healthy,556.txt,in cutie\Set frunze 2\sanatoasa\spectru\556.txt,556,556,530.0,540.0,535.131478,363.250435,353.83,29.112664,23.0
in cutie\Set frunze 2\sanatoasa,leaf_sample,healthy,556.txt,in cutie\Set frunze 2\sanatoasa\spectru\556.txt,556,556,540.0,550.0,544.956,387.031739,386.59,33.781563,23.0
in cutie\Set frunze 2\sanatoasa,leaf_sample,healthy,556.txt,in cutie\Set frunze 2\sanatoasa\spectru\556.txt,556,556,550.0,560.0,554.966667,382.917917,376.51,28.544517,24.0
in cutie\Set frunze 2\sanatoasa,leaf_sample,healthy,556.txt,in cutie\Set frunze 2\sanatoasa\spectru\556.txt,556,556,560.0,570.0,564.949739,363.250435,368.95,36.35401,23.0
in cutie\Set frunze 2\sanatoasa,leaf_sample,healthy,556.txt,in cutie\Set frunze 2\sanatoasa\spectru\556.txt,556,556,570.0,580.0,574.905,346.998333,345.0,29.127142,24.0
in cutie\Set frunze 2\sanatoasa,leaf_sample,healthy,556.txt,in cutie\Set frunze 2\sanatoasa\spectru\556.txt,556,556,580.0,590.0,585.043208,321.268333,329.88,27.800313,24.0
in cutie\Set frunze 2\sanatoasa,leaf_sample,healthy,556.txt,in cutie\Set frunze 2\sanatoasa\spectru\556.txt,556,556,590.0,600.0,595.152042,338.492917,347.52,26.21448,24.0
in cutie\Set frunze 2\sanatoasa,leaf_sample,healthy,556.txt,in cutie\Set frunze 2\sanatoasa\spectru\556.txt,556,556,600.0,610.0,605.02213,329.496522,326.1,44.290296,23.0
in cutie\Set frunze 2\sanatoasa,leaf_sample,healthy,556.txt,in cutie\Set frunze 2\sanatoasa\spectru\556.txt,556,556,610.0,620.0,614.863458,324.419167,319.8,34.901593,24.0
in cutie\Set frunze 2\sanatoasa,leaf_sample,healthy,556.txt,in cutie\Set frunze 2\sanatoasa\spectru\556.txt,556,556,620.0,630.0,624.885125,325.15375,327.36,38.133739,24.0
in cutie\Set frunze 2\sanatoasa,leaf_sample,healthy,556.txt,in cutie\Set frunze 2\sanatoasa\spectru\556.txt,556,556,630.0,640.0,634.876917,348.47,345.0,47.330738,24.0
in cutie\Set frunze 2\sanatoasa,leaf_sample,healthy,556.txt,in cutie\Set frunze 2\sanatoasa\spectru\556.txt,556,556,640.0,650.0,644.83875,333.03125,332.4,35.184418,24.0
in cutie\Set frunze 2\sanatoasa,leaf_sample,healthy,556.txt,in cutie\Set frunze 2\sanatoasa\spectru\556.txt,556,556,650.0,660.0,654.97728,329.8304,321.06,37.779496,25.0
in cutie\Set frunze 2\sanatoasa,leaf_sample,healthy,556.txt,in cutie\Set frunze 2\sanatoasa\spectru\556.txt,556,556,660.0,670.0,665.084458,337.022083,341.22,32.350887,24.0
in cutie\Set frunze 2\sanatoasa,leaf_sample,healthy,556.txt,in cutie\Set frunze 2\sanatoasa\spectru\556.txt,556,556,670.0,680.0,674.95475,330.826667,331.14,27.227105,24.0
in cutie\Set frunze 2\sanatoasa,leaf_sample,healthy,556.txt,in cutie\Set frunze 2\sanatoasa\spectru\556.txt,556,556,680.0,690.0,684.9992,328.9228,328.62,30.257246,25.0
in cutie\Set frunze 2\sanatoasa,leaf_sample,healthy,556.txt,in cutie\Set frunze 2\sanatoasa\spectru\556.txt,556,556,690.0,700.0,695.012,332.506667,338.7,38.220127,24.0
in cutie\Set frunze 2\sanatoasa,leaf_sample,healthy,556.txt,in cutie\Set frunze 2\sanatoasa\spectru\556.txt,556,556,700.0,710.0,704.99268,329.6292,328.62,31.050759,25.0
in cutie\Set frunze 2\sanatoasa,leaf_sample,healthy,556.txt,in cutie\Set frunze 2\sanatoasa\spectru\556.txt,556,556,710.0,720.0,714.9415,344.163333,341.22,25.7322,24.0
in cutie\Set frunze 2\sanatoasa,leaf_sample,healthy,556.txt,in cutie\Set frunze 2\sanatoasa\spectru\556.txt,556,556,720.0,730.0,724.85784,321.5632,328.62,32.670445,25.0
in cutie\Set frunze 2\sanatoasa,leaf_sample,healthy,556.txt,in cutie\Set frunze 2\sanatoasa\spectru\556.txt,556,556,730.0,740.0,734.94336,336.2828,333.66,35.76241,25.0
in cutie\Set frunze 2\sanatoasa,leaf_sample,healthy,556.txt,in cutie\Set frunze 2\sanatoasa\spectru\556.txt,556,556,740.0,750.0,744.99528,330.8388,328.62,31.297768,25.0
in cutie\Set frunze 2\sanatoasa,leaf_sample,healthy,556.txt,in cutie\Set frunze 2\sanatoasa\spectru\556.txt,556,556,750.0,760.0,755.01288,334.5688,336.18,29.333732,25.0
in cutie\Set frunze 2\sanatoasa,leaf_sample,healthy,556.txt,in cutie\Set frunze 2\sanatoasa\spectru\556.txt,556,556,760.0,770.0,764.99664,327.108,326.1,31.296093,25.0
in cutie\Set frunze 2\sanatoasa,leaf_sample,healthy,556.txt,in cutie\Set frunze 2\sanatoasa\spectru\556.txt,556,556,770.0,780.0,774.94604,328.8224,333.66,43.605322,25.0
in cutie\Set frunze 2\sanatoasa,leaf_sample,healthy,556.txt,in cutie\Set frunze 2\sanatoasa\spectru\556.txt,556,556,780.0,790.0,784.86132,322.1672,321.06,26.865144,25.0
in cutie\Set frunze 2\sanatoasa,leaf_sample,healthy,556.txt,in cutie\Set frunze 2\sanatoasa\spectru\556.txt,556,556,790.0,800.0,794.938962,323.481538,326.1,24.809436,26.0
in cutie\Set frunze 2\sanatoasa,leaf_sample,healthy,556.txt,in cutie\Set frunze 2\sanatoasa\spectru\556.txt,556,556,800.0,810.0,804.98072,338.3992,338.7,34.848277,25.0
in cutie\Set frunze 2\sanatoasa,leaf_sample,healthy,556.txt,in cutie\Set frunze 2\sanatoasa\spectru\556.txt,556,556,810.0,820.0,814.986231,316.113846,319.8,33.950342,26.0
in cutie\Set frunze 2\sanatoasa,leaf_sample,healthy,556.txt,in cutie\Set frunze 2\sanatoasa\spectru\556.txt,556,556,820.0,830.0,824.95548,328.2168,336.18,30.066247,25.0
in cutie\Set frunze 2\sanatoasa,leaf_sample,healthy,556.txt,in cutie\Set frunze 2\sanatoasa\spectru\556.txt,556,556,830.0,840.0,834.888115,330.074231,334.92,34.312957,26.0
in cutie\Set frunze 2\sanatoasa,leaf_sample,healthy,556.txt,in cutie\Set frunze 2\sanatoasa\spectru\556.txt,556,556,840.0,850.0,844.977846,324.451154,331.14,38.639738,26.0
in cutie\Set frunze 2\sanatoasa,leaf_sample,healthy,556.txt,in cutie\Set frunze 2\sanatoasa\spectru\556.txt,556,556,850.0,860.0,855.029308,333.758462,334.92,33.704176,26.0
in cutie\Set frunze 2\sanatoasa,leaf_sample,healthy,556.txt,in cutie\Set frunze 2\sanatoasa\spectru\556.txt,556,556,860.0,870.0,865.042308,340.544615,339.96,37.799429,26.0
in cutie\Set frunze 2\sanatoasa,leaf_sample,healthy,556.txt,in cutie\Set frunze 2\sanatoasa\spectru\556.txt,556,556,870.0,880.0,875.016731,339.865769,337.44,35.846982,26.0
in cutie\Set frunze 2\sanatoasa,leaf_sample,healthy,556.txt,in cutie\Set frunze 2\sanatoasa\spectru\556.txt,556,556,880.0,890.0,884.952385,340.447692,351.31,30.710643,26.0
in cutie\Set frunze 2\sanatoasa,leaf_sample,healthy,556.txt,in cutie\Set frunze 2\sanatoasa\spectru\556.txt,556,556,890.0,900.0,895.039037,365.122963,333.66,170.063349,27.0
in cutie\Set frunze 2\sanatoasa,leaf_sample,healthy,556.txt,in cutie\Set frunze 2\sanatoasa\spectru\556.txt,556,556,900.0,910.0,905.085308,325.421154,329.88,34.216535,26.0
in cutie\Set frunze 2\sanatoasa,leaf_sample,healthy,556.txt,in cutie\Set frunze 2\sanatoasa\spectru\556.txt,556,556,910.0,920.0,915.090519,334.686667,333.66,32.779634,27.0
in cutie\Set frunze 2\sanatoasa,leaf_sample,healthy,556.txt,in cutie\Set frunze 2\sanatoasa\spectru\556.txt,556,556,920.0,930.0,925.055154,325.325,318.54,33.915114,26.0
in cutie\Set frunze 2\sanatoasa,leaf_sample,healthy,556.txt,in cutie\Set frunze 2\sanatoasa\spectru\556.txt,556,556,930.0,940.0,934.97837,347.851111,336.18,70.493513,27.0
in cutie\Set frunze 2\sanatoasa,leaf_sample,healthy,556.txt,in cutie\Set frunze 2\sanatoasa\spectru\556.txt,556,556,940.0,950.0,945.046519,329.46037,326.1,31.458823,27.0
in cutie\Set frunze 2\sanatoasa,leaf_sample,healthy,556.txt,in cutie\Set frunze 2\sanatoasa\spectru\556.txt,556,556,950.0,960.0,955.071815,336.554815,336.18,34.32612,27.0
in cutie\Set frunze 2\sanatoasa,leaf_sample,healthy,556.txt,in cutie\Set frunze 2\sanatoasa\spectru\556.txt,556,556,960.0,970.0,965.053815,340.195926,341.22,28.748308,27.0
in cutie\Set frunze 2\sanatoasa,leaf_sample,healthy,556.txt,in cutie\Set frunze 2\sanatoasa\spectru\556.txt,556,556,970.0,980.0,974.992481,328.620741,331.14,32.080707,27.0
in cutie\Set frunze 2\sanatoasa,leaf_sample,healthy,556.txt,in cutie\Set frunze 2\sanatoasa\spectru\556.txt,556,556,980.0,990.0,984.887556,328.806296,336.18,35.480606,27.0
in cutie\Set frunze 2\sanatoasa,leaf_sample,healthy,556.txt,in cutie\Set frunze 2\sanatoasa\spectru\556.txt,556,556,990.0,1000.0,994.920964,340.952857,341.22,29.635821,28.0
in cutie\Set frunze 2\sanatoasa,leaf_sample,healthy,556.txt,in cutie\Set frunze 2\sanatoasa\spectru\556.txt,556,556,1000.0,1010.0,1005.09,326.009643,342.48,38.777771,28.0
in cutie\Set frunze 2\sanatoasa,leaf_sample,healthy,556.txt,in cutie\Set frunze 2\sanatoasa\spectru\556.txt,556,556,1010.0,1020.0,1015.031556,330.766667,331.14,26.892197,27.0
in cutie\Set frunze 2\sanatoasa,leaf_sample,healthy,556.txt,in cutie\Set frunze 2\sanatoasa\spectru\556.txt,556,556,1020.0,1030.0,1024.926857,327.540357,317.28,36.286125,28.0
in cutie\Set frunze 2\sanatoasa,leaf_sample,healthy,556.txt,in cutie\Set frunze 2\sanatoasa\spectru\556.txt,556,556,1030.0,1040.0,1032.275,328.038462,316.02,34.561967,13.0
in cutie\Set frunze 2\sanatoasa,leaf_sample,healthy,680.txt,in cutie\Set frunze 2\sanatoasa\spectru\680.txt,680,680,180.0,190.0,188.705167,-104.655,-86.17,26.782324,6.0
in cutie\Set frunze 2\sanatoasa,leaf_sample,healthy,680.txt,in cutie\Set frunze 2\sanatoasa\spectru\680.txt,680,680,190.0,200.0,194.959762,48.858095,62.54,119.709374,21.0
in cutie\Set frunze 2\sanatoasa,leaf_sample,healthy,680.txt,in cutie\Set frunze 2\sanatoasa\spectru\680.txt,680,680,200.0,210.0,204.905818,310.016818,315.86,38.44218,22.0
in cutie\Set frunze 2\sanatoasa,leaf_sample,healthy,680.txt,in cutie\Set frunze 2\sanatoasa\spectru\680.txt,680,680,210.0,220.0,215.0625,313.681818,307.04,44.545903,22.0
in cutie\Set frunze 2\sanatoasa,leaf_sample,healthy,680.txt,in cutie\Set frunze 2\sanatoasa\spectru\680.txt,680,680,220.0,230.0,224.968333,292.754286,286.87,42.266101,21.0
in cutie\Set frunze 2\sanatoasa,leaf_sample,healthy,680.txt,in cutie\Set frunze 2\sanatoasa\spectru\680.txt,680,680,230.0,240.0,234.853682,281.603636,278.05,32.731339,22.0
in cutie\Set frunze 2\sanatoasa,leaf_sample,healthy,680.txt,in cutie\Set frunze 2\sanatoasa\spectru\680.txt,680,680,240.0,250.0,244.948455,316.662273,304.52,67.178377,22.0
in cutie\Set frunze 2\sanatoasa,leaf_sample,healthy,680.txt,in cutie\Set frunze 2\sanatoasa\spectru\680.txt,680,680,250.0,260.0,255.021727,306.579091,309.56,36.381106,22.0
in cutie\Set frunze 2\sanatoasa,leaf_sample,healthy,680.txt,in cutie\Set frunze 2\sanatoasa\spectru\680.txt,680,680,260.0,270.0,265.073818,307.840455,307.04,32.92933,22.0
in cutie\Set frunze 2\sanatoasa,leaf_sample,healthy,680.txt,in cutie\Set frunze 2\sanatoasa\spectru\680.txt,680,680,270.0,280.0,275.104455,312.767727,310.82,33.023818,22.0
in cutie\Set frunze 2\sanatoasa,leaf_sample,healthy,680.txt,in cutie\Set frunze 2\sanatoasa\spectru\680.txt,680,680,280.0,290.0,285.113545,327.89,325.94,34.646065,22.0
in cutie\Set frunze 2\sanatoasa,leaf_sample,healthy,680.txt,in cutie\Set frunze 2\sanatoasa\spectru\680.txt,680,680,290.0,300.0,295.101045,316.432273,315.86,39.388955,22.0
in cutie\Set frunze 2\sanatoasa,leaf_sample,healthy,680.txt,in cutie\Set frunze 2\sanatoasa\spectru\680.txt,680,680,300.0,310.0,305.066727,310.131818,309.56,26.55508,22.0
in cutie\Set frunze 2\sanatoasa,leaf_sample,healthy,680.txt,in cutie\Set frunze 2\sanatoasa\spectru\680.txt,680,680,310.0,320.0,315.010682,302.913182,308.3,39.119604,22.0
in cutie\Set frunze 2\sanatoasa,leaf_sample,healthy,680.txt,in cutie\Set frunze 2\sanatoasa\spectru\680.txt,680,680,320.0,330.0,324.932818,314.943636,314.6,30.637893,22.0
in cutie\Set frunze 2\sanatoasa,leaf_sample,healthy,680.txt,in cutie\Set frunze 2\sanatoasa\spectru\680.txt,680,680,330.0,340.0,334.832955,301.653182,293.17,42.260615,22.0
in cutie\Set frunze 2\sanatoasa,leaf_sample,healthy,680.txt,in cutie\Set frunze 2\sanatoasa\spectru\680.txt,680,680,340.0,350.0,344.935087,334.216087,337.28,65.145672,23.0
in cutie\Set frunze 2\sanatoasa,leaf_sample,healthy,680.txt,in cutie\Set frunze 2\sanatoasa\spectru\680.txt,680,680,350.0,360.0,355.014136,316.546818,318.38,47.805028,22.0
in cutie\Set frunze 2\sanatoasa,leaf_sample,healthy,680.txt,in cutie\Set frunze 2\sanatoasa\spectru\680.txt,680,680,360.0,370.0,365.069739,323.038696,314.6,30.215776,23.0
in cutie\Set frunze 2\sanatoasa,leaf_sample,healthy,680.txt,in cutie\Set frunze 2\sanatoasa\spectru\680.txt,680,680,370.0,380.0,375.102227,324.796364,325.94,35.464166,22.0
in cutie\Set frunze 2\sanatoasa,leaf_sample,healthy,680.txt,in cutie\Set frunze 2\sanatoasa\spectru\680.txt,680,680,380.0,390.0,385.110913,329.942174,319.64,38.564146,23.0
in cutie\Set frunze 2\sanatoasa,leaf_sample,healthy,680.txt,in cutie\Set frunze 2\sanatoasa\spectru\680.txt,680,680,390.0,400.0,395.096045,319.984091,317.12,36.187052,22.0
in cutie\Set frunze 2\sanatoasa,leaf_sample,healthy,680.txt,in cutie\Set frunze 2\sanatoasa\spectru\680.txt,680,680,400.0,410.0,405.057435,315.366087,317.12,24.306607,23.0
in cutie\Set frunze 2\sanatoasa,leaf_sample,healthy,680.txt,in cutie\Set frunze 2\sanatoasa\spectru\680.txt,680,680,410.0,420.0,414.995091,328.577273,318.38,53.716646,22.0
in cutie\Set frunze 2\sanatoasa,leaf_sample,healthy,680.txt,in cutie\Set frunze 2\sanatoasa\spectru\680.txt,680,680,420.0,430.0,424.908696,323.036957,327.2,28.697205,23.0
in cutie\Set frunze 2\sanatoasa,leaf_sample,healthy,680.txt,in cutie\Set frunze 2\sanatoasa\spectru\680.txt,680,680,430.0,440.0,435.01787,318.873913,319.64,39.605772,23.0
in cutie\Set frunze 2\sanatoasa,leaf_sample,healthy,680.txt,in cutie\Set frunze 2\sanatoasa\spectru\680.txt,680,680,440.0,450.0,445.101783,332.572609,332.24,41.439633,23.0
in cutie\Set frunze 2\sanatoasa,leaf_sample,healthy,680.txt,in cutie\Set frunze 2\sanatoasa\spectru\680.txt,680,680,450.0,460.0,455.160348,326.325217,332.24,31.782742,23.0
in cutie\Set frunze 2\sanatoasa,leaf_sample,healthy,680.txt,in cutie\Set frunze 2\sanatoasa\spectru\680.txt,680,680,460.0,470.0,465.193435,315.805652,304.52,40.288322,23.0
in cutie\Set frunze 2\sanatoasa,leaf_sample,healthy,680.txt,in cutie\Set frunze 2\sanatoasa\spectru\680.txt,680,680,470.0,480.0,475.201,317.668261,317.12,32.525982,23.0
in cutie\Set frunze 2\sanatoasa,leaf_sample,healthy,680.txt,in cutie\Set frunze 2\sanatoasa\spectru\680.txt,680,680,480.0,490.0,485.182913,312.626957,314.6,36.137938,23.0
in cutie\Set frunze 2\sanatoasa,leaf_sample,healthy,680.txt,in cutie\Set frunze 2\sanatoasa\spectru\680.txt,680,680,490.0,500.0,495.139043,306.16087,314.6,35.262491,23.0
in cutie\Set frunze 2\sanatoasa,leaf_sample,healthy,680.txt,in cutie\Set frunze 2\sanatoasa\spectru\680.txt,680,680,500.0,510.0,505.069348,328.07913,319.64,50.807469,23.0
in cutie\Set frunze 2\sanatoasa,leaf_sample,healthy,680.txt,in cutie\Set frunze 2\sanatoasa\spectru\680.txt,680,680,510.0,520.0,514.973652,332.791304,342.33,30.237548,23.0
in cutie\Set frunze 2\sanatoasa,leaf_sample,healthy,680.txt,in cutie\Set frunze 2\sanatoasa\spectru\680.txt,680,680,520.0,530.0,525.066167,323.527083,323.42,24.077895,24.0
in cutie\Set frunze 2\sanatoasa,leaf_sample,healthy,680.txt,in cutie\Set frunze 2\sanatoasa\spectru\680.txt,680,680,530.0,540.0,535.131478,324.353478,319.64,32.299451,23.0
in cutie\Set frunze 2\sanatoasa,leaf_sample,healthy,680.txt,in cutie\Set frunze 2\sanatoasa\spectru\680.txt,680,680,540.0,550.0,544.956,330.051304,324.68,34.658784,23.0
in cutie\Set frunze 2\sanatoasa,leaf_sample,healthy,680.txt,in cutie\Set frunze 2\sanatoasa\spectru\680.txt,680,680,550.0,560.0,554.966667,323.000417,328.46,35.9173,24.0
in cutie\Set frunze 2\sanatoasa,leaf_sample,healthy,680.txt,in cutie\Set frunze 2\sanatoasa\spectru\680.txt,680,680,560.0,570.0,564.949739,324.353478,327.2,30.241463,23.0
in cutie\Set frunze 2\sanatoasa,leaf_sample,healthy,680.txt,in cutie\Set frunze 2\sanatoasa\spectru\680.txt,680,680,570.0,580.0,574.905,320.585417,317.12,30.996557,24.0
in cutie\Set frunze 2\sanatoasa,leaf_sample,healthy,680.txt,in cutie\Set frunze 2\sanatoasa\spectru\680.txt,680,680,580.0,590.0,585.043208,315.124167,318.38,27.602029,24.0
in cutie\Set frunze 2\sanatoasa,leaf_sample,healthy,680.txt,in cutie\Set frunze 2\sanatoasa\spectru\680.txt,680,680,590.0,600.0,595.152042,312.288333,307.04,30.577401,24.0
in cutie\Set frunze 2\sanatoasa,leaf_sample,healthy,680.txt,in cutie\Set frunze 2\sanatoasa\spectru\680.txt,680,680,600.0,610.0,605.02213,318.763913,319.64,28.715628,23.0
in cutie\Set frunze 2\sanatoasa,leaf_sample,healthy,680.txt,in cutie\Set frunze 2\sanatoasa\spectru\680.txt,680,680,610.0,620.0,614.863458,319.850417,325.94,31.717117,24.0
in cutie\Set frunze 2\sanatoasa,leaf_sample,healthy,680.txt,in cutie\Set frunze 2\sanatoasa\spectru\680.txt,680,680,620.0,630.0,624.885125,328.777083,328.46,37.215133,24.0
in cutie\Set frunze 2\sanatoasa,leaf_sample,healthy,680.txt,in cutie\Set frunze 2\sanatoasa\spectru\680.txt,680,680,630.0,640.0,634.876917,344.006667,339.805,40.951676,24.0
in cutie\Set frunze 2\sanatoasa,leaf_sample,healthy,680.txt,in cutie\Set frunze 2\sanatoasa\spectru\680.txt,680,680,640.0,650.0,644.83875,354.92875,356.19,38.384893,24.0
in cutie\Set frunze 2\sanatoasa,leaf_sample,healthy,680.txt,in cutie\Set frunze 2\sanatoasa\spectru\680.txt,680,680,650.0,660.0,654.97728,347.468,349.89,36.328125,25.0
in cutie\Set frunze 2\sanatoasa,leaf_sample,healthy,680.txt,in cutie\Set frunze 2\sanatoasa\spectru\680.txt,680,680,660.0,670.0,665.084458,334.344167,341.065,33.515729,24.0
in cutie\Set frunze 2\sanatoasa,leaf_sample,healthy,680.txt,in cutie\Set frunze 2\sanatoasa\spectru\680.txt,680,680,670.0,680.0,674.95475,328.252917,323.42,34.971782,24.0
in cutie\Set frunze 2\sanatoasa,leaf_sample,healthy,680.txt,in cutie\Set frunze 2\sanatoasa\spectru\680.txt,680,680,680.0,690.0,684.9992,336.68,334.76,35.960424,25.0
in cutie\Set frunze 2\sanatoasa,leaf_sample,healthy,680.txt,in cutie\Set frunze 2\sanatoasa\spectru\680.txt,680,680,690.0,700.0,695.012,323.001667,319.64,33.166348,24.0
in cutie\Set frunze 2\sanatoasa,leaf_sample,healthy,680.txt,in cutie\Set frunze 2\sanatoasa\spectru\680.txt,680,680,700.0,710.0,704.99268,332.3464,342.33,31.591162,25.0
in cutie\Set frunze 2\sanatoasa,leaf_sample,healthy,680.txt,in cutie\Set frunze 2\sanatoasa\spectru\680.txt,680,680,710.0,720.0,714.9415,318.065,322.16,26.753286,24.0
in cutie\Set frunze 2\sanatoasa,leaf_sample,healthy,680.txt,in cutie\Set frunze 2\sanatoasa\spectru\680.txt,680,680,720.0,730.0,724.85784,326.0936,322.16,37.34634,25.0
in cutie\Set frunze 2\sanatoasa,leaf_sample,healthy,680.txt,in cutie\Set frunze 2\sanatoasa\spectru\680.txt,680,680,730.0,740.0,734.94336,326.7988,332.24,35.864619,25.0
in cutie\Set frunze 2\sanatoasa,leaf_sample,healthy,680.txt,in cutie\Set frunze 2\sanatoasa\spectru\680.txt,680,680,740.0,750.0,744.99528,340.7132,342.33,38.205304,25.0
in cutie\Set frunze 2\sanatoasa,leaf_sample,healthy,680.txt,in cutie\Set frunze 2\sanatoasa\spectru\680.txt,680,680,750.0,760.0,755.01288,321.2552,314.6,28.958199,25.0
in cutie\Set frunze 2\sanatoasa,leaf_sample,healthy,680.txt,in cutie\Set frunze 2\sanatoasa\spectru\680.txt,680,680,760.0,770.0,764.99664,333.6548,337.28,30.714844,25.0
in cutie\Set frunze 2\sanatoasa,leaf_sample,healthy,680.txt,in cutie\Set frunze 2\sanatoasa\spectru\680.txt,680,680,770.0,780.0,774.94604,332.4452,337.28,37.724703,25.0
in cutie\Set frunze 2\sanatoasa,leaf_sample,healthy,680.txt,in cutie\Set frunze 2\sanatoasa\spectru\680.txt,680,680,780.0,790.0,784.86132,331.7396,327.2,41.37419,25.0
in cutie\Set frunze 2\sanatoasa,leaf_sample,healthy,680.txt,in cutie\Set frunze 2\sanatoasa\spectru\680.txt,680,680,790.0,800.0,794.938962,327.784231,329.72,28.715885,26.0
in cutie\Set frunze 2\sanatoasa,leaf_sample,healthy,680.txt,in cutie\Set frunze 2\sanatoasa\spectru\680.txt,680,680,800.0,810.0,804.98072,342.7296,349.89,36.83627,25.0
in cutie\Set frunze 2\sanatoasa,leaf_sample,healthy,680.txt,in cutie\Set frunze 2\sanatoasa\spectru\680.txt,680,680,810.0,820.0,814.986231,326.330769,318.38,34.204096,26.0
in cutie\Set frunze 2\sanatoasa,leaf_sample,healthy,680.txt,in cutie\Set frunze 2\sanatoasa\spectru\680.txt,680,680,820.0,830.0,824.95548,331.0332,332.24,35.454928,25.0
in cutie\Set frunze 2\sanatoasa,leaf_sample,healthy,680.txt,in cutie\Set frunze 2\sanatoasa\spectru\680.txt,680,680,830.0,840.0,834.888115,321.482692,322.16,36.783707,26.0
in cutie\Set frunze 2\sanatoasa,leaf_sample,healthy,680.txt,in cutie\Set frunze 2\sanatoasa\spectru\680.txt,680,680,840.0,850.0,844.977846,322.355,319.64,35.05816,26.0
in cutie\Set frunze 2\sanatoasa,leaf_sample,healthy,680.txt,in cutie\Set frunze 2\sanatoasa\spectru\680.txt,680,680,850.0,860.0,855.029308,325.167308,323.42,26.537634,26.0
in cutie\Set frunze 2\sanatoasa,leaf_sample,healthy,680.txt,in cutie\Set frunze 2\sanatoasa\spectru\680.txt,680,680,860.0,870.0,865.042308,323.519615,315.86,36.461492,26.0
in cutie\Set frunze 2\sanatoasa,leaf_sample,healthy,680.txt,in cutie\Set frunze 2\sanatoasa\spectru\680.txt,680,680,870.0,880.0,875.016731,345.72,342.33,31.184934,26.0
in cutie\Set frunze 2\sanatoasa,leaf_sample,healthy,680.txt,in cutie\Set frunze 2\sanatoasa\spectru\680.txt,680,680,880.0,890.0,884.952385,320.998462,320.9,34.955764,26.0
in cutie\Set frunze 2\sanatoasa,leaf_sample,healthy,680.txt,in cutie\Set frunze 2\sanatoasa\spectru\680.txt,680,680,890.0,900.0,895.039037,361.09,332.24,173.911119,27.0
in cutie\Set frunze 2\sanatoasa,leaf_sample,healthy,680.txt,in cutie\Set frunze 2\sanatoasa\spectru\680.txt,680,680,900.0,910.0,905.085308,330.110385,324.68,41.508947,26.0
in cutie\Set frunze 2\sanatoasa,leaf_sample,healthy,680.txt,in cutie\Set frunze 2\sanatoasa\spectru\680.txt,680,680,910.0,920.0,915.090519,322.722222,324.68,26.775062,27.0
in cutie\Set frunze 2\sanatoasa,leaf_sample,healthy,680.txt,in cutie\Set frunze 2\sanatoasa\spectru\680.txt,680,680,920.0,930.0,925.055154,318.574615,319.64,30.728569,26.0
in cutie\Set frunze 2\sanatoasa,leaf_sample,healthy,680.txt,in cutie\Set frunze 2\sanatoasa\spectru\680.txt,680,680,930.0,940.0,934.97837,341.859259,339.81,57.12945,27.0
in cutie\Set frunze 2\sanatoasa,leaf_sample,healthy,680.txt,in cutie\Set frunze 2\sanatoasa\spectru\680.txt,680,680,940.0,950.0,945.046519,321.133333,322.16,32.354106,27.0
in cutie\Set frunze 2\sanatoasa,leaf_sample,healthy,680.txt,in cutie\Set frunze 2\sanatoasa\spectru\680.txt,680,680,950.0,960.0,955.071815,322.627407,329.72,36.261969,27.0
in cutie\Set frunze 2\sanatoasa,leaf_sample,healthy,680.txt,in cutie\Set frunze 2\sanatoasa\spectru\680.txt,680,680,960.0,970.0,965.053815,331.403704,324.68,40.341161,27.0
in cutie\Set frunze 2\sanatoasa,leaf_sample,healthy,680.txt,in cutie\Set frunze 2\sanatoasa\spectru\680.txt,680,680,970.0,980.0,974.992481,327.482963,322.16,33.644752,27.0
in cutie\Set frunze 2\sanatoasa,leaf_sample,healthy,680.txt,in cutie\Set frunze 2\sanatoasa\spectru\680.txt,680,680,980.0,990.0,984.887556,325.148519,327.2,32.562179,27.0
in cutie\Set frunze 2\sanatoasa,leaf_sample,healthy,680.txt,in cutie\Set frunze 2\sanatoasa\spectru\680.txt,680,680,990.0,1000.0,994.920964,310.458571,313.34,30.895003,28.0
in cutie\Set frunze 2\sanatoasa,leaf_sample,healthy,680.txt,in cutie\Set frunze 2\sanatoasa\spectru\680.txt,680,680,1000.0,1010.0,1005.09,321.801786,320.9,33.151636,28.0
in cutie\Set frunze 2\sanatoasa,leaf_sample,healthy,680.txt,in cutie\Set frunze 2\sanatoasa\spectru\680.txt,680,680,1010.0,1020.0,1015.031556,318.334074,312.08,28.955123,27.0
in cutie\Set frunze 2\sanatoasa,leaf_sample,healthy,680.txt,in cutie\Set frunze 2\sanatoasa\spectru\680.txt,680,680,1020.0,1030.0,1024.926857,331.793571,330.98,35.179406,28.0
in cutie\Set frunze 2\sanatoasa,leaf_sample,healthy,680.txt,in cutie\Set frunze 2\sanatoasa\spectru\680.txt,680,680,1030.0,1040.0,1032.275,321.773077,324.68,21.49894,13.0
in cutie\Set frunze 2\sanatoasa,leaf_sample,healthy,725.txt,in cutie\Set frunze 2\sanatoasa\spectru\725.txt,725,725,180.0,190.0,188.705167,-82.548333,-66.165,34.407913,6.0
in cutie\Set frunze 2\sanatoasa,leaf_sample,healthy,725.txt,in cutie\Set frunze 2\sanatoasa\spectru\725.txt,725,725,190.0,200.0,194.959762,44.68,18.27,105.609559,21.0
in cutie\Set frunze 2\sanatoasa,leaf_sample,healthy,725.txt,in cutie\Set frunze 2\sanatoasa\spectru\725.txt,725,725,200.0,210.0,204.905818,307.681364,316.96,42.133349,22.0
in cutie\Set frunze 2\sanatoasa,leaf_sample,healthy,725.txt,in cutie\Set frunze 2\sanatoasa\spectru\725.txt,725,725,210.0,220.0,215.0625,291.758182,291.76,28.956276,22.0
in cutie\Set frunze 2\sanatoasa,leaf_sample,healthy,725.txt,in cutie\Set frunze 2\sanatoasa\spectru\725.txt,725,725,220.0,230.0,224.968333,274.171905,272.85,22.845109,21.0
in cutie\Set frunze 2\sanatoasa,leaf_sample,healthy,725.txt,in cutie\Set frunze 2\sanatoasa\spectru\725.txt,725,725,230.0,240.0,234.853682,297.599545,295.54,32.764947,22.0
in cutie\Set frunze 2\sanatoasa,leaf_sample,healthy,725.txt,in cutie\Set frunze 2\sanatoasa\spectru\725.txt,725,725,240.0,250.0,244.948455,312.723636,304.36,60.291243,22.0
in cutie\Set frunze 2\sanatoasa,leaf_sample,healthy,725.txt,in cutie\Set frunze 2\sanatoasa\spectru\725.txt,725,725,250.0,260.0,255.021727,294.047727,293.02,34.899211,22.0
in cutie\Set frunze 2\sanatoasa,leaf_sample,healthy,725.txt,in cutie\Set frunze 2\sanatoasa\spectru\725.txt,725,725,260.0,270.0,265.073818,285.111364,281.675,34.471515,22.0
in cutie\Set frunze 2\sanatoasa,leaf_sample,healthy,725.txt,in cutie\Set frunze 2\sanatoasa\spectru\725.txt,725,725,270.0,280.0,275.104455,309.515,309.4,38.554226,22.0
in cutie\Set frunze 2\sanatoasa,leaf_sample,healthy,725.txt,in cutie\Set frunze 2\sanatoasa\spectru\725.txt,725,725,280.0,290.0,285.113545,281.674091,281.67,28.8481,22.0
in cutie\Set frunze 2\sanatoasa,leaf_sample,healthy,725.txt,in cutie\Set frunze 2\sanatoasa\spectru\725.txt,725,725,290.0,300.0,295.101045,280.299545,280.41,34.373174,22.0
in cutie\Set frunze 2\sanatoasa,leaf_sample,healthy,725.txt,in cutie\Set frunze 2\sanatoasa\spectru\725.txt,725,725,300.0,310.0,305.066727,318.795455,319.48,30.132821,22.0
in cutie\Set frunze 2\sanatoasa,leaf_sample,healthy,725.txt,in cutie\Set frunze 2\sanatoasa\spectru\725.txt,725,725,310.0,320.0,315.010682,310.089545,303.1,29.804554,22.0
in cutie\Set frunze 2\sanatoasa,leaf_sample,healthy,725.txt,in cutie\Set frunze 2\sanatoasa\spectru\725.txt,725,725,320.0,330.0,324.932818,301.266364,294.28,28.86056,22.0
in cutie\Set frunze 2\sanatoasa,leaf_sample,healthy,725.txt,in cutie\Set frunze 2\sanatoasa\spectru\725.txt,725,725,330.0,340.0,334.832955,307.910909,309.4,36.70752,22.0
in cutie\Set frunze 2\sanatoasa,leaf_sample,healthy,725.txt,in cutie\Set frunze 2\sanatoasa\spectru\725.txt,725,725,340.0,350.0,344.935087,311.099565,310.66,52.18653,23.0
in cutie\Set frunze 2\sanatoasa,leaf_sample,healthy,725.txt,in cutie\Set frunze 2\sanatoasa\spectru\725.txt,725,725,350.0,360.0,355.014136,302.525909,304.36,37.716975,22.0
in cutie\Set frunze 2\sanatoasa,leaf_sample,healthy,725.txt,in cutie\Set frunze 2\sanatoasa\spectru\725.txt,725,725,360.0,370.0,365.069739,318.661304,318.22,31.627972,23.0
in cutie\Set frunze 2\sanatoasa,leaf_sample,healthy,725.txt,in cutie\Set frunze 2\sanatoasa\spectru\725.txt,725,725,370.0,380.0,375.102227,302.182273,300.58,36.806439,22.0
in cutie\Set frunze 2\sanatoasa,leaf_sample,healthy,725.txt,in cutie\Set frunze 2\sanatoasa\spectru\725.txt,725,725,380.0,390.0,385.110913,325.564783,325.78,40.060521,23.0
in cutie\Set frunze 2\sanatoasa,leaf_sample,healthy,725.txt,in cutie\Set frunze 2\sanatoasa\spectru\725.txt,725,725,390.0,400.0,395.096045,320.856818,324.52,57.704876,22.0
in cutie\Set frunze 2\sanatoasa,leaf_sample,healthy,725.txt,in cutie\Set frunze 2\sanatoasa\spectru\725.txt,725,725,400.0,410.0,405.057435,321.072609,313.18,36.467937,23.0
in cutie\Set frunze 2\sanatoasa,leaf_sample,healthy,725.txt,in cutie\Set frunze 2\sanatoasa\spectru\725.txt,725,725,410.0,420.0,414.995091,318.108636,323.26,31.80527,22.0
in cutie\Set frunze 2\sanatoasa,leaf_sample,healthy,725.txt,in cutie\Set frunze 2\sanatoasa\spectru\725.txt,725,725,420.0,430.0,424.908696,303.09913,305.62,33.338439,23.0
in cutie\Set frunze 2\sanatoasa,leaf_sample,healthy,725.txt,in cutie\Set frunze 2\sanatoasa\spectru\725.txt,725,725,430.0,440.0,435.01787,315.264348,320.74,30.859397,23.0
in cutie\Set frunze 2\sanatoasa,leaf_sample,healthy,725.txt,in cutie\Set frunze 2\sanatoasa\spectru\725.txt,725,725,440.0,450.0,445.101783,318.113478,320.74,30.578821,23.0
in cutie\Set frunze 2\sanatoasa,leaf_sample,healthy,725.txt,in cutie\Set frunze 2\sanatoasa\spectru\725.txt,725,725,450.0,460.0,455.160348,316.57913,328.31,38.810785,23.0
in cutie\Set frunze 2\sanatoasa,leaf_sample,healthy,725.txt,in cutie\Set frunze 2\sanatoasa\spectru\725.txt,725,725,460.0,470.0,465.193435,330.058696,335.87,35.032941,23.0
in cutie\Set frunze 2\sanatoasa,leaf_sample,healthy,725.txt,in cutie\Set frunze 2\sanatoasa\spectru\725.txt,725,725,470.0,480.0,475.201,313.948696,313.18,23.555347,23.0
in cutie\Set frunze 2\sanatoasa,leaf_sample,healthy,725.txt,in cutie\Set frunze 2\sanatoasa\spectru\725.txt,725,725,480.0,490.0,485.182913,307.373913,313.18,38.624975,23.0
in cutie\Set frunze 2\sanatoasa,leaf_sample,healthy,725.txt,in cutie\Set frunze 2\sanatoasa\spectru\725.txt,725,725,490.0,500.0,495.139043,319.318696,318.22,35.434635,23.0
in cutie\Set frunze 2\sanatoasa,leaf_sample,healthy,725.txt,in cutie\Set frunze 2\sanatoasa\spectru\725.txt,725,725,500.0,510.0,505.069348,316.906087,315.7,49.408403,23.0
in cutie\Set frunze 2\sanatoasa,leaf_sample,healthy,725.txt,in cutie\Set frunze 2\sanatoasa\spectru\725.txt,725,725,510.0,520.0,514.973652,309.674783,305.62,31.452749,23.0
in cutie\Set frunze 2\sanatoasa,leaf_sample,healthy,725.txt,in cutie\Set frunze 2\sanatoasa\spectru\725.txt,725,725,520.0,530.0,525.066167,314.756667,314.44,41.288404,24.0
in cutie\Set frunze 2\sanatoasa,leaf_sample,healthy,725.txt,in cutie\Set frunze 2\sanatoasa\spectru\725.txt,725,725,530.0,540.0,535.131478,310.988261,305.62,37.158435,23.0
in cutie\Set frunze 2\sanatoasa,leaf_sample,healthy,725.txt,in cutie\Set frunze 2\sanatoasa\spectru\725.txt,725,725,540.0,550.0,544.956,315.592174,318.22,30.487923,23.0
in cutie\Set frunze 2\sanatoasa,leaf_sample,healthy,725.txt,in cutie\Set frunze 2\sanatoasa\spectru\725.txt,725,725,550.0,560.0,554.966667,314.6525,310.66,30.19415,24.0
in cutie\Set frunze 2\sanatoasa,leaf_sample,healthy,725.txt,in cutie\Set frunze 2\sanatoasa\spectru\725.txt,725,725,560.0,570.0,564.949739,310.99,313.18,31.867485,23.0
in cutie\Set frunze 2\sanatoasa,leaf_sample,healthy,725.txt,in cutie\Set frunze 2\sanatoasa\spectru\725.txt,725,725,570.0,580.0,574.905,315.387083,320.74,25.313594,24.0
in cutie\Set frunze 2\sanatoasa,leaf_sample,healthy,725.txt,in cutie\Set frunze 2\sanatoasa\spectru\725.txt,725,725,580.0,590.0,585.043208,310.451667,301.84,30.219241,24.0
in cutie\Set frunze 2\sanatoasa,leaf_sample,healthy,725.txt,in cutie\Set frunze 2\sanatoasa\spectru\725.txt,725,725,590.0,600.0,595.152042,313.07625,318.22,33.868239,24.0
in cutie\Set frunze 2\sanatoasa,leaf_sample,healthy,725.txt,in cutie\Set frunze 2\sanatoasa\spectru\725.txt,725,725,600.0,610.0,605.02213,311.756522,308.14,29.877,23.0
in cutie\Set frunze 2\sanatoasa,leaf_sample,healthy,725.txt,in cutie\Set frunze 2\sanatoasa\spectru\725.txt,725,725,610.0,620.0,614.863458,314.5475,323.26,41.658979,24.0
in cutie\Set frunze 2\sanatoasa,leaf_sample,healthy,725.txt,in cutie\Set frunze 2\sanatoasa\spectru\725.txt,725,725,620.0,630.0,624.885125,311.50125,306.88,36.782986,24.0
in cutie\Set frunze 2\sanatoasa,leaf_sample,healthy,725.txt,in cutie\Set frunze 2\sanatoasa\spectru\725.txt,725,725,630.0,640.0,634.876917,321.269167,324.525,46.886126,24.0
in cutie\Set frunze 2\sanatoasa,leaf_sample,healthy,725.txt,in cutie\Set frunze 2\sanatoasa\spectru\725.txt,725,725,640.0,650.0,644.83875,322.739167,318.22,30.456029,24.0
in cutie\Set frunze 2\sanatoasa,leaf_sample,healthy,725.txt,in cutie\Set frunze 2\sanatoasa\spectru\725.txt,725,725,650.0,660.0,654.97728,315.7028,320.74,28.393386,25.0
in cutie\Set frunze 2\sanatoasa,leaf_sample,healthy,725.txt,in cutie\Set frunze 2\sanatoasa\spectru\725.txt,725,725,660.0,670.0,665.084458,329.565,328.31,32.905735,24.0
in cutie\Set frunze 2\sanatoasa,leaf_sample,healthy,725.txt,in cutie\Set frunze 2\sanatoasa\spectru\725.txt,725,725,670.0,680.0,674.95475,305.619167,310.66,27.029895,24.0
in cutie\Set frunze 2\sanatoasa,leaf_sample,healthy,725.txt,in cutie\Set frunze 2\sanatoasa\spectru\725.txt,725,725,680.0,690.0,684.9992,326.6924,328.31,36.48367,25.0
in cutie\Set frunze 2\sanatoasa,leaf_sample,healthy,725.txt,in cutie\Set frunze 2\sanatoasa\spectru\725.txt,725,725,690.0,700.0,695.012,326.205833,334.61,31.004797,24.0
in cutie\Set frunze 2\sanatoasa,leaf_sample,healthy,725.txt,in cutie\Set frunze 2\sanatoasa\spectru\725.txt,725,725,700.0,710.0,704.99268,358.2496,358.55,42.443109,25.0
in cutie\Set frunze 2\sanatoasa,leaf_sample,healthy,725.txt,in cutie\Set frunze 2\sanatoasa\spectru\725.txt,725,725,710.0,720.0,714.9415,437.844583,444.25,40.052662,24.0
in cutie\Set frunze 2\sanatoasa,leaf_sample,healthy,725.txt,in cutie\Set frunze 2\sanatoasa\spectru\725.txt,725,725,720.0,730.0,724.85784,503.838,507.27,44.964442,25.0
in cutie\Set frunze 2\sanatoasa,leaf_sample,healthy,725.txt,in cutie\Set frunze 2\sanatoasa\spectru\725.txt,725,725,730.0,740.0,734.94336,481.7576,479.54,58.304952,25.0
in cutie\Set frunze 2\sanatoasa,leaf_sample,healthy,725.txt,in cutie\Set frunze 2\sanatoasa\spectru\725.txt,725,725,740.0,750.0,744.99528,355.2248,358.55,36.967511,25.0
in cutie\Set frunze 2\sanatoasa,leaf_sample,healthy,725.txt,in cutie\Set frunze 2\sanatoasa\spectru\725.txt,725,725,750.0,760.0,755.01288,328.1036,325.78,40.359529,25.0
in cutie\Set frunze 2\sanatoasa,leaf_sample,healthy,725.txt,in cutie\Set frunze 2\sanatoasa\spectru\725.txt,725,725,760.0,770.0,764.99664,308.846,303.1,30.693558,25.0
in cutie\Set frunze 2\sanatoasa,leaf_sample,healthy,725.txt,in cutie\Set frunze 2\sanatoasa\spectru\725.txt,725,725,770.0,780.0,774.94604,298.4616,300.58,33.972249,25.0
in cutie\Set frunze 2\sanatoasa,leaf_sample,healthy,725.txt,in cutie\Set frunze 2\sanatoasa\spectru\725.txt,725,725,780.0,790.0,784.86132,312.7776,323.26,42.180948,25.0
in cutie\Set frunze 2\sanatoasa,leaf_sample,healthy,725.txt,in cutie\Set frunze 2\sanatoasa\spectru\725.txt,725,725,790.0,800.0,794.938962,308.818846,309.4,43.391614,26.0
in cutie\Set frunze 2\sanatoasa,leaf_sample,healthy,725.txt,in cutie\Set frunze 2\sanatoasa\spectru\725.txt,725,725,800.0,810.0,804.98072,308.3416,300.58,33.711352,25.0
in cutie\Set frunze 2\sanatoasa,leaf_sample,healthy,725.txt,in cutie\Set frunze 2\sanatoasa\spectru\725.txt,725,725,810.0,820.0,814.986231,318.417692,309.4,32.632381,26.0
in cutie\Set frunze 2\sanatoasa,leaf_sample,healthy,725.txt,in cutie\Set frunze 2\sanatoasa\spectru\725.txt,725,725,820.0,830.0,824.95548,314.0892,310.66,24.519121,25.0
in cutie\Set frunze 2\sanatoasa,leaf_sample,healthy,725.txt,in cutie\Set frunze 2\sanatoasa\spectru\725.txt,725,725,830.0,840.0,834.888115,310.273462,310.66,28.821606,26.0
in cutie\Set frunze 2\sanatoasa,leaf_sample,healthy,725.txt,in cutie\Set frunze 2\sanatoasa\spectru\725.txt,725,725,840.0,850.0,844.977846,306.976923,315.7,40.979491,26.0
in cutie\Set frunze 2\sanatoasa,leaf_sample,healthy,725.txt,in cutie\Set frunze 2\sanatoasa\spectru\725.txt,725,725,850.0,860.0,855.029308,307.85,320.74,40.112366,26.0
in cutie\Set frunze 2\sanatoasa,leaf_sample,healthy,725.txt,in cutie\Set frunze 2\sanatoasa\spectru\725.txt,725,725,860.0,870.0,865.042308,320.742692,319.48,26.222007,26.0
in cutie\Set frunze 2\sanatoasa,leaf_sample,healthy,725.txt,in cutie\Set frunze 2\sanatoasa\spectru\725.txt,725,725,870.0,880.0,875.016731,327.723846,328.305,38.793028,26.0
in cutie\Set frunze 2\sanatoasa,leaf_sample,healthy,725.txt,in cutie\Set frunze 2\sanatoasa\spectru\725.txt,725,725,880.0,890.0,884.952385,314.344615,309.4,41.111283,26.0
in cutie\Set frunze 2\sanatoasa,leaf_sample,healthy,725.txt,in cutie\Set frunze 2\sanatoasa\spectru\725.txt,725,725,890.0,900.0,895.039037,349.496667,323.26,164.971164,27.0
in cutie\Set frunze 2\sanatoasa,leaf_sample,healthy,725.txt,in cutie\Set frunze 2\sanatoasa\spectru\725.txt,725,725,900.0,910.0,905.085308,318.513846,319.48,43.198646,26.0
in cutie\Set frunze 2\sanatoasa,leaf_sample,healthy,725.txt,in cutie\Set frunze 2\sanatoasa\spectru\725.txt,725,725,910.0,920.0,915.090519,314.208519,313.18,37.838409,27.0
in cutie\Set frunze 2\sanatoasa,leaf_sample,healthy,725.txt,in cutie\Set frunze 2\sanatoasa\spectru\725.txt,725,725,920.0,930.0,925.055154,298.445385,293.02,36.288963,26.0
in cutie\Set frunze 2\sanatoasa,leaf_sample,healthy,725.txt,in cutie\Set frunze 2\sanatoasa\spectru\725.txt,725,725,930.0,940.0,934.97837,319.997778,310.66,66.444209,27.0
in cutie\Set frunze 2\sanatoasa,leaf_sample,healthy,725.txt,in cutie\Set frunze 2\sanatoasa\spectru\725.txt,725,725,940.0,950.0,945.046519,306.367407,318.22,43.689183,27.0
in cutie\Set frunze 2\sanatoasa,leaf_sample,healthy,725.txt,in cutie\Set frunze 2\sanatoasa\spectru\725.txt,725,725,950.0,960.0,955.071815,312.901481,325.78,36.101119,27.0
in cutie\Set frunze 2\sanatoasa,leaf_sample,healthy,725.txt,in cutie\Set frunze 2\sanatoasa\spectru\725.txt,725,725,960.0,970.0,965.053815,301.418889,305.62,26.319823,27.0
in cutie\Set frunze 2\sanatoasa,leaf_sample,healthy,725.txt,in cutie\Set frunze 2\sanatoasa\spectru\725.txt,725,725,970.0,980.0,974.992481,312.247407,308.14,32.866469,27.0
in cutie\Set frunze 2\sanatoasa,leaf_sample,healthy,725.txt,in cutie\Set frunze 2\sanatoasa\spectru\725.txt,725,725,980.0,990.0,984.887556,308.234444,305.62,34.537322,27.0
in cutie\Set frunze 2\sanatoasa,leaf_sample,healthy,725.txt,in cutie\Set frunze 2\sanatoasa\spectru\725.txt,725,725,990.0,1000.0,994.920964,307.600714,304.36,40.58949,28.0
in cutie\Set frunze 2\sanatoasa,leaf_sample,healthy,725.txt,in cutie\Set frunze 2\sanatoasa\spectru\725.txt,725,725,1000.0,1010.0,1005.09,312.461786,304.36,32.474594,28.0
in cutie\Set frunze 2\sanatoasa,leaf_sample,healthy,725.txt,in cutie\Set frunze 2\sanatoasa\spectru\725.txt,725,725,1010.0,1020.0,1015.031556,310.007778,315.7,25.76562,27.0
in cutie\Set frunze 2\sanatoasa,leaf_sample,healthy,725.txt,in cutie\Set frunze 2\sanatoasa\spectru\725.txt,725,725,1020.0,1030.0,1024.926857,309.490714,313.18,31.772577,28.0
in cutie\Set frunze 2\sanatoasa,leaf_sample,healthy,725.txt,in cutie\Set frunze 2\sanatoasa\spectru\725.txt,725,725,1030.0,1040.0,1032.275,307.558462,320.74,32.356976,13.0
in cutie\Set frunze 2\sanatoasa,leaf_sample,healthy,850.txt,in cutie\Set frunze 2\sanatoasa\spectru\850.txt,850,850,180.0,190.0,188.705167,-103.606667,-91.845,29.918758,6.0
in cutie\Set frunze 2\sanatoasa,leaf_sample,healthy,850.txt,in cutie\Set frunze 2\sanatoasa\spectru\850.txt,850,850,190.0,200.0,194.959762,40.188095,36.71,113.96633,21.0
in cutie\Set frunze 2\sanatoasa,leaf_sample,healthy,850.txt,in cutie\Set frunze 2\sanatoasa\spectru\850.txt,850,850,200.0,210.0,204.905818,292.315455,303.89,45.157174,22.0
in cutie\Set frunze 2\sanatoasa,leaf_sample,healthy,850.txt,in cutie\Set frunze 2\sanatoasa\spectru\850.txt,850,850,210.0,220.0,215.0625,281.889545,277.42,31.711778,22.0
in cutie\Set frunze 2\sanatoasa,leaf_sample,healthy,850.txt,in cutie\Set frunze 2\sanatoasa\spectru\850.txt,850,850,220.0,230.0,224.968333,267.878095,256.0,43.310134,21.0
in cutie\Set frunze 2\sanatoasa,leaf_sample,healthy,850.txt,in cutie\Set frunze 2\sanatoasa\spectru\850.txt,850,850,230.0,240.0,234.853682,280.858182,284.98,33.905262,22.0
in cutie\Set frunze 2\sanatoasa,leaf_sample,healthy,850.txt,in cutie\Set frunze 2\sanatoasa\spectru\850.txt,850,850,240.0,250.0,244.948455,281.200909,271.12,66.41073,22.0
in cutie\Set frunze 2\sanatoasa,leaf_sample,healthy,850.txt,in cutie\Set frunze 2\sanatoasa\spectru\850.txt,850,850,250.0,260.0,255.021727,281.775,277.42,40.09936,22.0
in cutie\Set frunze 2\sanatoasa,leaf_sample,healthy,850.txt,in cutie\Set frunze 2\sanatoasa\spectru\850.txt,850,850,260.0,270.0,265.073818,284.180455,283.72,31.5789,22.0
in cutie\Set frunze 2\sanatoasa,leaf_sample,healthy,850.txt,in cutie\Set frunze 2\sanatoasa\spectru\850.txt,850,850,270.0,280.0,275.104455,279.826818,281.2,30.272329,22.0
in cutie\Set frunze 2\sanatoasa,leaf_sample,healthy,850.txt,in cutie\Set frunze 2\sanatoasa\spectru\850.txt,850,850,280.0,290.0,285.113545,281.430909,278.68,31.600232,22.0
in cutie\Set frunze 2\sanatoasa,leaf_sample,healthy,850.txt,in cutie\Set frunze 2\sanatoasa\spectru\850.txt,850,850,290.0,300.0,295.101045,305.95,300.11,25.145107,22.0
in cutie\Set frunze 2\sanatoasa,leaf_sample,healthy,850.txt,in cutie\Set frunze 2\sanatoasa\spectru\850.txt,850,850,300.0,310.0,305.066727,293.919091,298.85,31.769424,22.0
in cutie\Set frunze 2\sanatoasa,leaf_sample,healthy,850.txt,in cutie\Set frunze 2\sanatoasa\spectru\850.txt,850,850,310.0,320.0,315.010682,290.481364,286.24,38.962536,22.0
in cutie\Set frunze 2\sanatoasa,leaf_sample,healthy,850.txt,in cutie\Set frunze 2\sanatoasa\spectru\850.txt,850,850,320.0,330.0,324.932818,290.825909,287.5,35.374744,22.0
in cutie\Set frunze 2\sanatoasa,leaf_sample,healthy,850.txt,in cutie\Set frunze 2\sanatoasa\spectru\850.txt,850,850,330.0,340.0,334.832955,285.555455,286.24,28.791381,22.0
in cutie\Set frunze 2\sanatoasa,leaf_sample,healthy,850.txt,in cutie\Set frunze 2\sanatoasa\spectru\850.txt,850,850,340.0,350.0,344.935087,294.023913,278.68,58.445176,23.0
in cutie\Set frunze 2\sanatoasa,leaf_sample,healthy,850.txt,in cutie\Set frunze 2\sanatoasa\spectru\850.txt,850,850,350.0,360.0,355.014136,295.408636,295.065,19.487621,22.0
in cutie\Set frunze 2\sanatoasa,leaf_sample,healthy,850.txt,in cutie\Set frunze 2\sanatoasa\spectru\850.txt,850,850,360.0,370.0,365.069739,309.584783,319.01,30.837268,23.0
in cutie\Set frunze 2\sanatoasa,leaf_sample,healthy,850.txt,in cutie\Set frunze 2\sanatoasa\spectru\850.txt,850,850,370.0,380.0,375.102227,291.284091,290.02,29.920395,22.0
in cutie\Set frunze 2\sanatoasa,leaf_sample,healthy,850.txt,in cutie\Set frunze 2\sanatoasa\spectru\850.txt,850,850,380.0,390.0,385.110913,313.64,321.53,41.539687,23.0
in cutie\Set frunze 2\sanatoasa,leaf_sample,healthy,850.txt,in cutie\Set frunze 2\sanatoasa\spectru\850.txt,850,850,390.0,400.0,395.096045,304.46,297.585,50.576107,22.0
in cutie\Set frunze 2\sanatoasa,leaf_sample,healthy,850.txt,in cutie\Set frunze 2\sanatoasa\spectru\850.txt,850,850,400.0,410.0,405.057435,276.051304,273.64,29.162756,23.0
in cutie\Set frunze 2\sanatoasa,leaf_sample,healthy,850.txt,in cutie\Set frunze 2\sanatoasa\spectru\850.txt,850,850,410.0,420.0,414.995091,306.866364,302.63,35.005593,22.0
in cutie\Set frunze 2\sanatoasa,leaf_sample,healthy,850.txt,in cutie\Set frunze 2\sanatoasa\spectru\850.txt,850,850,420.0,430.0,424.908696,284.927826,281.2,28.057365,23.0
in cutie\Set frunze 2\sanatoasa,leaf_sample,healthy,850.txt,in cutie\Set frunze 2\sanatoasa\spectru\850.txt,850,850,430.0,440.0,435.01787,313.093043,311.45,29.774647,23.0
in cutie\Set frunze 2\sanatoasa,leaf_sample,healthy,850.txt,in cutie\Set frunze 2\sanatoasa\spectru\850.txt,850,850,440.0,450.0,445.101783,297.420435,291.28,35.884096,23.0
in cutie\Set frunze 2\sanatoasa,leaf_sample,healthy,850.txt,in cutie\Set frunze 2\sanatoasa\spectru\850.txt,850,850,450.0,460.0,455.160348,287.228696,288.76,28.01714,23.0
in cutie\Set frunze 2\sanatoasa,leaf_sample,healthy,850.txt,in cutie\Set frunze 2\sanatoasa\spectru\850.txt,850,850,460.0,470.0,465.193435,300.48913,303.89,37.561274,23.0
in cutie\Set frunze 2\sanatoasa,leaf_sample,healthy,850.txt,in cutie\Set frunze 2\sanatoasa\spectru\850.txt,850,850,470.0,480.0,475.201,292.817391,288.76,30.298147,23.0
in cutie\Set frunze 2\sanatoasa,leaf_sample,healthy,850.txt,in cutie\Set frunze 2\sanatoasa\spectru\850.txt,850,850,480.0,490.0,485.182913,302.133913,301.37,32.17037,23.0
in cutie\Set frunze 2\sanatoasa,leaf_sample,healthy,850.txt,in cutie\Set frunze 2\sanatoasa\spectru\850.txt,850,850,490.0,500.0,495.139043,304.216087,298.85,33.876833,23.0
in cutie\Set frunze 2\sanatoasa,leaf_sample,healthy,850.txt,in cutie\Set frunze 2\sanatoasa\spectru\850.txt,850,850,500.0,510.0,505.069348,312.872174,311.45,56.908459,23.0
in cutie\Set frunze 2\sanatoasa,leaf_sample,healthy,850.txt,in cutie\Set frunze 2\sanatoasa\spectru\850.txt,850,850,510.0,520.0,514.973652,305.53087,301.37,38.311277,23.0
in cutie\Set frunze 2\sanatoasa,leaf_sample,healthy,850.txt,in cutie\Set frunze 2\sanatoasa\spectru\850.txt,850,850,520.0,530.0,525.066167,300.421667,301.37,22.868328,24.0
in cutie\Set frunze 2\sanatoasa,leaf_sample,healthy,850.txt,in cutie\Set frunze 2\sanatoasa\spectru\850.txt,850,850,530.0,540.0,535.131478,300.16,301.37,35.985825,23.0
in cutie\Set frunze 2\sanatoasa,leaf_sample,healthy,850.txt,in cutie\Set frunze 2\sanatoasa\spectru\850.txt,850,850,540.0,550.0,544.956,297.091739,298.85,30.324818,23.0
in cutie\Set frunze 2\sanatoasa,leaf_sample,healthy,850.txt,in cutie\Set frunze 2\sanatoasa\spectru\850.txt,850,850,550.0,560.0,554.966667,310.189167,308.93,32.163905,24.0
in cutie\Set frunze 2\sanatoasa,leaf_sample,healthy,850.txt,in cutie\Set frunze 2\sanatoasa\spectru\850.txt,850,850,560.0,570.0,564.949739,299.722609,291.28,37.116474,23.0
in cutie\Set frunze 2\sanatoasa,leaf_sample,healthy,850.txt,in cutie\Set frunze 2\sanatoasa\spectru\850.txt,850,850,570.0,580.0,574.905,305.147083,297.59,29.991357,24.0
in cutie\Set frunze 2\sanatoasa,leaf_sample,healthy,850.txt,in cutie\Set frunze 2\sanatoasa\spectru\850.txt,850,850,580.0,590.0,585.043208,294.435417,298.85,24.244371,24.0
in cutie\Set frunze 2\sanatoasa,leaf_sample,healthy,850.txt,in cutie\Set frunze 2\sanatoasa\spectru\850.txt,850,850,590.0,600.0,595.152042,294.95875,293.8,29.004361,24.0
in cutie\Set frunze 2\sanatoasa,leaf_sample,healthy,850.txt,in cutie\Set frunze 2\sanatoasa\spectru\850.txt,850,850,600.0,610.0,605.02213,303.667826,303.89,28.939556,23.0
in cutie\Set frunze 2\sanatoasa,leaf_sample,healthy,850.txt,in cutie\Set frunze 2\sanatoasa\spectru\850.txt,850,850,610.0,620.0,614.863458,294.119583,301.37,42.046784,24.0
in cutie\Set frunze 2\sanatoasa,leaf_sample,healthy,850.txt,in cutie\Set frunze 2\sanatoasa\spectru\850.txt,850,850,620.0,630.0,624.885125,296.955,292.54,40.467907,24.0
in cutie\Set frunze 2\sanatoasa,leaf_sample,healthy,850.txt,in cutie\Set frunze 2\sanatoasa\spectru\850.txt,850,850,630.0,640.0,634.876917,298.110417,288.76,32.819292,24.0
in cutie\Set frunze 2\sanatoasa,leaf_sample,healthy,850.txt,in cutie\Set frunze 2\sanatoasa\spectru\850.txt,850,850,640.0,650.0,644.83875,295.485417,300.11,29.804093,24.0
in cutie\Set frunze 2\sanatoasa,leaf_sample,healthy,850.txt,in cutie\Set frunze 2\sanatoasa\spectru\850.txt,850,850,650.0,660.0,654.97728,298.7456,303.89,39.555952,25.0
in cutie\Set frunze 2\sanatoasa,leaf_sample,healthy,850.txt,in cutie\Set frunze 2\sanatoasa\spectru\850.txt,850,850,660.0,670.0,665.084458,303.991667,302.63,30.884252,24.0
in cutie\Set frunze 2\sanatoasa,leaf_sample,healthy,850.txt,in cutie\Set frunze 2\sanatoasa\spectru\850.txt,850,850,670.0,680.0,674.95475,301.157083,303.89,33.391241,24.0
in cutie\Set frunze 2\sanatoasa,leaf_sample,healthy,850.txt,in cutie\Set frunze 2\sanatoasa\spectru\850.txt,850,850,680.0,690.0,684.9992,298.9468,303.89,28.770088,25.0
in cutie\Set frunze 2\sanatoasa,leaf_sample,healthy,850.txt,in cutie\Set frunze 2\sanatoasa\spectru\850.txt,850,850,690.0,700.0,695.012,309.768333,305.15,24.82104,24.0
in cutie\Set frunze 2\sanatoasa,leaf_sample,healthy,850.txt,in cutie\Set frunze 2\sanatoasa\spectru\850.txt,850,850,700.0,710.0,704.99268,292.796,293.8,31.779481,25.0
in cutie\Set frunze 2\sanatoasa,leaf_sample,healthy,850.txt,in cutie\Set frunze 2\sanatoasa\spectru\850.txt,850,850,710.0,720.0,714.9415,311.76375,312.71,34.193237,24.0
in cutie\Set frunze 2\sanatoasa,leaf_sample,healthy,850.txt,in cutie\Set frunze 2\sanatoasa\spectru\850.txt,850,850,720.0,730.0,724.85784,301.6696,303.89,27.373968,25.0
in cutie\Set frunze 2\sanatoasa,leaf_sample,healthy,850.txt,in cutie\Set frunze 2\sanatoasa\spectru\850.txt,850,850,730.0,740.0,734.94336,297.4352,291.28,34.436404,25.0
in cutie\Set frunze 2\sanatoasa,leaf_sample,healthy,850.txt,in cutie\Set frunze 2\sanatoasa\spectru\850.txt,850,850,740.0,750.0,744.99528,297.7384,303.89,29.003351,25.0
in cutie\Set frunze 2\sanatoasa,leaf_sample,healthy,850.txt,in cutie\Set frunze 2\sanatoasa\spectru\850.txt,850,850,750.0,760.0,755.01288,313.6676,308.93,32.123405,25.0
in cutie\Set frunze 2\sanatoasa,leaf_sample,healthy,850.txt,in cutie\Set frunze 2\sanatoasa\spectru\850.txt,850,850,760.0,770.0,764.99664,303.2816,296.33,32.171497,25.0
in cutie\Set frunze 2\sanatoasa,leaf_sample,healthy,850.txt,in cutie\Set frunze 2\sanatoasa\spectru\850.txt,850,850,770.0,780.0,774.94604,312.9616,313.97,34.597065,25.0
in cutie\Set frunze 2\sanatoasa,leaf_sample,healthy,850.txt,in cutie\Set frunze 2\sanatoasa\spectru\850.txt,850,850,780.0,790.0,784.86132,304.3912,306.41,26.789225,25.0
in cutie\Set frunze 2\sanatoasa,leaf_sample,healthy,850.txt,in cutie\Set frunze 2\sanatoasa\spectru\850.txt,850,850,790.0,800.0,794.938962,293.999231,296.33,43.724768,26.0
in cutie\Set frunze 2\sanatoasa,leaf_sample,healthy,850.txt,in cutie\Set frunze 2\sanatoasa\spectru\850.txt,850,850,800.0,810.0,804.98072,288.7632,293.8,36.079541,25.0
in cutie\Set frunze 2\sanatoasa,leaf_sample,healthy,850.txt,in cutie\Set frunze 2\sanatoasa\spectru\850.txt,850,850,810.0,820.0,814.986231,309.995385,303.89,34.723761,26.0
in cutie\Set frunze 2\sanatoasa,leaf_sample,healthy,850.txt,in cutie\Set frunze 2\sanatoasa\spectru\850.txt,850,850,820.0,830.0,824.95548,380.614,384.55,40.460617,25.0
in cutie\Set frunze 2\sanatoasa,leaf_sample,healthy,850.txt,in cutie\Set frunze 2\sanatoasa\spectru\850.txt,850,850,830.0,840.0,834.888115,467.820385,457.64,45.609291,26.0
in cutie\Set frunze 2\sanatoasa,leaf_sample,healthy,850.txt,in cutie\Set frunze 2\sanatoasa\spectru\850.txt,850,850,840.0,850.0,844.977846,446.977692,452.6,33.573426,26.0
in cutie\Set frunze 2\sanatoasa,leaf_sample,healthy,850.txt,in cutie\Set frunze 2\sanatoasa\spectru\850.txt,850,850,850.0,860.0,855.029308,407.424615,407.23,31.122087,26.0
in cutie\Set frunze 2\sanatoasa,leaf_sample,healthy,850.txt,in cutie\Set frunze 2\sanatoasa\spectru\850.txt,850,850,860.0,870.0,865.042308,381.830769,382.025,31.882556,26.0
in cutie\Set frunze 2\sanatoasa,leaf_sample,healthy,850.txt,in cutie\Set frunze 2\sanatoasa\spectru\850.txt,850,850,870.0,880.0,875.016731,341.405385,337.915,41.601027,26.0
in cutie\Set frunze 2\sanatoasa,leaf_sample,healthy,850.txt,in cutie\Set frunze 2\sanatoasa\spectru\850.txt,850,850,880.0,890.0,884.952385,296.229231,302.63,35.77344,26.0
in cutie\Set frunze 2\sanatoasa,leaf_sample,healthy,850.txt,in cutie\Set frunze 2\sanatoasa\spectru\850.txt,850,850,890.0,900.0,895.039037,334.227407,308.93,162.120942,27.0
in cutie\Set frunze 2\sanatoasa,leaf_sample,healthy,850.txt,in cutie\Set frunze 2\sanatoasa\spectru\850.txt,850,850,900.0,910.0,905.085308,291.961923,293.8,36.470043,26.0
in cutie\Set frunze 2\sanatoasa,leaf_sample,healthy,850.txt,in cutie\Set frunze 2\sanatoasa\spectru\850.txt,850,850,910.0,920.0,915.090519,294.364815,293.8,29.390035,27.0
in cutie\Set frunze 2\sanatoasa,leaf_sample,healthy,850.txt,in cutie\Set frunze 2\sanatoasa\spectru\850.txt,850,850,920.0,930.0,925.055154,302.820385,311.45,32.799321,26.0
in cutie\Set frunze 2\sanatoasa,leaf_sample,healthy,850.txt,in cutie\Set frunze 2\sanatoasa\spectru\850.txt,850,850,930.0,940.0,934.97837,315.277037,308.93,63.121689,27.0
in cutie\Set frunze 2\sanatoasa,leaf_sample,healthy,850.txt,in cutie\Set frunze 2\sanatoasa\spectru\850.txt,850,850,940.0,950.0,945.046519,283.162593,293.8,31.017733,27.0
in cutie\Set frunze 2\sanatoasa,leaf_sample,healthy,850.txt,in cutie\Set frunze 2\sanatoasa\spectru\850.txt,850,850,950.0,960.0,955.071815,292.031111,283.72,29.822983,27.0
in cutie\Set frunze 2\sanatoasa,leaf_sample,healthy,850.txt,in cutie\Set frunze 2\sanatoasa\spectru\850.txt,850,850,960.0,970.0,965.053815,299.312222,301.37,36.20333,27.0
in cutie\Set frunze 2\sanatoasa,leaf_sample,healthy,850.txt,in cutie\Set frunze 2\sanatoasa\spectru\850.txt,850,850,970.0,980.0,974.992481,300.152593,301.37,38.322198,27.0
in cutie\Set frunze 2\sanatoasa,leaf_sample,healthy,850.txt,in cutie\Set frunze 2\sanatoasa\spectru\850.txt,850,850,980.0,990.0,984.887556,294.179259,298.85,30.708318,27.0
in cutie\Set frunze 2\sanatoasa,leaf_sample,healthy,850.txt,in cutie\Set frunze 2\sanatoasa\spectru\850.txt,850,850,990.0,1000.0,994.920964,291.464286,292.54,30.536734,28.0
in cutie\Set frunze 2\sanatoasa,leaf_sample,healthy,850.txt,in cutie\Set frunze 2\sanatoasa\spectru\850.txt,850,850,1000.0,1010.0,1005.09,298.756429,300.11,30.21285,28.0
in cutie\Set frunze 2\sanatoasa,leaf_sample,healthy,850.txt,in cutie\Set frunze 2\sanatoasa\spectru\850.txt,850,850,1010.0,1020.0,1015.031556,298.379259,296.33,34.865537,27.0
in cutie\Set frunze 2\sanatoasa,leaf_sample,healthy,850.txt,in cutie\Set frunze 2\sanatoasa\spectru\850.txt,850,850,1020.0,1030.0,1024.926857,295.515,298.85,27.206346,28.0
in cutie\Set frunze 2\sanatoasa,leaf_sample,healthy,850.txt,in cutie\Set frunze 2\sanatoasa\spectru\850.txt,850,850,1030.0,1040.0,1032.275,291.477692,283.72,26.902053,13.0
in cutie\Set frunze 2\sanatoasa,leaf_sample,healthy,940 2 verde.txt,in cutie\Set frunze 2\sanatoasa\spectru\940 2 verde.txt,940,940,180.0,190.0,188.705167,-114.215,-96.57,31.313583,6.0
in cutie\Set frunze 2\sanatoasa,leaf_sample,healthy,940 2 verde.txt,in cutie\Set frunze 2\sanatoasa\spectru\940 2 verde.txt,940,940,190.0,200.0,194.959762,45.423333,64.75,119.266468,21.0
in cutie\Set frunze 2\sanatoasa,leaf_sample,healthy,940 2 verde.txt,in cutie\Set frunze 2\sanatoasa\spectru\940 2 verde.txt,940,940,200.0,210.0,204.905818,302.598182,305.46,37.173383,22.0
in cutie\Set frunze 2\sanatoasa,leaf_sample,healthy,940 2 verde.txt,in cutie\Set frunze 2\sanatoasa\spectru\940 2 verde.txt,940,940,210.0,220.0,215.0625,287.246818,287.82,34.586963,22.0
in cutie\Set frunze 2\sanatoasa,leaf_sample,healthy,940 2 verde.txt,in cutie\Set frunze 2\sanatoasa\spectru\940 2 verde.txt,940,940,220.0,230.0,224.968333,293.639524,299.16,29.900107,21.0
in cutie\Set frunze 2\sanatoasa,leaf_sample,healthy,940 2 verde.txt,in cutie\Set frunze 2\sanatoasa\spectru\940 2 verde.txt,940,940,230.0,240.0,234.853682,291.599091,295.38,37.24594,22.0
in cutie\Set frunze 2\sanatoasa,leaf_sample,healthy,940 2 verde.txt,in cutie\Set frunze 2\sanatoasa\spectru\940 2 verde.txt,940,940,240.0,250.0,244.948455,302.827273,289.08,62.293889,22.0
in cutie\Set frunze 2\sanatoasa,leaf_sample,healthy,940 2 verde.txt,in cutie\Set frunze 2\sanatoasa\spectru\940 2 verde.txt,940,940,250.0,260.0,255.021727,296.297273,287.82,30.39241,22.0
in cutie\Set frunze 2\sanatoasa,leaf_sample,healthy,940 2 verde.txt,in cutie\Set frunze 2\sanatoasa\spectru\940 2 verde.txt,940,940,260.0,270.0,265.073818,318.524545,325.63,35.859138,22.0
in cutie\Set frunze 2\sanatoasa,leaf_sample,healthy,940 2 verde.txt,in cutie\Set frunze 2\sanatoasa\spectru\940 2 verde.txt,940,940,270.0,280.0,275.104455,315.430455,318.07,28.856785,22.0
in cutie\Set frunze 2\sanatoasa,leaf_sample,healthy,940 2 verde.txt,in cutie\Set frunze 2\sanatoasa\spectru\940 2 verde.txt,940,940,280.0,290.0,285.113545,312.795,305.46,38.16942,22.0
in cutie\Set frunze 2\sanatoasa,leaf_sample,healthy,940 2 verde.txt,in cutie\Set frunze 2\sanatoasa\spectru\940 2 verde.txt,940,940,290.0,300.0,295.101045,311.420455,315.545,38.408577,22.0
in cutie\Set frunze 2\sanatoasa,leaf_sample,healthy,940 2 verde.txt,in cutie\Set frunze 2\sanatoasa\spectru\940 2 verde.txt,940,940,300.0,310.0,305.066727,316.919545,313.02,27.470188,22.0
in cutie\Set frunze 2\sanatoasa,leaf_sample,healthy,940 2 verde.txt,in cutie\Set frunze 2\sanatoasa\spectru\940 2 verde.txt,940,940,310.0,320.0,315.010682,306.493636,310.5,29.598137,22.0
in cutie\Set frunze 2\sanatoasa,leaf_sample,healthy,940 2 verde.txt,in cutie\Set frunze 2\sanatoasa\spectru\940 2 verde.txt,940,940,320.0,330.0,324.932818,308.9,309.24,27.236594,22.0
in cutie\Set frunze 2\sanatoasa,leaf_sample,healthy,940 2 verde.txt,in cutie\Set frunze 2\sanatoasa\spectru\940 2 verde.txt,940,940,330.0,340.0,334.832955,297.900909,301.68,33.185904,22.0
in cutie\Set frunze 2\sanatoasa,leaf_sample,healthy,940 2 verde.txt,in cutie\Set frunze 2\sanatoasa\spectru\940 2 verde.txt,940,940,340.0,350.0,344.935087,325.462174,321.85,52.314501,23.0
in cutie\Set frunze 2\sanatoasa,leaf_sample,healthy,940 2 verde.txt,in cutie\Set frunze 2\sanatoasa\spectru\940 2 verde.txt,940,940,350.0,360.0,355.014136,313.482273,311.76,36.035745,22.0
in cutie\Set frunze 2\sanatoasa,leaf_sample,healthy,940 2 verde.txt,in cutie\Set frunze 2\sanatoasa\spectru\940 2 verde.txt,940,940,360.0,370.0,365.069739,320.64087,326.89,32.320085,23.0
in cutie\Set frunze 2\sanatoasa,leaf_sample,healthy,940 2 verde.txt,in cutie\Set frunze 2\sanatoasa\spectru\940 2 verde.txt,940,940,370.0,380.0,375.102227,315.659545,318.07,26.280355,22.0
in cutie\Set frunze 2\sanatoasa,leaf_sample,healthy,940 2 verde.txt,in cutie\Set frunze 2\sanatoasa\spectru\940 2 verde.txt,940,940,380.0,390.0,385.110913,320.53087,314.28,41.149163,23.0
in cutie\Set frunze 2\sanatoasa,leaf_sample,healthy,940 2 verde.txt,in cutie\Set frunze 2\sanatoasa\spectru\940 2 verde.txt,940,940,390.0,400.0,395.096045,328.835455,329.41,57.039589,22.0
in cutie\Set frunze 2\sanatoasa,leaf_sample,healthy,940 2 verde.txt,in cutie\Set frunze 2\sanatoasa\spectru\940 2 verde.txt,940,940,400.0,410.0,405.057435,323.927826,316.81,27.4972,23.0
in cutie\Set frunze 2\sanatoasa,leaf_sample,healthy,940 2 verde.txt,in cutie\Set frunze 2\sanatoasa\spectru\940 2 verde.txt,940,940,410.0,420.0,414.995091,332.731364,329.41,34.978114,22.0
in cutie\Set frunze 2\sanatoasa,leaf_sample,healthy,940 2 verde.txt,in cutie\Set frunze 2\sanatoasa\spectru\940 2 verde.txt,940,940,420.0,430.0,424.908696,318.997391,324.37,35.25103,23.0
in cutie\Set frunze 2\sanatoasa,leaf_sample,healthy,940 2 verde.txt,in cutie\Set frunze 2\sanatoasa\spectru\940 2 verde.txt,940,940,430.0,440.0,435.01787,326.997391,334.45,33.500421,23.0
in cutie\Set frunze 2\sanatoasa,leaf_sample,healthy,940 2 verde.txt,in cutie\Set frunze 2\sanatoasa\spectru\940 2 verde.txt,940,940,440.0,450.0,445.101783,313.07913,316.81,26.034443,23.0
in cutie\Set frunze 2\sanatoasa,leaf_sample,healthy,940 2 verde.txt,in cutie\Set frunze 2\sanatoasa\spectru\940 2 verde.txt,940,940,450.0,460.0,455.160348,320.751304,319.33,27.668931,23.0
in cutie\Set frunze 2\sanatoasa,leaf_sample,healthy,940 2 verde.txt,in cutie\Set frunze 2\sanatoasa\spectru\940 2 verde.txt,940,940,460.0,470.0,465.193435,320.202174,324.37,36.831771,23.0
in cutie\Set frunze 2\sanatoasa,leaf_sample,healthy,940 2 verde.txt,in cutie\Set frunze 2\sanatoasa\spectru\940 2 verde.txt,940,940,470.0,480.0,475.201,302.119565,299.16,29.031121,23.0
in cutie\Set frunze 2\sanatoasa,leaf_sample,healthy,940 2 verde.txt,in cutie\Set frunze 2\sanatoasa\spectru\940 2 verde.txt,940,940,480.0,490.0,485.182913,318.229565,309.24,33.603731,23.0
in cutie\Set frunze 2\sanatoasa,leaf_sample,healthy,940 2 verde.txt,in cutie\Set frunze 2\sanatoasa\spectru\940 2 verde.txt,940,940,490.0,500.0,495.139043,319.105217,314.28,21.139155,23.0
in cutie\Set frunze 2\sanatoasa,leaf_sample,healthy,940 2 verde.txt,in cutie\Set frunze 2\sanatoasa\spectru\940 2 verde.txt,940,940,500.0,510.0,505.069348,331.490435,329.41,32.361146,23.0
in cutie\Set frunze 2\sanatoasa,leaf_sample,healthy,940 2 verde.txt,in cutie\Set frunze 2\sanatoasa\spectru\940 2 verde.txt,940,940,510.0,520.0,514.973652,322.503043,329.41,31.772109,23.0
in cutie\Set frunze 2\sanatoasa,leaf_sample,healthy,940 2 verde.txt,in cutie\Set frunze 2\sanatoasa\spectru\940 2 verde.txt,940,940,520.0,530.0,525.066167,326.3625,324.37,30.456156,24.0
in cutie\Set frunze 2\sanatoasa,leaf_sample,healthy,940 2 verde.txt,in cutie\Set frunze 2\sanatoasa\spectru\940 2 verde.txt,940,940,530.0,540.0,535.131478,331.161739,329.41,35.008198,23.0
in cutie\Set frunze 2\sanatoasa,leaf_sample,healthy,940 2 verde.txt,in cutie\Set frunze 2\sanatoasa\spectru\940 2 verde.txt,940,940,540.0,550.0,544.956,344.093913,344.53,24.724746,23.0
in cutie\Set frunze 2\sanatoasa,leaf_sample,healthy,940 2 verde.txt,in cutie\Set frunze 2\sanatoasa\spectru\940 2 verde.txt,940,940,550.0,560.0,554.966667,330.248333,329.41,32.045554,24.0
in cutie\Set frunze 2\sanatoasa,leaf_sample,healthy,940 2 verde.txt,in cutie\Set frunze 2\sanatoasa\spectru\940 2 verde.txt,940,940,560.0,570.0,564.949739,323.050435,321.85,29.719853,23.0
in cutie\Set frunze 2\sanatoasa,leaf_sample,healthy,940 2 verde.txt,in cutie\Set frunze 2\sanatoasa\spectru\940 2 verde.txt,940,940,570.0,580.0,574.905,323.31625,320.59,39.452764,24.0
in cutie\Set frunze 2\sanatoasa,leaf_sample,healthy,940 2 verde.txt,in cutie\Set frunze 2\sanatoasa\spectru\940 2 verde.txt,940,940,580.0,590.0,585.043208,321.74125,320.59,32.657802,24.0
in cutie\Set frunze 2\sanatoasa,leaf_sample,healthy,940 2 verde.txt,in cutie\Set frunze 2\sanatoasa\spectru\940 2 verde.txt,940,940,590.0,600.0,595.152042,343.167083,339.49,35.505011,24.0
in cutie\Set frunze 2\sanatoasa,leaf_sample,healthy,940 2 verde.txt,in cutie\Set frunze 2\sanatoasa\spectru\940 2 verde.txt,940,940,600.0,610.0,605.02213,321.079565,321.85,29.791057,23.0
in cutie\Set frunze 2\sanatoasa,leaf_sample,healthy,940 2 verde.txt,in cutie\Set frunze 2\sanatoasa\spectru\940 2 verde.txt,940,940,610.0,620.0,614.863458,324.78625,321.85,27.405662,24.0
in cutie\Set frunze 2\sanatoasa,leaf_sample,healthy,940 2 verde.txt,in cutie\Set frunze 2\sanatoasa\spectru\940 2 verde.txt,940,940,620.0,630.0,624.885125,319.221667,321.85,33.538239,24.0
in cutie\Set frunze 2\sanatoasa,leaf_sample,healthy,940 2 verde.txt,in cutie\Set frunze 2\sanatoasa\spectru\940 2 verde.txt,940,940,630.0,640.0,634.876917,339.07125,330.67,33.062276,24.0
in cutie\Set frunze 2\sanatoasa,leaf_sample,healthy,940 2 verde.txt,in cutie\Set frunze 2\sanatoasa\spectru\940 2 verde.txt,940,940,640.0,650.0,644.83875,327.518333,326.89,31.802251,24.0
in cutie\Set frunze 2\sanatoasa,leaf_sample,healthy,940 2 verde.txt,in cutie\Set frunze 2\sanatoasa\spectru\940 2 verde.txt,940,940,650.0,660.0,654.97728,305.7148,314.28,35.308869,25.0
in cutie\Set frunze 2\sanatoasa,leaf_sample,healthy,940 2 verde.txt,in cutie\Set frunze 2\sanatoasa\spectru\940 2 verde.txt,940,940,660.0,670.0,665.084458,322.161667,319.33,28.42722,24.0
in cutie\Set frunze 2\sanatoasa,leaf_sample,healthy,940 2 verde.txt,in cutie\Set frunze 2\sanatoasa\spectru\940 2 verde.txt,940,940,670.0,680.0,674.95475,325.3125,326.89,31.74776,24.0
in cutie\Set frunze 2\sanatoasa,leaf_sample,healthy,940 2 verde.txt,in cutie\Set frunze 2\sanatoasa\spectru\940 2 verde.txt,940,940,680.0,690.0,684.9992,326.384,321.85,26.741946,25.0
in cutie\Set frunze 2\sanatoasa,leaf_sample,healthy,940 2 verde.txt,in cutie\Set frunze 2\sanatoasa\spectru\940 2 verde.txt,940,940,690.0,700.0,695.012,327.41375,329.41,31.507146,24.0
in cutie\Set frunze 2\sanatoasa,leaf_sample,healthy,940 2 verde.txt,in cutie\Set frunze 2\sanatoasa\spectru\940 2 verde.txt,940,940,700.0,710.0,704.99268,316.6044,316.81,32.948628,25.0
in cutie\Set frunze 2\sanatoasa,leaf_sample,healthy,940 2 verde.txt,in cutie\Set frunze 2\sanatoasa\spectru\940 2 verde.txt,940,940,710.0,720.0,714.9415,318.695,318.065,28.210844,24.0
in cutie\Set frunze 2\sanatoasa,leaf_sample,healthy,940 2 verde.txt,in cutie\Set frunze 2\sanatoasa\spectru\940 2 verde.txt,940,940,720.0,730.0,724.85784,338.5836,349.57,39.462111,25.0
in cutie\Set frunze 2\sanatoasa,leaf_sample,healthy,940 2 verde.txt,in cutie\Set frunze 2\sanatoasa\spectru\940 2 verde.txt,940,940,730.0,740.0,734.94336,326.3828,329.41,32.980043,25.0
in cutie\Set frunze 2\sanatoasa,leaf_sample,healthy,940 2 verde.txt,in cutie\Set frunze 2\sanatoasa\spectru\940 2 verde.txt,940,940,740.0,750.0,744.99528,325.4756,329.41,32.302738,25.0
in cutie\Set frunze 2\sanatoasa,leaf_sample,healthy,940 2 verde.txt,in cutie\Set frunze 2\sanatoasa\spectru\940 2 verde.txt,940,940,750.0,760.0,755.01288,342.8172,344.53,27.599696,25.0
in cutie\Set frunze 2\sanatoasa,leaf_sample,healthy,940 2 verde.txt,in cutie\Set frunze 2\sanatoasa\spectru\940 2 verde.txt,940,940,760.0,770.0,764.99664,312.5716,314.28,32.293832,25.0
in cutie\Set frunze 2\sanatoasa,leaf_sample,healthy,940 2 verde.txt,in cutie\Set frunze 2\sanatoasa\spectru\940 2 verde.txt,940,940,770.0,780.0,774.94604,309.3432,311.76,29.494024,25.0
in cutie\Set frunze 2\sanatoasa,leaf_sample,healthy,940 2 verde.txt,in cutie\Set frunze 2\sanatoasa\spectru\940 2 verde.txt,940,940,780.0,790.0,784.86132,315.7972,309.24,26.165821,25.0
in cutie\Set frunze 2\sanatoasa,leaf_sample,healthy,940 2 verde.txt,in cutie\Set frunze 2\sanatoasa\spectru\940 2 verde.txt,940,940,790.0,800.0,794.938962,311.957692,313.02,31.403726,26.0
in cutie\Set frunze 2\sanatoasa,leaf_sample,healthy,940 2 verde.txt,in cutie\Set frunze 2\sanatoasa\spectru\940 2 verde.txt,940,940,800.0,810.0,804.98072,330.7188,336.97,33.271797,25.0
in cutie\Set frunze 2\sanatoasa,leaf_sample,healthy,940 2 verde.txt,in cutie\Set frunze 2\sanatoasa\spectru\940 2 verde.txt,940,940,810.0,820.0,814.986231,324.657692,330.67,32.627672,26.0
in cutie\Set frunze 2\sanatoasa,leaf_sample,healthy,940 2 verde.txt,in cutie\Set frunze 2\sanatoasa\spectru\940 2 verde.txt,940,940,820.0,830.0,824.95548,331.324,331.93,37.163193,25.0
in cutie\Set frunze 2\sanatoasa,leaf_sample,healthy,940 2 verde.txt,in cutie\Set frunze 2\sanatoasa\spectru\940 2 verde.txt,940,940,830.0,840.0,834.888115,315.739615,307.985,39.329344,26.0
in cutie\Set frunze 2\sanatoasa,leaf_sample,healthy,940 2 verde.txt,in cutie\Set frunze 2\sanatoasa\spectru\940 2 verde.txt,940,940,840.0,850.0,844.977846,322.816923,319.33,34.779631,26.0
in cutie\Set frunze 2\sanatoasa,leaf_sample,healthy,940 2 verde.txt,in cutie\Set frunze 2\sanatoasa\spectru\940 2 verde.txt,940,940,850.0,860.0,855.029308,326.015385,324.37,33.643974,26.0
in cutie\Set frunze 2\sanatoasa,leaf_sample,healthy,940 2 verde.txt,in cutie\Set frunze 2\sanatoasa\spectru\940 2 verde.txt,940,940,860.0,870.0,865.042308,318.356538,324.37,26.602298,26.0
in cutie\Set frunze 2\sanatoasa,leaf_sample,healthy,940 2 verde.txt,in cutie\Set frunze 2\sanatoasa\spectru\940 2 verde.txt,940,940,870.0,880.0,875.016731,326.886923,328.15,33.592298,26.0
in cutie\Set frunze 2\sanatoasa,leaf_sample,healthy,940 2 verde.txt,in cutie\Set frunze 2\sanatoasa\spectru\940 2 verde.txt,940,940,880.0,890.0,884.952385,321.651923,328.15,35.570093,26.0
in cutie\Set frunze 2\sanatoasa,leaf_sample,healthy,940 2 verde.txt,in cutie\Set frunze 2\sanatoasa\spectru\940 2 verde.txt,940,940,890.0,900.0,895.039037,355.454074,319.33,172.85346,27.0
in cutie\Set frunze 2\sanatoasa,leaf_sample,healthy,940 2 verde.txt,in cutie\Set frunze 2\sanatoasa\spectru\940 2 verde.txt,940,940,900.0,910.0,905.085308,323.978077,325.63,34.374021,26.0
in cutie\Set frunze 2\sanatoasa,leaf_sample,healthy,940 2 verde.txt,in cutie\Set frunze 2\sanatoasa\spectru\940 2 verde.txt,940,940,910.0,920.0,915.090519,323.994074,329.41,29.567533,27.0
in cutie\Set frunze 2\sanatoasa,leaf_sample,healthy,940 2 verde.txt,in cutie\Set frunze 2\sanatoasa\spectru\940 2 verde.txt,940,940,920.0,930.0,925.055154,453.462692,477.025,53.190658,26.0
in cutie\Set frunze 2\sanatoasa,leaf_sample,healthy,940 2 verde.txt,in cutie\Set frunze 2\sanatoasa\spectru\940 2 verde.txt,940,940,930.0,940.0,934.97837,529.751852,532.4,13.528502,27.0
in cutie\Set frunze 2\sanatoasa,leaf_sample,healthy,940 2 verde.txt,in cutie\Set frunze 2\sanatoasa\spectru\940 2 verde.txt,940,940,940.0,950.0,945.046519,530.275556,528.82,13.251443,27.0
in cutie\Set frunze 2\sanatoasa,leaf_sample,healthy,940 2 verde.txt,in cutie\Set frunze 2\sanatoasa\spectru\940 2 verde.txt,940,940,950.0,960.0,955.071815,438.87963,438.36,65.336143,27.0
in cutie\Set frunze 2\sanatoasa,leaf_sample,healthy,940 2 verde.txt,in cutie\Set frunze 2\sanatoasa\spectru\940 2 verde.txt,940,940,960.0,970.0,965.053815,335.662593,339.49,36.631885,27.0
in cutie\Set frunze 2\sanatoasa,leaf_sample,healthy,940 2 verde.txt,in cutie\Set frunze 2\sanatoasa\spectru\940 2 verde.txt,940,940,970.0,980.0,974.992481,333.609259,326.89,33.10021,27.0
in cutie\Set frunze 2\sanatoasa,leaf_sample,healthy,940 2 verde.txt,in cutie\Set frunze 2\sanatoasa\spectru\940 2 verde.txt,940,940,980.0,990.0,984.887556,330.528148,326.89,35.793362,27.0
in cutie\Set frunze 2\sanatoasa,leaf_sample,healthy,940 2 verde.txt,in cutie\Set frunze 2\sanatoasa\spectru\940 2 verde.txt,940,940,990.0,1000.0,994.920964,325.897143,330.67,36.721137,28.0
in cutie\Set frunze 2\sanatoasa,leaf_sample,healthy,940 2 verde.txt,in cutie\Set frunze 2\sanatoasa\spectru\940 2 verde.txt,940,940,1000.0,1010.0,1005.09,306.451786,302.94,37.339723,28.0
in cutie\Set frunze 2\sanatoasa,leaf_sample,healthy,940 2 verde.txt,in cutie\Set frunze 2\sanatoasa\spectru\940 2 verde.txt,940,940,1010.0,1020.0,1015.031556,338.371481,331.93,38.978226,27.0
in cutie\Set frunze 2\sanatoasa,leaf_sample,healthy,940 2 verde.txt,in cutie\Set frunze 2\sanatoasa\spectru\940 2 verde.txt,940,940,1020.0,1030.0,1024.926857,313.565,318.07,33.425306,28.0
in cutie\Set frunze 2\sanatoasa,leaf_sample,healthy,940 2 verde.txt,in cutie\Set frunze 2\sanatoasa\spectru\940 2 verde.txt,940,940,1030.0,1040.0,1032.275,331.929231,326.89,29.459874,13.0
in cutie\Set frunze 2\sanatoasa,leaf_sample,healthy,fara filtru 2 verde.txt,in cutie\Set frunze 2\sanatoasa\spectru\fara filtru 2 verde.txt,fara,,180.0,190.0,188.705167,-119.36,-112.64,43.014255,6.0
in cutie\Set frunze 2\sanatoasa,leaf_sample,healthy,fara filtru 2 verde.txt,in cutie\Set frunze 2\sanatoasa\spectru\fara filtru 2 verde.txt,fara,,190.0,200.0,194.959762,47.958571,25.99,113.13505,21.0
in cutie\Set frunze 2\sanatoasa,leaf_sample,healthy,fara filtru 2 verde.txt,in cutie\Set frunze 2\sanatoasa\spectru\fara filtru 2 verde.txt,fara,,200.0,210.0,204.905818,306.350909,303.26,35.139681,22.0
in cutie\Set frunze 2\sanatoasa,leaf_sample,healthy,fara filtru 2 verde.txt,in cutie\Set frunze 2\sanatoasa\spectru\fara filtru 2 verde.txt,fara,,210.0,220.0,215.0625,283.549545,280.57,36.586799,22.0
in cutie\Set frunze 2\sanatoasa,leaf_sample,healthy,fara filtru 2 verde.txt,in cutie\Set frunze 2\sanatoasa\spectru\fara filtru 2 verde.txt,fara,,220.0,230.0,224.968333,289.692857,288.13,32.610366,21.0
in cutie\Set frunze 2\sanatoasa,leaf_sample,healthy,fara filtru 2 verde.txt,in cutie\Set frunze 2\sanatoasa\spectru\fara filtru 2 verde.txt,fara,,230.0,240.0,234.853682,281.717727,289.39,38.495571,22.0
in cutie\Set frunze 2\sanatoasa,leaf_sample,healthy,fara filtru 2 verde.txt,in cutie\Set frunze 2\sanatoasa\spectru\fara filtru 2 verde.txt,fara,,240.0,250.0,244.948455,307.495909,302.0,66.003372,22.0
in cutie\Set frunze 2\sanatoasa,leaf_sample,healthy,fara filtru 2 verde.txt,in cutie\Set frunze 2\sanatoasa\spectru\fara filtru 2 verde.txt,fara,,250.0,260.0,255.021727,304.860909,296.96,32.825086,22.0
in cutie\Set frunze 2\sanatoasa,leaf_sample,healthy,fara filtru 2 verde.txt,in cutie\Set frunze 2\sanatoasa\spectru\fara filtru 2 verde.txt,fara,,260.0,270.0,265.073818,300.735909,300.74,27.029839,22.0
in cutie\Set frunze 2\sanatoasa,leaf_sample,healthy,fara filtru 2 verde.txt,in cutie\Set frunze 2\sanatoasa\spectru\fara filtru 2 verde.txt,fara,,270.0,280.0,275.104455,287.905,289.39,37.46292,22.0
in cutie\Set frunze 2\sanatoasa,leaf_sample,healthy,fara filtru 2 verde.txt,in cutie\Set frunze 2\sanatoasa\spectru\fara filtru 2 verde.txt,fara,,280.0,290.0,285.113545,321.932273,322.16,33.505466,22.0
in cutie\Set frunze 2\sanatoasa,leaf_sample,healthy,fara filtru 2 verde.txt,in cutie\Set frunze 2\sanatoasa\spectru\fara filtru 2 verde.txt,fara,,290.0,300.0,295.101045,303.027273,305.78,29.017264,22.0
in cutie\Set frunze 2\sanatoasa,leaf_sample,healthy,fara filtru 2 verde.txt,in cutie\Set frunze 2\sanatoasa\spectru\fara filtru 2 verde.txt,fara,,300.0,310.0,305.066727,314.255455,313.34,34.798211,22.0
in cutie\Set frunze 2\sanatoasa,leaf_sample,healthy,fara filtru 2 verde.txt,in cutie\Set frunze 2\sanatoasa\spectru\fara filtru 2 verde.txt,fara,,310.0,320.0,315.010682,303.715455,305.78,34.416461,22.0
in cutie\Set frunze 2\sanatoasa,leaf_sample,healthy,fara filtru 2 verde.txt,in cutie\Set frunze 2\sanatoasa\spectru\fara filtru 2 verde.txt,fara,,320.0,330.0,324.932818,319.183182,318.38,25.877503,22.0
in cutie\Set frunze 2\sanatoasa,leaf_sample,healthy,fara filtru 2 verde.txt,in cutie\Set frunze 2\sanatoasa\spectru\fara filtru 2 verde.txt,fara,,330.0,340.0,334.832955,301.997273,305.78,25.635734,22.0
in cutie\Set frunze 2\sanatoasa,leaf_sample,healthy,fara filtru 2 verde.txt,in cutie\Set frunze 2\sanatoasa\spectru\fara filtru 2 verde.txt,fara,,340.0,350.0,344.935087,326.161739,310.82,69.757183,23.0
in cutie\Set frunze 2\sanatoasa,leaf_sample,healthy,fara filtru 2 verde.txt,in cutie\Set frunze 2\sanatoasa\spectru\fara filtru 2 verde.txt,fara,,350.0,360.0,355.014136,315.860455,309.56,32.837497,22.0
in cutie\Set frunze 2\sanatoasa,leaf_sample,healthy,fara filtru 2 verde.txt,in cutie\Set frunze 2\sanatoasa\spectru\fara filtru 2 verde.txt,fara,,360.0,370.0,365.069739,313.558261,318.38,27.349111,23.0
in cutie\Set frunze 2\sanatoasa,leaf_sample,healthy,fara filtru 2 verde.txt,in cutie\Set frunze 2\sanatoasa\spectru\fara filtru 2 verde.txt,fara,,370.0,380.0,375.102227,329.607727,323.42,36.437192,22.0
in cutie\Set frunze 2\sanatoasa,leaf_sample,healthy,fara filtru 2 verde.txt,in cutie\Set frunze 2\sanatoasa\spectru\fara filtru 2 verde.txt,fara,,380.0,390.0,385.110913,329.011304,315.86,48.007938,23.0
in cutie\Set frunze 2\sanatoasa,leaf_sample,healthy,fara filtru 2 verde.txt,in cutie\Set frunze 2\sanatoasa\spectru\fara filtru 2 verde.txt,fara,,390.0,400.0,395.096045,321.129091,318.38,35.621661,22.0
in cutie\Set frunze 2\sanatoasa,leaf_sample,healthy,fara filtru 2 verde.txt,in cutie\Set frunze 2\sanatoasa\spectru\fara filtru 2 verde.txt,fara,,400.0,410.0,405.057435,310.927826,318.38,28.828535,23.0
in cutie\Set frunze 2\sanatoasa,leaf_sample,healthy,fara filtru 2 verde.txt,in cutie\Set frunze 2\sanatoasa\spectru\fara filtru 2 verde.txt,fara,,410.0,420.0,414.995091,324.796818,318.38,38.428669,22.0
in cutie\Set frunze 2\sanatoasa,leaf_sample,healthy,fara filtru 2 verde.txt,in cutie\Set frunze 2\sanatoasa\spectru\fara filtru 2 verde.txt,fara,,420.0,430.0,424.908696,323.96913,330.98,33.438473,23.0
in cutie\Set frunze 2\sanatoasa,leaf_sample,healthy,fara filtru 2 verde.txt,in cutie\Set frunze 2\sanatoasa\spectru\fara filtru 2 verde.txt,fara,,430.0,440.0,435.01787,314.873913,318.38,34.899636,23.0
in cutie\Set frunze 2\sanatoasa,leaf_sample,healthy,fara filtru 2 verde.txt,in cutie\Set frunze 2\sanatoasa\spectru\fara filtru 2 verde.txt,fara,,440.0,450.0,445.101783,311.696087,313.34,40.95799,23.0
in cutie\Set frunze 2\sanatoasa,leaf_sample,healthy,fara filtru 2 verde.txt,in cutie\Set frunze 2\sanatoasa\spectru\fara filtru 2 verde.txt,fara,,450.0,460.0,455.160348,314.436087,308.3,27.499469,23.0
in cutie\Set frunze 2\sanatoasa,leaf_sample,healthy,fara filtru 2 verde.txt,in cutie\Set frunze 2\sanatoasa\spectru\fara filtru 2 verde.txt,fara,,460.0,470.0,465.193435,313.777826,313.34,29.447349,23.0
in cutie\Set frunze 2\sanatoasa,leaf_sample,healthy,fara filtru 2 verde.txt,in cutie\Set frunze 2\sanatoasa\spectru\fara filtru 2 verde.txt,fara,,470.0,480.0,475.201,313.448696,323.42,31.896363,23.0
in cutie\Set frunze 2\sanatoasa,leaf_sample,healthy,fara filtru 2 verde.txt,in cutie\Set frunze 2\sanatoasa\spectru\fara filtru 2 verde.txt,fara,,480.0,490.0,485.182913,313.229565,315.86,32.03343,23.0
in cutie\Set frunze 2\sanatoasa,leaf_sample,healthy,fara filtru 2 verde.txt,in cutie\Set frunze 2\sanatoasa\spectru\fara filtru 2 verde.txt,fara,,490.0,500.0,495.139043,314.215652,313.34,34.788191,23.0
in cutie\Set frunze 2\sanatoasa,leaf_sample,healthy,fara filtru 2 verde.txt,in cutie\Set frunze 2\sanatoasa\spectru\fara filtru 2 verde.txt,fara,,500.0,510.0,505.069348,327.147391,315.86,38.60669,23.0
in cutie\Set frunze 2\sanatoasa,leaf_sample,healthy,fara filtru 2 verde.txt,in cutie\Set frunze 2\sanatoasa\spectru\fara filtru 2 verde.txt,fara,,510.0,520.0,514.973652,331.75087,325.94,38.430391,23.0
in cutie\Set frunze 2\sanatoasa,leaf_sample,healthy,fara filtru 2 verde.txt,in cutie\Set frunze 2\sanatoasa\spectru\fara filtru 2 verde.txt,fara,,520.0,530.0,525.066167,346.735833,354.93,24.763703,24.0
in cutie\Set frunze 2\sanatoasa,leaf_sample,healthy,fara filtru 2 verde.txt,in cutie\Set frunze 2\sanatoasa\spectru\fara filtru 2 verde.txt,fara,,530.0,540.0,535.131478,362.873478,363.75,28.024314,23.0
in cutie\Set frunze 2\sanatoasa,leaf_sample,healthy,fara filtru 2 verde.txt,in cutie\Set frunze 2\sanatoasa\spectru\fara filtru 2 verde.txt,fara,,540.0,550.0,544.956,363.203913,361.23,34.704466,23.0
in cutie\Set frunze 2\sanatoasa,leaf_sample,healthy,fara filtru 2 verde.txt,in cutie\Set frunze 2\sanatoasa\spectru\fara filtru 2 verde.txt,fara,,550.0,560.0,554.966667,367.0075,375.09,33.220198,24.0
in cutie\Set frunze 2\sanatoasa,leaf_sample,healthy,fara filtru 2 verde.txt,in cutie\Set frunze 2\sanatoasa\spectru\fara filtru 2 verde.txt,fara,,560.0,570.0,564.949739,367.914783,368.79,39.187142,23.0
in cutie\Set frunze 2\sanatoasa,leaf_sample,healthy,fara filtru 2 verde.txt,in cutie\Set frunze 2\sanatoasa\spectru\fara filtru 2 verde.txt,fara,,570.0,580.0,574.905,365.850833,370.05,35.918431,24.0
in cutie\Set frunze 2\sanatoasa,leaf_sample,healthy,fara filtru 2 verde.txt,in cutie\Set frunze 2\sanatoasa\spectru\fara filtru 2 verde.txt,fara,,580.0,590.0,585.043208,362.910417,356.19,35.480927,24.0
in cutie\Set frunze 2\sanatoasa,leaf_sample,healthy,fara filtru 2 verde.txt,in cutie\Set frunze 2\sanatoasa\spectru\fara filtru 2 verde.txt,fara,,590.0,600.0,595.152042,343.79625,344.85,33.201157,24.0
in cutie\Set frunze 2\sanatoasa,leaf_sample,healthy,fara filtru 2 verde.txt,in cutie\Set frunze 2\sanatoasa\spectru\fara filtru 2 verde.txt,fara,,600.0,610.0,605.02213,347.421739,346.11,43.19913,23.0
in cutie\Set frunze 2\sanatoasa,leaf_sample,healthy,fara filtru 2 verde.txt,in cutie\Set frunze 2\sanatoasa\spectru\fara filtru 2 verde.txt,fara,,610.0,620.0,614.863458,326.67875,324.68,30.66836,24.0
in cutie\Set frunze 2\sanatoasa,leaf_sample,healthy,fara filtru 2 verde.txt,in cutie\Set frunze 2\sanatoasa\spectru\fara filtru 2 verde.txt,fara,,620.0,630.0,624.885125,340.960417,338.54,37.254405,24.0
in cutie\Set frunze 2\sanatoasa,leaf_sample,healthy,fara filtru 2 verde.txt,in cutie\Set frunze 2\sanatoasa\spectru\fara filtru 2 verde.txt,fara,,630.0,640.0,634.876917,347.367917,346.11,40.947347,24.0
in cutie\Set frunze 2\sanatoasa,leaf_sample,healthy,fara filtru 2 verde.txt,in cutie\Set frunze 2\sanatoasa\spectru\fara filtru 2 verde.txt,fara,,640.0,650.0,644.83875,337.705,341.065,29.704637,24.0
in cutie\Set frunze 2\sanatoasa,leaf_sample,healthy,fara filtru 2 verde.txt,in cutie\Set frunze 2\sanatoasa\spectru\fara filtru 2 verde.txt,fara,,650.0,660.0,654.97728,328.2616,328.46,30.278592,25.0
in cutie\Set frunze 2\sanatoasa,leaf_sample,healthy,fara filtru 2 verde.txt,in cutie\Set frunze 2\sanatoasa\spectru\fara filtru 2 verde.txt,fara,,660.0,670.0,665.084458,319.955833,318.38,33.293746,24.0
in cutie\Set frunze 2\sanatoasa,leaf_sample,healthy,fara filtru 2 verde.txt,in cutie\Set frunze 2\sanatoasa\spectru\fara filtru 2 verde.txt,fara,,670.0,680.0,674.95475,312.709583,314.6,31.543097,24.0
in cutie\Set frunze 2\sanatoasa,leaf_sample,healthy,fara filtru 2 verde.txt,in cutie\Set frunze 2\sanatoasa\spectru\fara filtru 2 verde.txt,fara,,680.0,690.0,684.9992,331.286,330.98,40.444174,25.0
in cutie\Set frunze 2\sanatoasa,leaf_sample,healthy,fara filtru 2 verde.txt,in cutie\Set frunze 2\sanatoasa\spectru\fara filtru 2 verde.txt,fara,,690.0,700.0,695.012,351.5675,348.63,39.215739,24.0
in cutie\Set frunze 2\sanatoasa,leaf_sample,healthy,fara filtru 2 verde.txt,in cutie\Set frunze 2\sanatoasa\spectru\fara filtru 2 verde.txt,fara,,700.0,710.0,704.99268,405.996,409.12,39.003975,25.0
in cutie\Set frunze 2\sanatoasa,leaf_sample,healthy,fara filtru 2 verde.txt,in cutie\Set frunze 2\sanatoasa\spectru\fara filtru 2 verde.txt,fara,,710.0,720.0,714.9415,480.01125,488.52,45.243367,24.0
in cutie\Set frunze 2\sanatoasa,leaf_sample,healthy,fara filtru 2 verde.txt,in cutie\Set frunze 2\sanatoasa\spectru\fara filtru 2 verde.txt,fara,,720.0,730.0,724.85784,535.452,532.63,38.802306,25.0
in cutie\Set frunze 2\sanatoasa,leaf_sample,healthy,fara filtru 2 verde.txt,in cutie\Set frunze 2\sanatoasa\spectru\fara filtru 2 verde.txt,fara,,730.0,740.0,734.94336,581.5284,578.0,39.872912,25.0
in cutie\Set frunze 2\sanatoasa,leaf_sample,healthy,fara filtru 2 verde.txt,in cutie\Set frunze 2\sanatoasa\spectru\fara filtru 2 verde.txt,fara,,740.0,750.0,744.99528,615.3044,615.81,44.57888,25.0
in cutie\Set frunze 2\sanatoasa,leaf_sample,healthy,fara filtru 2 verde.txt,in cutie\Set frunze 2\sanatoasa\spectru\fara filtru 2 verde.txt,fara,,750.0,760.0,755.01288,613.8932,615.81,55.82343,25.0
in cutie\Set frunze 2\sanatoasa,leaf_sample,healthy,fara filtru 2 verde.txt,in cutie\Set frunze 2\sanatoasa\spectru\fara filtru 2 verde.txt,fara,,760.0,770.0,764.99664,598.366,598.16,44.447919,25.0
in cutie\Set frunze 2\sanatoasa,leaf_sample,healthy,fara filtru 2 verde.txt,in cutie\Set frunze 2\sanatoasa\spectru\fara filtru 2 verde.txt,fara,,770.0,780.0,774.94604,587.6792,595.64,39.000545,25.0
in cutie\Set frunze 2\sanatoasa,leaf_sample,healthy,fara filtru 2 verde.txt,in cutie\Set frunze 2\sanatoasa\spectru\fara filtru 2 verde.txt,fara,,780.0,790.0,784.86132,569.0264,578.0,48.792419,25.0
in cutie\Set frunze 2\sanatoasa,leaf_sample,healthy,fara filtru 2 verde.txt,in cutie\Set frunze 2\sanatoasa\spectru\fara filtru 2 verde.txt,fara,,790.0,800.0,794.938962,544.748077,541.45,23.592876,26.0
in cutie\Set frunze 2\sanatoasa,leaf_sample,healthy,fara filtru 2 verde.txt,in cutie\Set frunze 2\sanatoasa\spectru\fara filtru 2 verde.txt,fara,,800.0,810.0,804.98072,547.4508,557.84,39.245268,25.0
in cutie\Set frunze 2\sanatoasa,leaf_sample,healthy,fara filtru 2 verde.txt,in cutie\Set frunze 2\sanatoasa\spectru\fara filtru 2 verde.txt,fara,,810.0,820.0,814.986231,523.322692,518.77,38.321684,26.0
in cutie\Set frunze 2\sanatoasa,leaf_sample,healthy,fara filtru 2 verde.txt,in cutie\Set frunze 2\sanatoasa\spectru\fara filtru 2 verde.txt,fara,,820.0,830.0,824.95548,510.5484,509.94,38.380645,25.0
in cutie\Set frunze 2\sanatoasa,leaf_sample,healthy,fara filtru 2 verde.txt,in cutie\Set frunze 2\sanatoasa\spectru\fara filtru 2 verde.txt,fara,,830.0,840.0,834.888115,499.571923,513.725,45.356501,26.0
in cutie\Set frunze 2\sanatoasa,leaf_sample,healthy,fara filtru 2 verde.txt,in cutie\Set frunze 2\sanatoasa\spectru\fara filtru 2 verde.txt,fara,,840.0,850.0,844.977846,489.974231,491.04,42.101568,26.0
in cutie\Set frunze 2\sanatoasa,leaf_sample,healthy,fara filtru 2 verde.txt,in cutie\Set frunze 2\sanatoasa\spectru\fara filtru 2 verde.txt,fara,,850.0,860.0,855.029308,583.734231,584.215,1.414241,26.0
in cutie\Set frunze 2\sanatoasa,leaf_sample,healthy,fara filtru 2 verde.txt,in cutie\Set frunze 2\sanatoasa\spectru\fara filtru 2 verde.txt,fara,,860.0,870.0,865.042308,585.185385,583.18,4.414968,26.0
in cutie\Set frunze 2\sanatoasa,leaf_sample,healthy,fara filtru 2 verde.txt,in cutie\Set frunze 2\sanatoasa\spectru\fara filtru 2 verde.txt,fara,,870.0,880.0,875.016731,595.848846,596.685,2.243693,26.0
in cutie\Set frunze 2\sanatoasa,leaf_sample,healthy,fara filtru 2 verde.txt,in cutie\Set frunze 2\sanatoasa\spectru\fara filtru 2 verde.txt,fara,,880.0,890.0,884.952385,578.611538,577.92,5.778743,26.0
in cutie\Set frunze 2\sanatoasa,leaf_sample,healthy,fara filtru 2 verde.txt,in cutie\Set frunze 2\sanatoasa\spectru\fara filtru 2 verde.txt,fara,,890.0,900.0,895.039037,571.14963,571.02,0.989547,27.0
in cutie\Set frunze 2\sanatoasa,leaf_sample,healthy,fara filtru 2 verde.txt,in cutie\Set frunze 2\sanatoasa\spectru\fara filtru 2 verde.txt,fara,,900.0,910.0,905.085308,559.758846,558.925,5.558412,26.0
in cutie\Set frunze 2\sanatoasa,leaf_sample,healthy,fara filtru 2 verde.txt,in cutie\Set frunze 2\sanatoasa\spectru\fara filtru 2 verde.txt,fara,,910.0,920.0,915.090519,554.84037,553.01,3.21117,27.0
in cutie\Set frunze 2\sanatoasa,leaf_sample,healthy,fara filtru 2 verde.txt,in cutie\Set frunze 2\sanatoasa\spectru\fara filtru 2 verde.txt,fara,,920.0,930.0,925.055154,567.758462,568.6,2.366129,26.0
in cutie\Set frunze 2\sanatoasa,leaf_sample,healthy,fara filtru 2 verde.txt,in cutie\Set frunze 2\sanatoasa\spectru\fara filtru 2 verde.txt,fara,,930.0,940.0,934.97837,574.695556,572.43,5.309638,27.0
in cutie\Set frunze 2\sanatoasa,leaf_sample,healthy,fara filtru 2 verde.txt,in cutie\Set frunze 2\sanatoasa\spectru\fara filtru 2 verde.txt,fara,,940.0,950.0,945.046519,594.279259,596.28,3.443068,27.0
in cutie\Set frunze 2\sanatoasa,leaf_sample,healthy,fara filtru 2 verde.txt,in cutie\Set frunze 2\sanatoasa\spectru\fara filtru 2 verde.txt,fara,,950.0,960.0,955.071815,588.555926,587.99,3.162444,27.0
in cutie\Set frunze 2\sanatoasa,leaf_sample,healthy,fara filtru 2 verde.txt,in cutie\Set frunze 2\sanatoasa\spectru\fara filtru 2 verde.txt,fara,,960.0,970.0,965.053815,586.729259,587.28,2.632877,27.0
in cutie\Set frunze 2\sanatoasa,leaf_sample,healthy,fara filtru 2 verde.txt,in cutie\Set frunze 2\sanatoasa\spectru\fara filtru 2 verde.txt,fara,,970.0,980.0,974.992481,568.922963,569.18,6.866532,27.0
in cutie\Set frunze 2\sanatoasa,leaf_sample,healthy,fara filtru 2 verde.txt,in cutie\Set frunze 2\sanatoasa\spectru\fara filtru 2 verde.txt,fara,,980.0,990.0,984.887556,557.003704,556.78,2.436768,27.0
in cutie\Set frunze 2\sanatoasa,leaf_sample,healthy,fara filtru 2 verde.txt,in cutie\Set frunze 2\sanatoasa\spectru\fara filtru 2 verde.txt,fara,,990.0,1000.0,994.920964,558.618214,557.79,2.922421,28.0
in cutie\Set frunze 2\sanatoasa,leaf_sample,healthy,fara filtru 2 verde.txt,in cutie\Set frunze 2\sanatoasa\spectru\fara filtru 2 verde.txt,fara,,1000.0,1010.0,1005.09,562.02,560.695,6.472791,28.0
in cutie\Set frunze 2\sanatoasa,leaf_sample,healthy,fara filtru 2 verde.txt,in cutie\Set frunze 2\sanatoasa\spectru\fara filtru 2 verde.txt,fara,,1010.0,1020.0,1015.031556,585.515185,586.31,3.279592,27.0
in cutie\Set frunze 2\sanatoasa,leaf_sample,healthy,fara filtru 2 verde.txt,in cutie\Set frunze 2\sanatoasa\spectru\fara filtru 2 verde.txt,fara,,1020.0,1030.0,1024.926857,588.112857,587.47,2.172306,28.0
in cutie\Set frunze 2\sanatoasa,leaf_sample,healthy,fara filtru 2 verde.txt,in cutie\Set frunze 2\sanatoasa\spectru\fara filtru 2 verde.txt,fara,,1030.0,1040.0,1032.275,596.745385,597.35,1.852232,13.0
in cutie,source,source,spectru sursa.txt,in cutie\spectru sursa.txt,spectru sursa,,180.0,190.0,188.705167,-92.84,-90.74,3.685485,6.0
in cutie,source,source,spectru sursa.txt,in cutie\spectru sursa.txt,spectru sursa,,190.0,200.0,194.959762,74.417143,25.21,156.663954,21.0
in cutie,source,source,spectru sursa.txt,in cutie\spectru sursa.txt,spectru sursa,,200.0,210.0,204.905818,491.856818,502.855,32.138137,22.0
in cutie,source,source,spectru sursa.txt,in cutie\spectru sursa.txt,spectru sursa,,210.0,220.0,215.0625,477.534545,480.17,35.999171,22.0
in cutie,source,source,spectru sursa.txt,in cutie\spectru sursa.txt,spectru sursa,,220.0,230.0,224.968333,457.664286,456.22,38.905143,21.0
in cutie,source,source,spectru sursa.txt,in cutie\spectru sursa.txt,spectru sursa,,230.0,240.0,234.853682,458.516364,466.31,38.876968,22.0
in cutie,source,source,spectru sursa.txt,in cutie\spectru sursa.txt,spectru sursa,,240.0,250.0,244.948455,476.503182,475.13,45.740311,22.0
in cutie,source,source,spectru sursa.txt,in cutie\spectru sursa.txt,spectru sursa,,250.0,260.0,255.021727,470.431818,471.35,28.000769,22.0
in cutie,source,source,spectru sursa.txt,in cutie\spectru sursa.txt,spectru sursa,,260.0,270.0,265.073818,478.680909,482.69,44.064457,22.0
in cutie,source,source,spectru sursa.txt,in cutie\spectru sursa.txt,spectru sursa,,270.0,280.0,275.104455,490.136364,486.47,47.834558,22.0
in cutie,source,source,spectru sursa.txt,in cutie\spectru sursa.txt,spectru sursa,,280.0,290.0,285.113545,484.867273,487.73,30.385851,22.0
in cutie,source,source,spectru sursa.txt,in cutie\spectru sursa.txt,spectru sursa,,290.0,300.0,295.101045,481.887727,483.95,34.154468,22.0
in cutie,source,source,spectru sursa.txt,in cutie\spectru sursa.txt,spectru sursa,,300.0,310.0,305.066727,501.593636,496.55,35.231266,22.0
in cutie,source,source,spectru sursa.txt,in cutie\spectru sursa.txt,spectru sursa,,310.0,320.0,315.010682,539.289545,538.14,31.394613,22.0
in cutie,source,source,spectru sursa.txt,in cutie\spectru sursa.txt,spectru sursa,,320.0,330.0,324.932818,557.162273,540.66,38.070984,22.0
in cutie,source,source,spectru sursa.txt,in cutie\spectru sursa.txt,spectru sursa,,330.0,340.0,334.832955,608.605,604.94,48.255912,22.0
in cutie,source,source,spectru sursa.txt,in cutie\spectru sursa.txt,spectru sursa,,340.0,350.0,344.935087,728.776522,738.53,62.019084,23.0
in cutie,source,source,spectru sursa.txt,in cutie\spectru sursa.txt,spectru sursa,,350.0,360.0,355.014136,849.32,849.43,54.020119,22.0
in cutie,source,source,spectru sursa.txt,in cutie\spectru sursa.txt,spectru sursa,,360.0,370.0,365.069739,1009.764783,1008.23,58.452503,23.0
in cutie,source,source,spectru sursa.txt,in cutie\spectru sursa.txt,spectru sursa,,370.0,380.0,375.102227,1238.519545,1237.6,70.450906,22.0
in cutie,source,source,spectru sursa.txt,in cutie\spectru sursa.txt,spectru sursa,,380.0,390.0,385.110913,1488.565652,1504.78,97.180896,23.0
in cutie,source,source,spectru sursa.txt,in cutie\spectru sursa.txt,spectru sursa,,390.0,400.0,395.096045,1766.123182,1778.27,79.595998,22.0
in cutie,source,source,spectru sursa.txt,in cutie\spectru sursa.txt,spectru sursa,,400.0,410.0,405.057435,2082.763913,2124.85,155.952831,23.0
in cutie,source,source,spectru sursa.txt,in cutie\spectru sursa.txt,spectru sursa,,410.0,420.0,414.995091,2518.858182,2530.655,108.583292,22.0
in cutie,source,source,spectru sursa.txt,in cutie\spectru sursa.txt,spectru sursa,,420.0,430.0,424.908696,2929.130435,2908.75,197.013472,23.0
in cutie,source,source,spectru sursa.txt,in cutie\spectru sursa.txt,spectru sursa,,430.0,440.0,435.01787,3635.768696,3654.84,251.814509,23.0
in cutie,source,source,spectru sursa.txt,in cutie\spectru sursa.txt,spectru sursa,,440.0,450.0,445.101783,4335.391739,4340.43,193.821797,23.0
in cutie,source,source,spectru sursa.txt,in cutie\spectru sursa.txt,spectru sursa,,450.0,460.0,455.160348,5212.115217,5141.98,409.651381,23.0
in cutie,source,source,spectru sursa.txt,in cutie\spectru sursa.txt,spectru sursa,,460.0,470.0,465.193435,6947.257826,6931.59,658.692869,23.0
in cutie,source,source,spectru sursa.txt,in cutie\spectru sursa.txt,spectru sursa,,470.0,480.0,475.201,9947.072174,10016.77,1093.902201,23.0
in cutie,source,source,spectru sursa.txt,in cutie\spectru sursa.txt,spectru sursa,,480.0,490.0,485.182913,14323.67087,14427.78,1387.30907,23.0
in cutie,source,source,spectru sursa.txt,in cutie\spectru sursa.txt,spectru sursa,,490.0,500.0,495.139043,18571.72,18758.13,1077.151599,23.0
in cutie,source,source,spectru sursa.txt,in cutie\spectru sursa.txt,spectru sursa,,500.0,510.0,505.069348,21786.88,21956.75,797.525546,23.0
in cutie,source,source,spectru sursa.txt,in cutie\spectru sursa.txt,spectru sursa,,510.0,520.0,514.973652,24623.845217,24653.76,948.003359,23.0
in cutie,source,source,spectru sursa.txt,in cutie\spectru sursa.txt,spectru sursa,,520.0,530.0,525.066167,27723.93125,27687.28,927.925331,24.0
in cutie,source,source,spectru sursa.txt,in cutie\spectru sursa.txt,spectru sursa,,530.0,540.0,535.131478,30560.241739,30768.68,875.180269,23.0
in cutie,source,source,spectru sursa.txt,in cutie\spectru sursa.txt,spectru sursa,,540.0,550.0,544.956,33129.586522,33029.64,670.961134,23.0
in cutie,source,source,spectru sursa.txt,in cutie\spectru sursa.txt,spectru sursa,,550.0,560.0,554.966667,35017.22,34899.91,729.351951,24.0
in cutie,source,source,spectru sursa.txt,in cutie\spectru sursa.txt,spectru sursa,,560.0,570.0,564.949739,38568.662174,38917.71,1327.27823,23.0
in cutie,source,source,spectru sursa.txt,in cutie\spectru sursa.txt,spectru sursa,,570.0,580.0,574.905,39987.0625,39977.61,296.081505,24.0
in cutie,source,source,spectru sursa.txt,in cutie\spectru sursa.txt,spectru sursa,,580.0,590.0,585.043208,40028.546667,40087.255,309.840856,24.0
in cutie,source,source,spectru sursa.txt,in cutie\spectru sursa.txt,spectru sursa,,590.0,600.0,595.152042,40640.416667,40459.045,451.508665,24.0
in cutie,source,source,spectru sursa.txt,in cutie\spectru sursa.txt,spectru sursa,,600.0,610.0,605.02213,43832.175217,43855.52,1491.855575,23.0
in cutie,source,source,spectru sursa.txt,in cutie\spectru sursa.txt,spectru sursa,,610.0,620.0,614.863458,45220.620833,45273.345,782.041391,24.0
in cutie,source,source,spectru sursa.txt,in cutie\spectru sursa.txt,spectru sursa,,620.0,630.0,624.885125,42422.255417,42372.16,662.091542,24.0
in cutie,source,source,spectru sursa.txt,in cutie\spectru sursa.txt,spectru sursa,,630.0,640.0,634.876917,41401.946667,41382.835,233.90555,24.0
in cutie,source,source,spectru sursa.txt,in cutie\spectru sursa.txt,spectru sursa,,640.0,650.0,644.83875,40774.7425,40733.785,281.293302,24.0
in cutie,source,source,spectru sursa.txt,in cutie\spectru sursa.txt,spectru sursa,,650.0,660.0,654.97728,39867.3592,39903.25,340.351963,25.0
in cutie,source,source,spectru sursa.txt,in cutie\spectru sursa.txt,spectru sursa,,660.0,670.0,665.084458,38875.698333,38883.68,416.046704,24.0
in cutie,source,source,spectru sursa.txt,in cutie\spectru sursa.txt,spectru sursa,,670.0,680.0,674.95475,38037.605833,38031.725,332.612303,24.0
in cutie,source,source,spectru sursa.txt,in cutie\spectru sursa.txt,spectru sursa,,680.0,690.0,684.9992,37173.9736,37165.91,314.312827,25.0
in cutie,source,source,spectru sursa.txt,in cutie\spectru sursa.txt,spectru sursa,,690.0,700.0,695.012,36296.5175,36293.785,364.116599,24.0
in cutie,source,source,spectru sursa.txt,in cutie\spectru sursa.txt,spectru sursa,,700.0,710.0,704.99268,35427.4148,35446.87,341.317577,25.0
in cutie,source,source,spectru sursa.txt,in cutie\spectru sursa.txt,spectru sursa,,710.0,720.0,714.9415,34056.67,34148.775,452.758881,24.0
in cutie,source,source,spectru sursa.txt,in cutie\spectru sursa.txt,spectru sursa,,720.0,730.0,724.85784,31968.5792,31918.07,530.563009,25.0
in cutie,source,source,spectru sursa.txt,in cutie\spectru sursa.txt,spectru sursa,,730.0,740.0,734.94336,30751.1388,30685.5,382.176308,25.0
in cutie,source,source,spectru sursa.txt,in cutie\spectru sursa.txt,spectru sursa,,740.0,750.0,744.99528,30752.652,30831.7,460.819097,25.0
in cutie,source,source,spectru sursa.txt,in cutie\spectru sursa.txt,spectru sursa,,750.0,760.0,755.01288,29236.0708,29299.19,1143.550031,25.0
in cutie,source,source,spectru sursa.txt,in cutie\spectru sursa.txt,spectru sursa,,760.0,770.0,764.99664,25887.8376,25833.39,787.07011,25.0
in cutie,source,source,spectru sursa.txt,in cutie\spectru sursa.txt,spectru sursa,,770.0,780.0,774.94604,23982.9868,23884.99,510.913982,25.0
in cutie,source,source,spectru sursa.txt,in cutie\spectru sursa.txt,spectru sursa,,780.0,790.0,784.86132,22385.748,22304.59,399.029903,25.0
in cutie,source,source,spectru sursa.txt,in cutie\spectru sursa.txt,spectru sursa,,790.0,800.0,794.938962,20895.873846,20903.145,495.179178,26.0
in cutie,source,source,spectru sursa.txt,in cutie\spectru sursa.txt,spectru sursa,,800.0,810.0,804.98072,19462.686,19486.58,473.524335,25.0
in cutie,source,source,spectru sursa.txt,in cutie\spectru sursa.txt,spectru sursa,,810.0,820.0,814.986231,17960.758462,18003.22,473.14306,26.0
in cutie,source,source,spectru sursa.txt,in cutie\spectru sursa.txt,spectru sursa,,820.0,830.0,824.95548,16384.8584,16318.21,436.890689,25.0
in cutie,source,source,spectru sursa.txt,in cutie\spectru sursa.txt,spectru sursa,,830.0,840.0,834.888115,14833.886154,14760.5,456.760359,26.0
in cutie,source,source,spectru sursa.txt,in cutie\spectru sursa.txt,spectru sursa,,840.0,850.0,844.977846,13321.055385,13269.575,478.585008,26.0
in cutie,source,source,spectru sursa.txt,in cutie\spectru sursa.txt,spectru sursa,,850.0,860.0,855.029308,11968.280769,11913.505,369.982658,26.0
in cutie,source,source,spectru sursa.txt,in cutie\spectru sursa.txt,spectru sursa,,860.0,870.0,865.042308,10684.24,10694.81,443.262096,26.0
in cutie,source,source,spectru sursa.txt,in cutie\spectru sursa.txt,spectru sursa,,870.0,880.0,875.016731,9444.892692,9371.505,352.576141,26.0
in cutie,source,source,spectru sursa.txt,in cutie\spectru sursa.txt,spectru sursa,,880.0,890.0,884.952385,8438.116154,8476.7,290.874618,26.0
in cutie,source,source,spectru sursa.txt,in cutie\spectru sursa.txt,spectru sursa,,890.0,900.0,895.039037,7896.967778,7884.36,170.174784,27.0
in cutie,source,source,spectru sursa.txt,in cutie\spectru sursa.txt,spectru sursa,,900.0,910.0,905.085308,9004.761154,9085.42,329.852647,26.0
in cutie,source,source,spectru sursa.txt,in cutie\spectru sursa.txt,spectru sursa,,910.0,920.0,915.090519,7713.804444,7576.85,792.002741,27.0
in cutie,source,source,spectru sursa.txt,in cutie\spectru sursa.txt,spectru sursa,,920.0,930.0,925.055154,5578.036154,5521.32,459.236741,26.0
in cutie,source,source,spectru sursa.txt,in cutie\spectru sursa.txt,spectru sursa,,930.0,940.0,934.97837,3986.712222,4063.17,604.452371,27.0
in cutie,source,source,spectru sursa.txt,in cutie\spectru sursa.txt,spectru sursa,,940.0,950.0,945.046519,2486.222963,2429.84,156.779567,27.0
in cutie,source,source,spectru sursa.txt,in cutie\spectru sursa.txt,spectru sursa,,950.0,960.0,955.071815,2491.263704,2500.41,58.093406,27.0
in cutie,source,source,spectru sursa.txt,in cutie\spectru sursa.txt,spectru sursa,,960.0,970.0,965.053815,2375.036667,2371.86,81.079154,27.0
in cutie,source,source,spectru sursa.txt,in cutie\spectru sursa.txt,spectru sursa,,970.0,980.0,974.992481,2112.71037,2112.24,130.632857,27.0
in cutie,source,source,spectru sursa.txt,in cutie\spectru sursa.txt,spectru sursa,,980.0,990.0,984.887556,1764.87,1774.49,103.307858,27.0
in cutie,source,source,spectru sursa.txt,in cutie\spectru sursa.txt,spectru sursa,,990.0,1000.0,994.920964,1468.506071,1475.8,94.338142,28.0
in cutie,source,source,spectru sursa.txt,in cutie\spectru sursa.txt,spectru sursa,,1000.0,1010.0,1005.09,1178.099286,1190.97,79.947703,28.0
in cutie,source,source,spectru sursa.txt,in cutie\spectru sursa.txt,spectru sursa,,1010.0,1020.0,1015.031556,949.323333,970.42,69.960084,27.0
in cutie,source,source,spectru sursa.txt,in cutie\spectru sursa.txt,spectru sursa,,1020.0,1030.0,1024.926857,780.028571,777.6,61.977161,28.0
in cutie,source,source,spectru sursa.txt,in cutie\spectru sursa.txt,spectru sursa,,1030.0,1040.0,1032.275,679.391538,675.51,17.11299,13.0
